Ax,Ay,Az,Gx,Gy,Gz,Label
-0.019,0.001,1.032,0.639,-2.870,-0.114,Idle
-0.017,0.002,1.031,0.717,-2.993,-0.131,Idle
-0.015,0.003,1.034,0.717,-2.957,-0.131,Idle
-0.015,0.003,1.031,0.683,-2.949,-0.140,Idle
-0.015,0.006,1.046,0.717,-2.975,-0.123,Idle
-0.018,0.000,1.028,0.621,-2.949,-0.105,Idle
-0.016,0.005,1.026,0.656,-2.914,-0.123,Idle
-0.016,0.003,1.031,0.691,-2.931,-0.114,Idle
-0.016,0.001,1.032,0.726,-2.896,-0.096,Idle
-0.017,-0.000,1.030,0.761,-2.914,-0.149,Idle
-0.018,-0.001,1.027,0.656,-2.940,-0.079,Idle
-0.016,0.002,1.034,0.700,-2.949,-0.096,Idle
-0.016,0.002,1.033,0.674,-2.940,-0.140,Idle
-0.018,0.000,1.028,0.683,-2.949,-0.131,Idle
-0.017,0.002,1.033,0.665,-2.905,-0.114,Idle
-0.016,0.002,1.036,0.647,-2.931,-0.114,Idle
-0.016,0.003,1.035,0.735,-2.914,-0.096,Idle
-0.016,0.003,1.034,0.674,-2.922,-0.096,Idle
-0.017,0.002,1.032,0.691,-2.931,-0.114,Idle
-0.017,0.002,1.034,0.674,-2.949,-0.123,Idle
-0.017,0.002,1.035,0.683,-2.957,-0.157,Idle
-0.017,0.003,1.033,0.647,-2.949,-0.105,Idle
-0.017,0.002,1.034,0.717,-2.931,-0.096,Idle
-0.016,0.002,1.034,0.683,-2.940,-0.105,Idle
-0.016,0.003,1.035,0.656,-2.931,-0.114,Idle
-0.016,0.003,1.033,0.656,-2.957,-0.096,Idle
-0.016,0.003,1.033,0.691,-2.922,-0.157,Idle
-0.016,0.002,1.034,0.639,-2.914,-0.079,Idle
-0.017,0.003,1.034,0.674,-2.914,-0.166,Idle
-0.016,0.002,1.034,0.700,-2.949,-0.105,Idle
-0.016,0.003,1.034,0.639,-2.931,-0.140,Idle
-0.017,0.002,1.034,0.656,-2.905,-0.105,Idle
-0.016,0.003,1.034,0.691,-2.931,-0.105,Idle
-0.016,0.002,1.034,0.639,-2.940,-0.140,Idle
-0.016,0.002,1.034,0.674,-2.896,-0.096,Idle
-0.017,0.002,1.033,0.630,-2.975,-0.114,Idle
-0.016,0.003,1.034,0.647,-2.931,-0.123,Idle
-0.016,0.003,1.034,0.656,-2.922,-0.105,Idle
-0.016,0.003,1.035,0.709,-2.922,-0.123,Idle
-0.016,0.002,1.033,0.665,-2.914,-0.096,Idle
-0.017,0.002,1.034,0.665,-2.931,-0.096,Idle
-0.016,0.002,1.033,0.717,-2.914,-0.131,Idle
-0.016,0.002,1.035,0.683,-2.966,-0.149,Idle
-0.016,0.003,1.033,0.674,-2.922,-0.061,Idle
-0.016,0.002,1.034,0.665,-2.940,-0.140,Idle
-0.016,0.001,1.033,0.639,-2.931,-0.123,Idle
-0.016,0.002,1.034,0.674,-2.931,-0.087,Idle
-0.016,0.002,1.032,0.674,-2.940,-0.105,Idle
-0.018,0.001,1.032,0.700,-2.975,-0.157,Idle
-0.017,0.002,1.034,0.735,-2.984,-0.096,Idle
-0.016,0.001,1.024,1.409,-3.334,-0.079,Idle
-0.015,0.002,1.037,0.420,-2.765,-0.166,Idle
-0.016,0.001,1.029,0.569,-2.879,-0.149,Idle
-0.018,0.000,1.031,0.840,-3.010,-0.079,Idle
-0.017,0.006,1.038,0.858,-3.036,-0.087,Idle
-0.015,0.005,1.036,0.796,-3.027,-0.157,Idle
-0.013,0.005,1.040,0.647,-2.922,-0.131,Idle
-0.020,-0.004,1.016,0.595,-2.888,-0.105,Idle
-0.016,0.000,1.032,0.656,-2.975,-0.114,Idle
-0.015,0.004,1.030,0.604,-2.905,-0.096,Idle
-0.015,0.004,1.034,0.788,-2.984,-0.087,Idle
-0.015,0.005,1.037,0.761,-3.010,-0.079,Idle
-0.016,0.003,1.033,0.805,-3.010,-0.079,Idle
-0.017,0.004,1.035,0.709,-3.010,-0.114,Idle
-0.017,0.005,1.033,0.700,-2.957,-0.123,Idle
-0.014,0.003,1.034,0.849,-2.957,-0.123,Idle
-0.016,0.003,1.033,0.788,-2.984,-0.087,Idle
-0.015,0.004,1.036,0.656,-2.896,-0.105,Idle
-0.014,0.004,1.034,0.709,-2.931,-0.114,Idle
-0.016,0.004,1.034,0.761,-2.966,-0.096,Idle
-0.016,0.002,1.035,0.717,-2.949,-0.096,Idle
-0.016,0.003,1.032,0.726,-2.966,-0.140,Idle
-0.016,0.004,1.035,0.761,-2.940,-0.140,Idle
-0.016,0.004,1.036,0.717,-2.931,-0.114,Idle
-0.016,0.003,1.034,0.744,-2.949,-0.105,Idle
-0.016,0.004,1.034,0.683,-2.922,-0.123,Idle
-0.015,0.004,1.035,0.674,-2.949,-0.096,Idle
-0.016,0.002,1.033,0.665,-2.905,-0.123,Idle
-0.016,0.003,1.033,0.788,-2.966,-0.105,Idle
-0.016,0.004,1.034,0.656,-2.896,-0.114,Idle
-0.015,0.004,1.034,0.656,-2.905,-0.149,Idle
-0.016,0.003,1.034,0.639,-2.931,-0.096,Idle
-0.016,0.003,1.033,0.569,-2.861,-0.123,Idle
-0.016,0.004,1.033,0.630,-2.896,-0.114,Idle
-0.015,0.005,1.035,0.691,-2.931,-0.114,Idle
-0.016,0.003,1.035,0.700,-2.957,-0.105,Idle
-0.016,0.002,1.032,0.630,-2.931,-0.157,Idle
-0.016,0.003,1.034,0.647,-2.914,-0.114,Idle
-0.015,0.003,1.033,0.621,-2.922,-0.114,Idle
-0.016,0.003,1.034,0.674,-2.931,-0.087,Idle
-0.015,0.003,1.034,0.683,-2.949,-0.096,Idle
-0.015,0.003,1.033,0.647,-2.931,-0.096,Idle
-0.016,0.003,1.034,0.709,-2.949,-0.131,Idle
-0.017,0.001,1.033,0.647,-2.905,-0.123,Idle
-0.016,0.003,1.033,0.665,-2.949,-0.114,Idle
-0.016,0.003,1.034,0.604,-2.940,-0.096,Idle
-0.015,0.004,1.034,0.604,-2.931,-0.105,Idle
-0.016,0.003,1.034,0.691,-2.914,-0.114,Idle
-0.015,0.003,1.033,0.647,-2.949,-0.131,Idle
-0.015,0.003,1.035,0.674,-2.922,-0.114,Idle
-0.016,0.003,1.034,0.691,-2.949,-0.114,Idle
-0.016,0.003,1.034,0.630,-2.914,-0.140,Idle
-0.015,0.003,1.033,0.656,-2.922,-0.123,Idle
-0.016,0.002,1.034,0.656,-2.940,-0.123,Idle
-0.016,0.003,1.034,0.691,-2.949,-0.105,Idle
-0.016,0.002,1.034,0.674,-2.940,-0.123,Idle
-0.016,0.002,1.033,0.674,-2.931,-0.140,Idle
-0.017,0.003,1.032,0.700,-2.914,-0.149,Idle
-0.016,0.003,1.034,0.674,-2.940,-0.096,Idle
-0.016,0.003,1.033,0.639,-2.949,-0.105,Idle
-0.015,0.003,1.034,0.700,-2.931,-0.149,Idle
-0.016,0.003,1.035,0.665,-2.905,-0.123,Idle
-0.017,0.003,1.035,0.700,-2.922,-0.114,Idle
-0.016,0.003,1.033,0.717,-2.949,-0.114,Idle
-0.017,0.002,1.034,0.630,-2.940,-0.114,Idle
-0.016,0.003,1.034,0.683,-2.940,-0.114,Idle
-0.016,0.003,1.033,0.639,-2.940,-0.105,Idle
-0.016,0.003,1.034,0.700,-2.949,-0.114,Idle
-0.016,0.003,1.033,0.656,-2.975,-0.131,Idle
-0.015,0.003,1.034,0.683,-2.957,-0.131,Idle
-0.016,0.002,1.033,0.683,-2.922,-0.105,Idle
-0.016,0.002,1.033,0.674,-2.905,-0.096,Idle
-0.015,0.003,1.034,0.709,-2.914,-0.123,Idle
-0.015,0.003,1.035,0.639,-2.940,-0.105,Idle
-0.016,0.002,1.034,0.674,-2.914,-0.140,Idle
-0.015,0.004,1.033,0.726,-2.957,-0.114,Idle
-0.017,0.003,1.033,0.656,-2.949,-0.079,Idle
-0.015,0.004,1.033,0.656,-2.905,-0.123,Idle
-0.017,0.004,1.034,0.674,-2.949,-0.123,Idle
-0.015,0.002,1.033,0.656,-2.922,-0.105,Idle
-0.015,0.003,1.035,0.700,-2.940,-0.087,Idle
-0.016,0.003,1.033,0.709,-2.949,-0.105,Idle
-0.016,0.002,1.033,0.630,-2.914,-0.123,Idle
-0.016,0.003,1.034,0.700,-2.931,-0.105,Idle
-0.016,0.002,1.034,0.613,-2.966,-0.114,Idle
-0.016,0.003,1.035,0.691,-2.905,-0.140,Idle
-0.016,0.003,1.034,0.647,-2.914,-0.114,Idle
-0.016,0.003,1.033,0.683,-2.922,-0.123,Idle
-0.015,0.003,1.034,0.656,-2.940,-0.123,Idle
-0.017,0.001,1.034,0.613,-2.879,-0.079,Idle
-0.016,0.002,1.034,0.639,-2.949,-0.123,Idle
-0.016,0.003,1.034,0.735,-2.922,-0.131,Idle
-0.016,0.003,1.033,0.691,-2.931,-0.105,Idle
-0.016,0.003,1.033,0.674,-2.922,-0.105,Idle
-0.017,0.003,1.035,0.647,-2.940,-0.105,Idle
-0.016,0.003,1.034,0.674,-2.931,-0.131,Idle
-0.016,0.003,1.034,0.647,-2.940,-0.123,Idle
-0.016,0.002,1.034,0.683,-2.914,-0.096,Idle
-0.017,0.003,1.033,0.656,-2.922,-0.123,Idle
-0.016,0.003,1.034,0.630,-2.905,-0.105,Idle
-0.015,0.003,1.034,0.656,-2.922,-0.114,Idle
-0.015,0.003,1.034,0.717,-2.922,-0.105,Idle
-0.016,0.003,1.034,0.683,-2.940,-0.105,Idle
-0.017,0.004,1.033,0.700,-2.975,-0.105,Idle
-0.016,0.002,1.033,0.674,-2.914,-0.114,Idle
-0.016,0.002,1.033,0.639,-2.931,-0.140,Idle
-0.016,0.003,1.033,0.665,-2.914,-0.105,Idle
-0.016,0.003,1.034,0.691,-2.949,-0.105,Idle
-0.016,0.003,1.034,0.752,-2.940,-0.105,Idle
-0.016,0.003,1.034,0.700,-2.940,-0.114,Idle
-0.015,0.003,1.036,0.630,-2.931,-0.087,Idle
-0.016,0.004,1.034,0.700,-2.940,-0.114,Idle
-0.016,0.004,1.033,0.674,-2.922,-0.079,Idle
-0.016,0.004,1.035,0.709,-2.957,-0.140,Idle
-0.016,0.003,1.034,0.647,-2.922,-0.131,Idle
-0.015,0.002,1.034,0.621,-2.940,-0.105,Idle
-0.015,0.003,1.033,0.691,-2.957,-0.087,Idle
-0.016,0.003,1.034,0.709,-2.931,-0.131,Idle
-0.016,0.002,1.034,0.700,-2.922,-0.114,Idle
-0.015,0.003,1.034,0.691,-2.931,-0.105,Idle
-0.016,0.002,1.034,0.665,-2.931,-0.079,Idle
-0.014,0.003,1.034,0.665,-2.949,-0.105,Idle
-0.016,0.002,1.032,0.744,-2.957,-0.140,Idle
-0.015,0.003,1.035,0.709,-2.922,-0.114,Idle
-0.016,0.004,1.034,0.639,-2.940,-0.123,Idle
-0.016,0.003,1.034,0.665,-2.905,-0.123,Idle
-0.016,0.003,1.035,0.665,-2.949,-0.140,Idle
-0.016,0.003,1.034,0.717,-2.940,-0.114,Idle
-0.016,0.003,1.035,0.639,-2.966,-0.114,Idle
-0.015,0.003,1.033,0.665,-2.914,-0.114,Idle
-0.016,0.004,1.034,0.665,-2.957,-0.131,Idle
-0.017,0.003,1.035,0.674,-2.949,-0.096,Idle
-0.015,0.003,1.035,0.639,-2.914,-0.131,Idle
-0.016,0.003,1.034,0.691,-2.949,-0.087,Idle
-0.016,0.004,1.034,0.691,-2.914,-0.123,Idle
-0.015,0.003,1.034,0.665,-2.931,-0.105,Idle
-0.016,0.003,1.033,0.665,-2.905,-0.123,Idle
-0.016,0.003,1.035,0.656,-2.931,-0.140,Idle
-0.016,0.003,1.034,0.691,-2.914,-0.123,Idle
-0.015,0.003,1.034,0.700,-2.896,-0.079,Idle
-0.016,0.003,1.034,0.647,-2.949,-0.096,Idle
-0.016,0.003,1.033,0.717,-2.949,-0.105,Idle
-0.016,0.003,1.035,0.647,-2.940,-0.123,Idle
-0.015,0.003,1.034,0.656,-2.940,-0.123,Idle
-0.016,0.004,1.033,0.674,-2.914,-0.105,Idle
-0.016,0.003,1.033,0.665,-2.931,-0.140,Idle
-0.016,0.003,1.033,0.683,-2.896,-0.087,Idle
-0.016,0.003,1.034,0.691,-2.966,-0.114,Idle
-0.016,0.002,1.033,0.744,-2.914,-0.096,Idle
-0.016,0.003,1.034,0.674,-2.966,-0.140,Idle
-0.017,0.004,1.035,0.674,-2.931,-0.114,Idle
-0.016,0.003,1.034,0.700,-2.940,-0.096,Idle
-0.016,0.003,1.034,0.717,-2.957,-0.123,Idle
-0.015,0.003,1.034,0.709,-2.931,-0.157,Idle
-0.016,0.002,1.033,0.665,-2.949,-0.114,Idle
-0.016,0.003,1.034,0.621,-2.922,-0.114,Idle
-0.016,0.003,1.034,0.691,-2.940,-0.096,Idle
-0.015,0.003,1.033,0.647,-2.940,-0.114,Idle
-0.015,0.003,1.033,0.691,-2.957,-0.131,Idle
-0.015,0.003,1.034,0.744,-2.957,-0.079,Idle
-0.015,0.003,1.034,0.726,-2.957,-0.123,Idle
-0.016,0.004,1.034,0.656,-2.957,-0.131,Idle
-0.016,0.004,1.033,0.709,-2.957,-0.123,Idle
-0.017,0.003,1.034,0.656,-2.940,-0.157,Idle
-0.016,0.003,1.034,0.717,-2.949,-0.096,Idle
-0.016,0.003,1.035,0.691,-2.957,-0.114,Idle
-0.016,0.003,1.035,0.691,-2.931,-0.096,Idle
-0.016,0.003,1.034,0.656,-2.940,-0.105,Idle
-0.016,0.002,1.033,0.656,-2.905,-0.123,Idle
-0.016,0.003,1.035,0.656,-2.922,-0.131,Idle
-0.015,0.004,1.035,0.665,-2.957,-0.105,Idle
-0.016,0.003,1.032,0.683,-2.914,-0.096,Idle
-0.017,0.003,1.034,0.691,-2.940,-0.114,Idle
-0.017,0.002,1.034,0.665,-2.914,-0.087,Idle
-0.015,0.002,1.035,0.683,-2.940,-0.123,Idle
-0.017,0.003,1.033,0.656,-2.931,-0.123,Idle
-0.015,0.004,1.034,0.735,-2.922,-0.096,Idle
-0.016,0.003,1.034,0.744,-2.931,-0.114,Idle
-0.015,0.004,1.034,0.665,-2.905,-0.087,Idle
-0.016,0.003,1.034,0.700,-2.922,-0.131,Idle
-0.015,0.003,1.034,0.700,-2.914,-0.114,Idle
-0.015,0.003,1.035,0.621,-2.940,-0.140,Idle
-0.016,0.003,1.034,0.709,-2.931,-0.096,Idle
-0.015,0.003,1.034,0.700,-2.931,-0.123,Idle
-0.017,0.003,1.034,0.656,-2.931,-0.105,Idle
-0.015,0.003,1.034,0.691,-2.940,-0.070,Idle
-0.016,0.003,1.033,0.656,-2.931,-0.114,Idle
-0.016,0.002,1.034,0.683,-2.931,-0.096,Idle
-0.015,0.003,1.034,0.691,-2.940,-0.131,Idle
-0.016,0.002,1.034,0.674,-2.896,-0.096,Idle
-0.016,0.002,1.034,0.665,-2.922,-0.096,Idle
-0.016,0.003,1.034,0.700,-2.888,-0.079,Idle
-0.016,0.003,1.035,0.691,-2.922,-0.123,Idle
-0.016,0.003,1.033,0.674,-2.966,-0.123,Idle
-0.016,0.003,1.033,0.665,-2.931,-0.105,Idle
-0.016,0.004,1.033,0.674,-2.940,-0.114,Idle
-0.015,0.003,1.035,0.665,-2.940,-0.105,Idle
-0.016,0.004,1.034,0.709,-2.966,-0.123,Idle
-0.016,0.003,1.033,0.665,-2.931,-0.123,Idle
-0.016,0.003,1.034,0.700,-2.940,-0.096,Idle
-0.016,0.003,1.034,0.647,-2.940,-0.096,Idle
-0.016,0.003,1.033,0.647,-2.940,-0.131,Idle
-0.015,0.003,1.033,0.691,-2.922,-0.140,Idle
-0.017,0.003,1.034,0.683,-2.975,-0.131,Idle
-0.016,0.003,1.032,0.613,-2.966,-0.105,Idle
-0.015,0.004,1.034,0.683,-2.940,-0.087,Idle
-0.016,0.003,1.034,0.726,-2.957,-0.131,Idle
-0.015,0.003,1.033,0.656,-2.922,-0.140,Idle
-0.016,0.003,1.033,0.647,-2.931,-0.096,Idle
-0.016,0.004,1.033,0.683,-2.949,-0.087,Idle
-0.015,0.003,1.034,0.709,-2.949,-0.131,Idle
-0.017,0.002,1.034,0.735,-2.931,-0.140,Idle
-0.016,0.004,1.035,0.691,-2.922,-0.096,Idle
-0.015,0.002,1.034,0.647,-2.896,-0.105,Idle
-0.016,0.003,1.034,0.630,-2.931,-0.149,Idle
-0.016,0.003,1.035,0.656,-2.940,-0.131,Idle
-0.016,0.003,1.034,0.647,-2.922,-0.123,Idle
-0.016,0.003,1.034,0.674,-2.975,-0.131,Idle
-0.015,0.004,1.034,0.630,-2.888,-0.096,Idle
-0.017,0.003,1.034,0.709,-2.949,-0.105,Idle
-0.016,0.003,1.033,0.700,-2.914,-0.131,Idle
-0.016,0.004,1.034,0.700,-2.940,-0.096,Idle
-0.015,0.003,1.035,0.691,-2.949,-0.123,Idle
-0.017,0.003,1.035,0.639,-2.922,-0.149,Idle
-0.015,0.003,1.034,0.683,-2.905,-0.105,Idle
-0.016,0.003,1.033,0.700,-2.940,-0.123,Idle
-0.015,0.003,1.034,0.726,-2.940,-0.096,Idle
-0.015,0.003,1.033,0.674,-2.922,-0.131,Idle
-0.016,0.003,1.033,0.683,-2.914,-0.131,Idle
-0.016,0.003,1.034,0.683,-2.940,-0.096,Idle
-0.016,0.003,1.033,0.674,-2.957,-0.114,Idle
-0.016,0.004,1.034,0.639,-2.914,-0.157,Idle
-0.016,0.003,1.033,0.691,-2.914,-0.114,Idle
-0.016,0.003,1.033,0.665,-2.914,-0.096,Idle
-0.016,0.002,1.034,0.717,-2.975,-0.079,Idle
-0.015,0.003,1.034,0.709,-2.914,-0.114,Idle
-0.016,0.003,1.033,0.674,-2.993,-0.114,Idle
-0.016,0.003,1.034,0.656,-2.949,-0.105,Idle
-0.015,0.003,1.035,0.683,-2.922,-0.105,Idle
-0.015,0.003,1.034,0.639,-2.931,-0.140,Idle
-0.015,0.002,1.034,0.709,-2.922,-0.114,Idle
-0.016,0.004,1.034,0.691,-2.922,-0.123,Idle
-0.016,0.004,1.035,0.674,-2.949,-0.131,Idle
-0.016,0.003,1.033,0.674,-2.905,-0.131,Idle
-0.016,0.003,1.035,0.647,-2.922,-0.096,Idle
-0.017,0.003,1.034,0.717,-2.905,-0.123,Idle
-0.015,0.004,1.034,0.665,-2.931,-0.131,Idle
-0.015,0.004,1.033,0.726,-2.914,-0.087,Idle
-0.016,0.003,1.033,0.674,-2.931,-0.131,Idle
-0.016,0.003,1.034,0.665,-2.922,-0.140,Idle
-0.015,0.004,1.033,0.674,-2.957,-0.123,Idle
-0.015,0.002,1.034,0.691,-2.896,-0.123,Idle
-0.016,0.003,1.034,0.674,-2.940,-0.096,Idle
-0.017,0.003,1.034,0.683,-2.922,-0.123,Idle
-0.016,0.003,1.033,0.683,-2.949,-0.114,Idle
-0.016,0.003,1.034,0.683,-2.949,-0.105,Idle
-0.015,0.003,1.033,0.656,-2.922,-0.105,Idle
-0.016,0.003,1.035,0.647,-2.896,-0.105,Idle
-0.016,0.004,1.034,0.709,-2.914,-0.149,Idle
-0.014,0.003,1.032,0.665,-2.949,-0.131,Idle
-0.017,0.003,1.035,0.709,-2.966,-0.140,Idle
-0.016,0.003,1.035,0.639,-2.905,-0.105,Idle
-0.016,0.003,1.035,0.647,-2.940,-0.123,Idle
-0.016,0.002,1.033,0.726,-2.922,-0.123,Idle
-0.016,0.003,1.035,0.717,-2.905,-0.131,Idle
-0.015,0.003,1.035,0.647,-2.949,-0.114,Idle
-0.015,0.003,1.033,0.647,-2.949,-0.096,Idle
-0.016,0.003,1.034,0.656,-2.905,-0.131,Idle
-0.015,0.003,1.034,0.674,-2.949,-0.114,Idle
-0.015,0.003,1.034,0.647,-2.940,-0.105,Idle
-0.016,0.003,1.033,0.683,-2.931,-0.140,Idle
-0.016,0.003,1.034,0.647,-2.975,-0.114,Idle
-0.016,0.003,1.034,0.683,-2.940,-0.114,Idle
-0.016,0.003,1.034,0.639,-2.966,-0.114,Idle
-0.015,0.003,1.034,0.639,-2.957,-0.123,Idle
-0.016,0.003,1.034,0.709,-2.949,-0.114,Idle
-0.016,0.003,1.034,0.656,-2.905,-0.105,Idle
-0.016,0.003,1.034,0.630,-2.905,-0.114,Idle
-0.016,0.003,1.034,0.717,-2.879,-0.157,Idle
-0.015,0.001,1.034,0.674,-2.922,-0.096,Idle
-0.015,0.003,1.033,0.647,-2.905,-0.096,Idle
-0.015,0.002,1.033,0.665,-2.922,-0.114,Idle
-0.015,0.004,1.034,0.691,-2.922,-0.114,Idle
-0.017,0.003,1.033,0.726,-3.001,-0.096,Idle
-0.015,0.002,1.034,0.630,-2.940,-0.140,Idle
-0.016,0.004,1.032,0.630,-2.905,-0.131,Idle
-0.016,0.003,1.033,0.717,-2.922,-0.114,Idle
-0.016,0.003,1.034,0.683,-2.931,-0.105,Idle
-0.017,0.003,1.033,0.691,-2.940,-0.087,Idle
-0.016,0.003,1.034,0.700,-2.957,-0.079,Idle
-0.015,0.002,1.033,0.709,-2.940,-0.149,Idle
-0.016,0.001,1.032,0.674,-2.922,-0.114,Idle
-0.016,0.003,1.034,0.700,-2.957,-0.105,Idle
-0.015,0.004,1.033,0.709,-2.888,-0.140,Idle
-0.016,0.005,1.034,0.647,-2.922,-0.149,Idle
-0.017,0.003,1.033,0.700,-2.914,-0.131,Idle
-0.016,0.003,1.034,0.717,-2.949,-0.079,Idle
-0.015,0.003,1.034,0.647,-2.905,-0.114,Idle
-0.016,0.003,1.033,0.683,-2.957,-0.114,Idle
-0.017,0.003,1.034,0.709,-2.949,-0.114,Idle
-0.016,0.003,1.034,0.717,-2.922,-0.105,Idle
-0.016,0.003,1.034,0.717,-2.949,-0.105,Idle
-0.016,0.003,1.034,0.691,-2.914,-0.123,Idle
-0.016,0.003,1.034,0.674,-2.966,-0.114,Idle
-0.016,0.003,1.034,0.691,-2.940,-0.140,Idle
-0.016,0.002,1.034,0.691,-2.949,-0.114,Idle
-0.016,0.003,1.034,0.604,-2.949,-0.123,Idle
-0.015,0.003,1.035,0.630,-2.905,-0.157,Idle
-0.015,0.003,1.033,0.674,-2.905,-0.079,Idle
-0.015,0.002,1.033,0.647,-2.896,-0.114,Idle
-0.015,0.003,1.034,0.665,-2.888,-0.087,Idle
-0.016,0.004,1.035,0.621,-2.957,-0.131,Idle
-0.015,0.003,1.036,0.647,-2.922,-0.157,Idle
-0.016,0.002,1.034,0.656,-2.914,-0.105,Idle
-0.015,0.003,1.035,0.700,-2.922,-0.149,Idle
-0.016,0.003,1.033,0.595,-2.957,-0.131,Idle
-0.015,0.003,1.033,0.656,-2.940,-0.140,Idle
-0.016,0.003,1.034,0.656,-2.949,-0.140,Idle
-0.016,0.003,1.032,0.683,-2.957,-0.114,Idle
-0.015,0.003,1.034,0.709,-2.957,-0.149,Idle
-0.015,0.004,1.034,0.674,-2.914,-0.140,Idle
-0.017,0.001,1.029,0.613,-2.922,-0.096,Idle
-0.017,0.001,1.031,0.674,-2.905,-0.105,Idle
-0.015,0.003,1.036,0.691,-2.931,-0.149,Idle
-0.016,0.003,1.035,0.639,-2.922,-0.070,Idle
-0.016,0.004,1.033,0.683,-2.905,-0.105,Idle
-0.016,0.003,1.034,0.683,-2.914,-0.087,Idle
-0.017,0.003,1.033,0.647,-2.940,-0.096,Idle
-0.015,0.003,1.033,0.621,-2.949,-0.096,Idle
-0.015,0.003,1.036,0.674,-2.905,-0.114,Idle
-0.017,0.003,1.034,0.656,-2.905,-0.105,Idle
-0.016,0.003,1.033,0.639,-2.940,-0.087,Idle
-0.015,0.003,1.034,0.700,-2.940,-0.105,Idle
-0.016,0.003,1.027,0.647,-2.922,-0.105,Idle
-0.018,-0.000,1.024,0.630,-2.914,-0.114,Idle
-0.016,0.004,1.036,0.665,-2.931,-0.105,Idle
-0.017,0.004,1.034,0.700,-2.931,-0.087,Idle
-0.015,0.003,1.035,0.735,-2.922,-0.105,Idle
-0.017,0.002,1.032,0.665,-2.896,-0.105,Idle
-0.017,0.003,1.033,0.665,-2.940,-0.123,Idle
-0.016,0.004,1.034,0.656,-2.957,-0.140,Idle
-0.017,0.003,1.033,0.647,-2.957,-0.131,Idle
-0.016,0.003,1.034,0.621,-2.940,-0.114,Idle
-0.016,0.003,1.032,0.665,-2.914,-0.131,Idle
-0.015,0.003,1.033,0.709,-2.931,-0.105,Idle
-0.016,0.002,1.034,0.665,-2.931,-0.131,Idle
-0.016,0.003,1.035,0.700,-2.931,-0.157,Idle
-0.015,0.003,1.034,0.691,-2.940,-0.096,Idle
-0.016,0.002,1.034,0.630,-2.940,-0.123,Idle
-0.016,0.002,1.034,0.613,-2.931,-0.105,Idle
-0.016,0.004,1.034,0.621,-2.940,-0.131,Idle
-0.015,0.003,1.034,0.665,-2.922,-0.131,Idle
-0.016,0.003,1.037,0.674,-2.957,-0.131,Idle
-0.015,0.003,1.035,0.691,-2.940,-0.123,Idle
-0.016,0.003,1.033,0.674,-2.914,-0.079,Idle
-0.016,0.004,1.035,0.656,-2.914,-0.140,Idle
-0.017,0.002,1.034,0.691,-2.949,-0.114,Idle
-0.016,0.003,1.035,0.621,-2.940,-0.114,Idle
-0.017,0.003,1.034,0.674,-2.922,-0.131,Idle
-0.015,0.004,1.033,0.656,-2.922,-0.105,Idle
-0.019,0.002,1.036,0.744,-2.922,-0.096,Idle
-0.014,0.000,1.034,0.814,-2.896,-0.105,Idle
-0.016,0.006,1.039,0.691,-2.949,-0.105,Idle
-0.015,0.005,1.040,0.647,-2.914,-0.114,Idle
-0.016,0.003,1.031,0.683,-2.940,-0.131,Idle
-0.016,0.003,1.035,0.726,-2.940,-0.114,Idle
-0.016,0.003,1.036,0.665,-2.931,-0.114,Idle
-0.015,0.003,1.035,0.700,-2.940,-0.114,Idle
-0.015,0.003,1.034,0.656,-2.905,-0.114,Idle
-0.016,0.004,1.034,0.683,-2.957,-0.123,Idle
-0.017,0.003,1.035,0.647,-2.931,-0.140,Idle
-0.015,0.002,1.032,0.709,-2.940,-0.123,Idle
-0.016,0.002,1.033,0.639,-2.905,-0.114,Idle
-0.017,0.004,1.034,0.639,-2.949,-0.079,Idle
-0.017,0.003,1.036,0.691,-2.931,-0.114,Idle
-0.016,0.003,1.033,0.560,-2.905,-0.140,Idle
-0.016,0.003,1.035,0.551,-2.861,-0.114,Idle
-0.016,0.003,1.036,0.359,-2.818,-0.105,Idle
-0.017,0.002,1.034,0.306,-2.730,-0.131,Idle
-0.017,0.002,1.033,0.298,-2.747,-0.114,Idle
-0.016,0.003,1.036,0.595,-2.852,-0.140,Idle
-0.017,0.002,1.035,0.604,-2.818,-0.114,Idle
-0.016,0.003,1.037,0.586,-2.940,-0.131,Idle
-0.016,0.002,1.036,0.683,-2.966,-0.096,Idle
-0.016,0.002,1.035,0.674,-2.922,-0.114,Idle
-0.016,0.002,1.031,0.656,-2.914,-0.114,Idle
-0.016,0.002,1.034,0.674,-2.957,-0.123,Idle
-0.017,0.003,1.034,0.674,-2.940,-0.123,Idle
-0.016,0.002,1.034,0.700,-2.922,-0.114,Idle
-0.017,0.002,1.033,0.647,-2.905,-0.096,Idle
-0.017,0.002,1.033,0.647,-2.931,-0.087,Idle
-0.016,0.002,1.034,0.656,-2.896,-0.140,Idle
-0.017,0.002,1.034,0.717,-2.940,-0.123,Idle
-0.016,0.002,1.034,0.691,-2.940,-0.105,Idle
-0.017,0.002,1.034,0.656,-2.940,-0.131,Idle
-0.016,0.002,1.034,0.665,-2.922,-0.131,Idle
-0.016,0.002,1.034,0.656,-2.949,-0.096,Idle
-0.016,0.002,1.034,0.674,-2.922,-0.114,Idle
-0.017,0.002,1.033,0.665,-2.940,-0.123,Idle
-0.016,-0.000,1.029,0.665,-2.914,-0.131,Idle
-0.004,0.016,1.103,0.892,-2.975,-0.105,Idle
-0.012,0.010,1.056,0.928,-2.984,-0.114,Idle
-0.015,0.009,1.057,0.989,-3.080,-0.096,Idle
-0.017,0.004,1.032,0.989,-3.062,-0.079,Idle
-0.019,0.004,1.037,0.814,-2.993,-0.123,Idle
-0.019,0.001,1.030,0.831,-2.966,-0.114,Idle
-0.015,0.004,1.034,0.884,-2.975,-0.123,Idle
-0.013,0.004,1.037,0.752,-2.975,-0.131,Idle
-0.017,0.001,1.032,0.683,-2.975,-0.096,Idle
-0.018,0.001,1.028,0.788,-2.975,-0.166,Idle
-0.016,0.004,1.035,0.814,-2.993,-0.105,Idle
-0.015,0.005,1.037,0.805,-2.984,-0.114,Idle
-0.017,0.001,1.033,0.770,-2.975,-0.114,Idle
-0.016,0.002,1.034,0.761,-2.949,-0.114,Idle
-0.017,0.002,1.032,0.683,-2.931,-0.096,Idle
-0.016,0.003,1.034,0.779,-2.993,-0.087,Idle
-0.016,0.004,1.036,0.761,-2.949,-0.140,Idle
-0.016,0.002,1.032,0.656,-2.931,-0.114,Idle
-0.017,0.002,1.033,0.709,-2.896,-0.087,Idle
-0.016,0.005,1.034,0.717,-2.940,-0.087,Idle
-0.016,0.003,1.033,0.709,-2.957,-0.096,Idle
-0.016,0.003,1.034,0.726,-2.931,-0.105,Idle
-0.016,0.003,1.035,0.674,-2.914,-0.114,Idle
-0.015,0.004,1.034,0.665,-2.905,-0.114,Idle
-0.016,0.004,1.034,0.709,-2.940,-0.114,Idle
-0.017,0.003,1.033,0.665,-2.896,-0.131,Idle
-0.016,0.002,1.033,0.621,-2.922,-0.096,Idle
-0.015,0.003,1.034,0.647,-2.896,-0.070,Idle
-0.015,0.003,1.035,0.674,-2.966,-0.123,Idle
-0.016,0.003,1.033,0.674,-2.957,-0.096,Idle
-0.016,0.003,1.034,0.726,-3.010,-0.114,Idle
-0.016,0.003,1.034,0.770,-2.957,-0.114,Idle
-0.016,0.003,1.033,0.683,-2.975,-0.105,Idle
-0.016,0.002,1.034,0.744,-2.940,-0.131,Idle
-0.016,0.003,1.035,0.717,-2.940,-0.096,Idle
-0.016,0.003,1.033,0.656,-2.931,-0.105,Idle
-0.016,0.003,1.034,0.630,-2.922,-0.096,Idle
-0.015,0.003,1.034,0.752,-2.957,-0.096,Idle
-0.016,0.003,1.035,0.691,-2.914,-0.079,Idle
-0.016,0.005,1.033,0.726,-2.922,-0.087,Idle
-0.016,0.004,1.033,0.700,-2.914,-0.070,Idle
-0.015,0.004,1.034,0.674,-2.966,-0.149,Idle
-0.015,0.003,1.033,0.639,-2.940,-0.123,Idle
-0.017,0.003,1.034,0.683,-2.931,-0.114,Idle
-0.016,0.003,1.034,0.709,-2.931,-0.105,Idle
-0.016,0.003,1.033,0.752,-2.949,-0.157,Idle
-0.016,0.003,1.035,0.630,-2.931,-0.087,Idle
-0.016,0.003,1.033,0.621,-2.888,-0.140,Idle
-0.016,0.002,1.034,0.683,-2.966,-0.096,Idle
-0.016,0.004,1.034,0.674,-2.957,-0.114,Idle
-0.017,0.003,1.034,0.639,-2.957,-0.096,Idle
-0.016,0.004,1.034,0.683,-2.949,-0.157,Idle
-0.016,0.003,1.032,0.700,-2.922,-0.114,Idle
-0.015,0.004,1.033,0.674,-2.931,-0.105,Idle
-0.015,0.003,1.034,0.700,-2.896,-0.105,Idle
-0.015,0.004,1.033,0.665,-2.905,-0.123,Idle
-0.016,0.003,1.032,0.717,-2.922,-0.149,Idle
-0.016,0.004,1.034,0.674,-2.975,-0.131,Idle
-0.016,0.003,1.035,0.717,-2.949,-0.087,Idle
-0.017,0.002,1.033,0.709,-2.922,-0.079,Idle
-0.015,0.003,1.035,0.683,-2.931,-0.123,Idle
-0.016,0.004,1.034,0.691,-2.931,-0.123,Idle
-0.016,0.003,1.033,0.674,-2.957,-0.096,Idle
-0.016,0.003,1.034,0.752,-2.922,-0.096,Idle
-0.016,0.004,1.034,0.691,-2.914,-0.096,Idle
-0.016,0.002,1.034,0.683,-2.940,-0.140,Idle
-0.016,0.003,1.035,0.709,-2.914,-0.131,Idle
-0.016,0.004,1.034,0.647,-2.896,-0.079,Idle
-0.015,0.003,1.032,0.656,-2.931,-0.123,Idle
-0.016,0.004,1.033,0.665,-2.922,-0.105,Idle
-0.015,0.004,1.033,0.691,-2.931,-0.105,Idle
-0.016,0.003,1.034,0.700,-2.940,-0.096,Idle
-0.016,0.004,1.033,0.726,-2.896,-0.123,Idle
-0.016,0.003,1.033,0.691,-2.949,-0.114,Idle
-0.015,0.003,1.033,0.709,-2.940,-0.131,Idle
-0.017,0.004,1.033,0.683,-2.940,-0.087,Idle
-0.016,0.004,1.034,0.674,-2.922,-0.149,Idle
-0.016,0.003,1.034,0.683,-2.957,-0.149,Idle
-0.016,0.004,1.035,0.717,-2.914,-0.131,Idle
-0.016,0.004,1.034,0.639,-2.940,-0.140,Idle
-0.016,0.003,1.034,0.683,-2.949,-0.105,Idle
-0.016,0.003,1.034,0.674,-2.949,-0.123,Idle
-0.015,0.004,1.034,0.691,-2.949,-0.079,Idle
-0.015,0.003,1.032,0.691,-2.931,-0.114,Idle
-0.016,0.003,1.033,0.656,-2.931,-0.140,Idle
-0.016,0.002,1.033,0.656,-2.922,-0.114,Idle
-0.016,0.002,1.034,0.674,-2.975,-0.123,Idle
-0.016,0.004,1.034,0.717,-2.914,-0.123,Idle
-0.016,0.004,1.034,0.621,-2.914,-0.096,Idle
-0.016,0.004,1.033,0.665,-2.914,-0.114,Idle
-0.016,0.004,1.034,0.647,-2.931,-0.087,Idle
-0.016,0.003,1.034,0.674,-2.905,-0.140,Idle
-0.016,0.004,1.034,0.709,-2.888,-0.096,Idle
-0.016,0.003,1.033,0.744,-2.957,-0.131,Idle
-0.016,0.003,1.033,0.665,-2.922,-0.114,Idle
-0.016,0.003,1.034,0.665,-2.905,-0.096,Idle
-0.016,0.004,1.033,0.665,-2.905,-0.096,Idle
-0.016,0.003,1.033,0.647,-2.905,-0.114,Idle
-0.016,0.003,1.035,0.717,-2.931,-0.123,Idle
-0.016,0.003,1.033,0.647,-2.940,-0.061,Idle
-0.015,0.004,1.034,0.700,-2.931,-0.114,Idle
-0.015,0.003,1.033,0.674,-2.940,-0.140,Idle
-0.016,0.003,1.033,0.674,-2.931,-0.105,Idle
-0.016,0.003,1.034,0.647,-2.905,-0.131,Idle
-0.016,0.003,1.033,0.683,-2.896,-0.123,Idle
-0.016,0.004,1.034,0.665,-2.922,-0.114,Idle
-0.015,0.003,1.035,0.639,-2.931,-0.140,Idle
-0.016,0.004,1.032,0.683,-2.940,-0.123,Idle
-0.016,0.003,1.035,0.674,-2.914,-0.114,Idle
-0.016,0.004,1.033,0.683,-2.905,-0.105,Idle
-0.016,0.003,1.034,0.647,-2.931,-0.140,Idle
-0.016,0.003,1.033,0.674,-2.905,-0.114,Idle
-0.015,0.003,1.033,0.683,-2.914,-0.087,Idle
-0.016,0.003,1.034,0.683,-2.931,-0.140,Idle
-0.016,0.003,1.034,0.604,-2.914,-0.114,Idle
-0.015,0.003,1.034,0.647,-2.905,-0.096,Idle
-0.017,0.003,1.033,0.691,-2.949,-0.131,Idle
-0.015,0.003,1.033,0.674,-2.905,-0.140,Idle
-0.017,0.003,1.034,0.726,-2.957,-0.140,Idle
-0.016,0.003,1.033,0.683,-2.879,-0.131,Idle
-0.016,0.003,1.035,0.717,-2.940,-0.114,Idle
-0.015,0.003,1.035,0.683,-2.940,-0.105,Idle
-0.017,0.004,1.033,0.691,-2.914,-0.149,Idle
-0.015,0.003,1.033,0.683,-2.922,-0.114,Idle
-0.015,0.004,1.034,0.726,-2.931,-0.096,Idle
-0.015,0.003,1.034,0.752,-2.914,-0.105,Idle
-0.016,0.003,1.033,0.683,-2.949,-0.114,Idle
-0.016,0.003,1.034,0.647,-2.914,-0.140,Idle
-0.016,0.004,1.034,0.665,-2.975,-0.114,Idle
-0.016,0.002,1.035,0.665,-2.931,-0.105,Idle
-0.016,0.003,1.034,0.709,-2.905,-0.131,Idle
-0.016,0.003,1.033,0.665,-2.949,-0.123,Idle
-0.015,0.004,1.034,0.691,-2.940,-0.070,Idle
-0.015,0.003,1.033,0.656,-2.966,-0.140,Idle
-0.015,0.004,1.033,0.674,-2.957,-0.114,Idle
-0.015,0.004,1.034,0.665,-2.940,-0.114,Idle
-0.016,0.004,1.033,0.647,-2.922,-0.149,Idle
-0.015,0.003,1.034,0.709,-2.914,-0.096,Idle
-0.016,0.003,1.034,0.639,-2.931,-0.096,Idle
-0.015,0.003,1.033,0.709,-2.922,-0.123,Idle
-0.016,0.003,1.034,0.735,-2.949,-0.123,Idle
-0.016,0.004,1.034,0.683,-2.914,-0.105,Idle
-0.017,0.003,1.034,0.674,-2.966,-0.140,Idle
-0.016,0.004,1.035,0.656,-2.922,-0.105,Idle
-0.016,0.003,1.035,0.683,-2.966,-0.131,Idle
-0.017,0.002,1.033,0.674,-2.914,-0.149,Idle
-0.016,0.003,1.033,0.683,-2.922,-0.140,Idle
-0.016,0.002,1.033,0.683,-2.888,-0.114,Idle
-0.016,0.003,1.034,0.700,-2.931,-0.105,Idle
-0.015,0.003,1.034,0.656,-2.931,-0.114,Idle
-0.016,0.004,1.033,0.709,-2.957,-0.096,Idle
-0.016,0.003,1.034,0.700,-2.931,-0.096,Idle
-0.015,0.003,1.034,0.674,-2.922,-0.105,Idle
-0.016,0.003,1.034,0.709,-2.949,-0.114,Idle
-0.016,0.003,1.034,0.656,-2.949,-0.123,Idle
-0.016,0.004,1.033,0.674,-2.922,-0.123,Idle
-0.016,0.003,1.034,0.647,-2.922,-0.123,Idle
-0.015,0.004,1.034,0.630,-2.922,-0.131,Idle
-0.015,0.004,1.034,0.683,-2.888,-0.123,Idle
-0.015,0.004,1.034,0.683,-2.922,-0.096,Idle
-0.017,0.005,1.034,0.691,-2.922,-0.149,Idle
-0.016,0.003,1.033,0.656,-2.984,-0.105,Idle
-0.016,0.003,1.033,0.709,-2.931,-0.157,Idle
-0.015,0.002,1.034,0.674,-2.914,-0.131,Idle
-0.015,0.003,1.034,0.683,-2.905,-0.096,Idle
-0.015,0.003,1.034,0.639,-2.931,-0.123,Idle
-0.015,0.003,1.034,0.656,-2.940,-0.087,Idle
-0.016,0.003,1.034,0.665,-2.888,-0.114,Idle
-0.016,0.004,1.034,0.683,-2.914,-0.105,Idle
-0.016,0.002,1.034,0.613,-2.940,-0.123,Idle
-0.016,0.003,1.034,0.683,-2.949,-0.123,Idle
-0.016,0.003,1.034,0.630,-2.922,-0.070,Idle
-0.015,0.004,1.033,0.665,-2.940,-0.114,Idle
-0.015,0.003,1.034,0.700,-2.931,-0.105,Idle
-0.016,0.003,1.033,0.726,-2.966,-0.123,Idle
-0.016,0.003,1.034,0.700,-2.940,-0.123,Idle
-0.016,0.004,1.034,0.683,-2.896,-0.114,Idle
-0.015,0.004,1.034,0.683,-2.931,-0.123,Idle
-0.015,0.004,1.033,0.683,-2.914,-0.140,Idle
-0.016,0.003,1.034,0.709,-2.914,-0.140,Idle
-0.016,0.003,1.034,0.656,-2.914,-0.114,Idle
-0.016,0.003,1.034,0.683,-2.957,-0.096,Idle
-0.016,0.004,1.034,0.744,-2.914,-0.096,Idle
-0.016,0.003,1.033,0.647,-2.931,-0.114,Idle
-0.016,0.004,1.032,0.735,-2.931,-0.087,Idle
-0.017,0.003,1.033,0.770,-2.975,-0.114,Idle
-0.016,0.003,1.034,0.796,-2.966,-0.105,Idle
-0.015,0.005,1.036,0.647,-2.922,-0.149,Idle
-0.015,0.003,1.033,0.569,-2.844,-0.105,Idle
-0.016,0.003,1.032,0.569,-2.879,-0.096,Idle
-0.016,0.003,1.034,0.604,-2.914,-0.114,Idle
-0.016,0.003,1.033,0.621,-2.896,-0.131,Idle
-0.016,0.004,1.033,0.595,-2.861,-0.140,Idle
-0.016,0.003,1.035,0.630,-2.896,-0.105,Idle
-0.015,0.004,1.035,0.569,-2.896,-0.131,Idle
-0.015,0.003,1.034,0.595,-2.888,-0.114,Idle
-0.016,0.004,1.032,0.613,-2.896,-0.114,Idle
-0.016,0.002,1.033,0.656,-2.914,-0.114,Idle
-0.016,0.003,1.032,0.621,-2.905,-0.123,Idle
-0.016,0.002,1.033,0.665,-2.896,-0.114,Idle
-0.017,0.003,1.033,0.665,-2.975,-0.105,Idle
-0.016,0.003,1.034,0.717,-2.914,-0.105,Idle
-0.016,0.002,1.034,0.709,-2.975,-0.131,Idle
-0.016,0.003,1.034,0.779,-2.966,-0.096,Idle
-0.016,0.003,1.034,0.709,-2.957,-0.096,Idle
-0.016,0.003,1.033,0.709,-2.957,-0.140,Idle
-0.015,0.003,1.034,0.735,-2.957,-0.096,Idle
-0.015,0.004,1.034,0.717,-2.949,-0.105,Idle
-0.017,0.003,1.033,0.665,-2.905,-0.087,Idle
-0.016,0.002,1.032,0.639,-2.949,-0.123,Idle
-0.016,0.002,1.033,0.770,-2.966,-0.123,Idle
-0.015,0.003,1.034,0.875,-3.019,-0.114,Idle
-0.016,0.004,1.036,0.822,-2.984,-0.105,Idle
-0.015,0.004,1.036,0.717,-2.957,-0.114,Idle
-0.015,0.003,1.034,0.560,-2.888,-0.123,Idle
-0.016,0.003,1.033,0.630,-2.905,-0.096,Idle
-0.016,0.002,1.031,0.700,-2.914,-0.079,Idle
-0.015,0.003,1.034,0.761,-3.001,-0.114,Idle
-0.015,0.003,1.035,0.805,-2.993,-0.114,Idle
-0.016,0.003,1.034,0.752,-2.966,-0.096,Idle
-0.015,0.003,1.033,0.735,-2.931,-0.114,Idle
-0.015,0.003,1.034,0.683,-2.922,-0.087,Idle
-0.015,0.004,1.035,0.665,-2.966,-0.096,Idle
-0.015,0.004,1.033,0.647,-2.957,-0.087,Idle
-0.016,0.003,1.033,0.726,-2.914,-0.131,Idle
-0.016,0.004,1.034,0.656,-2.949,-0.096,Idle
-0.015,0.004,1.034,0.621,-2.931,-0.105,Idle
-0.016,0.003,1.034,0.656,-2.905,-0.105,Idle
-0.016,0.004,1.033,0.674,-2.896,-0.157,Idle
-0.016,0.003,1.034,0.630,-2.922,-0.114,Idle
-0.016,0.004,1.033,0.630,-2.922,-0.105,Idle
-0.015,0.003,1.033,0.656,-2.905,-0.140,Idle
-0.015,0.004,1.034,0.691,-2.922,-0.123,Idle
-0.016,0.003,1.033,0.674,-2.931,-0.114,Idle
-0.016,0.004,1.033,0.613,-2.931,-0.131,Idle
-0.015,0.003,1.033,0.683,-2.922,-0.131,Idle
-0.016,0.004,1.033,0.709,-2.914,-0.061,Idle
-0.016,0.003,1.033,0.735,-2.984,-0.123,Idle
-0.016,0.003,1.033,0.656,-2.949,-0.105,Idle
-0.016,0.004,1.035,0.674,-2.914,-0.131,Idle
-0.017,0.004,1.034,0.656,-2.931,-0.079,Idle
-0.017,0.003,1.033,0.683,-2.931,-0.114,Idle
-0.016,0.004,1.034,0.665,-2.931,-0.123,Idle
-0.016,0.003,1.034,0.674,-2.922,-0.123,Idle
-0.015,0.004,1.034,0.683,-2.922,-0.087,Idle
-0.016,0.003,1.034,0.674,-2.905,-0.131,Idle
-0.015,0.004,1.034,0.665,-2.922,-0.114,Idle
-0.016,0.004,1.033,0.709,-2.940,-0.096,Idle
-0.015,0.004,1.033,0.700,-2.922,-0.131,Idle
-0.016,0.003,1.034,0.717,-2.905,-0.087,Idle
-0.016,0.004,1.034,0.656,-2.896,-0.105,Idle
-0.016,0.003,1.034,0.744,-2.975,-0.096,Idle
-0.015,0.003,1.033,0.691,-2.957,-0.079,Idle
-0.016,0.004,1.032,0.683,-2.949,-0.123,Idle
-0.015,0.004,1.034,0.656,-2.922,-0.123,Idle
-0.016,0.004,1.034,0.639,-2.922,-0.114,Idle
-0.016,0.004,1.034,0.630,-2.922,-0.123,Idle
-0.015,0.004,1.034,0.656,-2.922,-0.123,Idle
-0.015,0.004,1.034,0.665,-2.914,-0.114,Idle
-0.016,0.004,1.034,0.647,-2.905,-0.149,Idle
-0.016,0.004,1.034,0.683,-2.931,-0.114,Idle
-0.015,0.004,1.034,0.674,-2.922,-0.123,Idle
-0.015,0.003,1.034,0.700,-2.949,-0.114,Idle
-0.015,0.003,1.034,0.647,-2.949,-0.096,Idle
-0.016,0.003,1.035,0.683,-2.931,-0.105,Idle
-0.015,0.004,1.035,0.665,-2.931,-0.123,Idle
-0.016,0.004,1.033,0.683,-2.949,-0.123,Idle
-0.015,0.004,1.034,0.665,-2.922,-0.096,Idle
-0.016,0.003,1.034,0.656,-2.922,-0.105,Idle
-0.016,0.004,1.035,0.674,-2.949,-0.105,Idle
-0.016,0.003,1.033,0.639,-2.931,-0.140,Idle
-0.016,0.003,1.033,0.700,-2.940,-0.157,Idle
-0.016,0.004,1.034,0.700,-2.940,-0.140,Idle
-0.015,0.004,1.034,0.613,-2.931,-0.087,Idle
-0.015,0.003,1.034,0.717,-2.931,-0.114,Idle
-0.015,0.004,1.034,0.674,-2.922,-0.157,Idle
-0.016,0.003,1.033,0.691,-2.931,-0.087,Idle
-0.015,0.003,1.035,0.683,-2.905,-0.123,Idle
-0.016,0.004,1.033,0.656,-2.940,-0.114,Idle
-0.016,0.003,1.034,0.691,-2.914,-0.123,Idle
-0.016,0.004,1.035,0.674,-2.931,-0.096,Idle
-0.016,0.003,1.034,0.674,-2.896,-0.131,Idle
-0.015,0.003,1.034,0.674,-2.931,-0.140,Idle
-0.016,0.003,1.034,0.674,-2.914,-0.114,Idle
-0.016,0.004,1.033,0.709,-2.949,-0.149,Idle
-0.016,0.003,1.034,0.656,-2.905,-0.087,Idle
-0.016,0.003,1.034,0.656,-2.914,-0.105,Idle
-0.016,0.003,1.034,0.709,-2.914,-0.131,Idle
-0.016,0.004,1.034,0.613,-2.949,-0.105,Idle
-0.015,0.003,1.033,0.630,-2.940,-0.157,Idle
-0.015,0.004,1.034,0.665,-2.922,-0.105,Idle
-0.016,0.003,1.034,0.691,-2.922,-0.070,Idle
-0.016,0.004,1.033,0.674,-2.949,-0.114,Idle
-0.016,0.004,1.034,0.674,-2.940,-0.096,Idle
-0.016,0.003,1.034,0.691,-2.914,-0.114,Idle
-0.016,0.003,1.034,0.674,-2.931,-0.087,Idle
-0.016,0.003,1.034,0.674,-2.949,-0.096,Idle
-0.016,0.003,1.034,0.691,-2.905,-0.087,Idle
-0.016,0.003,1.033,0.709,-2.914,-0.096,Idle
-0.015,0.003,1.033,0.647,-2.940,-0.105,Idle
-0.015,0.003,1.033,0.656,-2.957,-0.140,Idle
-0.016,0.003,1.034,0.674,-2.949,-0.123,Idle
-0.014,0.003,1.034,0.691,-2.931,-0.105,Idle
-0.016,0.004,1.034,0.674,-2.966,-0.105,Idle
-0.015,0.003,1.034,0.700,-2.931,-0.087,Idle
-0.016,0.004,1.034,0.674,-2.922,-0.096,Idle
-0.016,0.003,1.034,0.639,-2.914,-0.131,Idle
-0.016,0.003,1.033,0.647,-2.905,-0.131,Idle
-0.017,0.002,1.033,0.709,-2.940,-0.096,Idle
-0.015,0.002,1.033,0.683,-2.905,-0.114,Idle
-0.015,0.004,1.033,0.665,-2.931,-0.105,Idle
-0.016,0.003,1.035,0.647,-2.914,-0.079,Idle
-0.016,0.003,1.033,0.639,-2.896,-0.123,Idle
-0.015,0.003,1.035,0.700,-2.914,-0.096,Idle
-0.015,0.003,1.034,0.674,-2.940,-0.140,Idle
-0.015,0.004,1.033,0.674,-2.940,-0.131,Idle
-0.015,0.003,1.034,0.700,-2.966,-0.123,Idle
-0.016,0.003,1.034,0.639,-2.931,-0.105,Idle
-0.016,0.004,1.033,0.691,-2.922,-0.131,Idle
-0.016,0.004,1.034,0.656,-2.905,-0.114,Idle
-0.016,0.003,1.034,0.717,-2.931,-0.105,Idle
-0.015,0.003,1.033,0.665,-2.914,-0.123,Idle
-0.015,0.004,1.034,0.665,-2.940,-0.131,Idle
-0.015,0.004,1.034,0.700,-2.931,-0.105,Idle
-0.016,0.002,1.034,0.665,-2.922,-0.131,Idle
-0.015,0.003,1.034,0.613,-2.905,-0.114,Idle
-0.016,0.005,1.033,0.656,-2.949,-0.114,Idle
-0.015,0.003,1.035,0.683,-2.931,-0.123,Idle
-0.016,0.004,1.034,0.647,-2.896,-0.114,Idle
-0.016,0.002,1.034,0.665,-2.914,-0.123,Idle
-0.015,0.003,1.033,0.647,-2.914,-0.096,Idle
-0.016,0.003,1.034,0.656,-2.940,-0.096,Idle
-0.017,0.003,1.034,0.691,-2.922,-0.114,Idle
-0.015,0.005,1.034,0.639,-2.940,-0.131,Idle
-0.016,0.004,1.034,0.621,-2.914,-0.131,Idle
-0.016,0.004,1.034,0.717,-2.931,-0.087,Idle
-0.016,0.004,1.034,0.656,-2.949,-0.087,Idle
-0.015,0.004,1.034,0.683,-2.957,-0.123,Idle
-0.016,0.004,1.034,0.647,-2.940,-0.105,Idle
-0.016,0.003,1.034,0.735,-2.949,-0.123,Idle
-0.015,0.004,1.034,0.639,-2.931,-0.140,Idle
-0.016,0.003,1.033,0.613,-2.949,-0.096,Idle
-0.016,0.004,1.034,0.613,-2.896,-0.105,Idle
-0.016,0.005,1.034,0.647,-2.957,-0.131,Idle
-0.016,0.004,1.033,0.683,-2.966,-0.123,Idle
-0.014,0.003,1.033,0.665,-2.975,-0.114,Idle
-0.016,0.003,1.034,0.683,-2.922,-0.079,Idle
-0.015,0.004,1.034,0.744,-2.922,-0.105,Idle
-0.016,0.003,1.034,0.647,-2.914,-0.070,Idle
-0.015,0.003,1.034,0.647,-2.966,-0.140,Idle
-0.015,0.004,1.033,0.665,-2.957,-0.114,Idle
-0.016,0.003,1.034,0.639,-2.914,-0.131,Idle
-0.016,0.002,1.033,0.639,-2.931,-0.105,Idle
-0.016,0.003,1.033,0.577,-2.922,-0.123,Idle
-0.016,0.003,1.034,0.674,-2.940,-0.131,Idle
-0.016,0.004,1.034,0.656,-2.940,-0.105,Idle
-0.017,0.003,1.033,0.665,-2.922,-0.096,Idle
-0.016,0.003,1.033,0.656,-2.957,-0.114,Idle
-0.015,0.004,1.033,0.691,-2.993,-0.157,Idle
-0.016,0.003,1.034,0.700,-2.940,-0.096,Idle
-0.015,0.004,1.034,0.683,-2.905,-0.114,Idle
-0.016,0.003,1.034,0.630,-2.922,-0.087,Idle
-0.015,0.003,1.033,0.639,-2.940,-0.105,Idle
-0.016,0.004,1.034,0.613,-2.931,-0.140,Idle
-0.015,0.003,1.034,0.691,-2.949,-0.123,Idle
-0.016,0.003,1.033,0.683,-2.931,-0.105,Idle
-0.016,0.003,1.033,0.683,-2.931,-0.096,Idle
-0.016,0.004,1.034,0.665,-2.905,-0.079,Idle
-0.016,0.005,1.035,0.700,-2.914,-0.087,Idle
-0.016,0.003,1.033,0.726,-2.896,-0.114,Idle
-0.016,0.003,1.033,0.639,-2.914,-0.149,Idle
-0.015,0.004,1.034,0.683,-2.922,-0.087,Idle
-0.015,0.003,1.033,0.691,-2.922,-0.105,Idle
-0.016,0.003,1.035,0.691,-2.940,-0.096,Idle
-0.015,0.003,1.034,0.647,-2.957,-0.114,Idle
-0.015,0.003,1.034,0.691,-2.914,-0.114,Idle
-0.016,0.003,1.034,0.595,-2.931,-0.123,Idle
-0.016,0.004,1.034,0.647,-2.957,-0.070,Idle
-0.017,0.003,1.033,0.674,-2.957,-0.114,Idle
-0.016,0.004,1.034,0.674,-2.940,-0.105,Idle
-0.015,0.003,1.035,0.647,-2.905,-0.123,Idle
-0.016,0.004,1.034,0.674,-2.949,-0.105,Idle
-0.015,0.004,1.033,0.665,-2.896,-0.123,Idle
-0.015,0.003,1.033,0.674,-2.966,-0.131,Idle
-0.017,0.003,1.034,0.683,-2.949,-0.114,Idle
-0.015,0.004,1.033,0.691,-2.966,-0.087,Idle
-0.016,0.004,1.033,0.674,-2.931,-0.140,Idle
-0.016,0.004,1.033,0.656,-2.931,-0.114,Idle
-0.016,0.004,1.034,0.691,-2.922,-0.140,Idle
-0.016,0.003,1.034,0.630,-2.966,-0.096,Idle
-0.016,0.003,1.034,0.674,-2.914,-0.123,Idle
-0.015,0.003,1.034,0.700,-2.914,-0.096,Idle
-0.015,0.004,1.034,0.700,-2.905,-0.131,Idle
-0.016,0.003,1.032,0.630,-2.931,-0.123,Idle
-0.016,0.003,1.034,0.665,-2.949,-0.149,Idle
-0.016,0.003,1.032,0.665,-2.896,-0.140,Idle
-0.016,0.003,1.034,0.683,-2.922,-0.166,Idle
-0.016,0.003,1.034,0.700,-2.966,-0.123,Idle
-0.016,0.004,1.035,0.674,-2.922,-0.114,Idle
-0.016,0.003,1.033,0.683,-2.931,-0.096,Idle
-0.015,0.004,1.034,0.647,-2.914,-0.096,Idle
-0.016,0.003,1.034,0.683,-2.949,-0.123,Idle
-0.016,0.003,1.033,0.647,-2.922,-0.105,Idle
-0.016,0.004,1.034,0.665,-2.940,-0.123,Idle
-0.016,0.003,1.033,0.665,-2.914,-0.123,Idle
-0.016,0.003,1.035,0.691,-2.957,-0.131,Idle
-0.015,0.003,1.034,0.683,-2.940,-0.096,Idle
-0.016,0.003,1.034,0.639,-2.966,-0.123,Idle
-0.016,0.003,1.033,0.665,-2.896,-0.079,Idle
-0.015,0.003,1.034,0.639,-2.949,-0.079,Idle
-0.016,0.003,1.034,0.665,-2.922,-0.123,Idle
-0.016,0.003,1.034,0.674,-2.940,-0.061,Idle
-0.015,0.005,1.034,0.683,-2.966,-0.114,Idle
-0.015,0.004,1.034,0.621,-2.905,-0.096,Idle
-0.016,0.003,1.034,0.674,-2.922,-0.131,Idle
-0.016,0.003,1.035,0.665,-2.975,-0.149,Idle
-0.015,0.004,1.034,0.683,-2.922,-0.131,Idle
-0.015,0.004,1.034,0.665,-2.914,-0.105,Idle
-0.015,0.004,1.034,0.683,-2.931,-0.096,Idle
-0.016,0.004,1.033,0.656,-2.940,-0.079,Idle
-0.016,0.004,1.034,0.683,-2.931,-0.087,Idle
-0.016,0.004,1.034,0.630,-2.922,-0.123,Idle
-0.015,0.003,1.033,0.726,-2.940,-0.123,Idle
-0.016,0.004,1.034,0.639,-2.957,-0.114,Idle
-0.016,0.003,1.035,0.700,-2.931,-0.105,Idle
-0.015,0.003,1.033,0.700,-2.931,-0.105,Idle
-0.016,0.003,1.033,0.665,-2.914,-0.123,Idle
-0.015,0.003,1.035,0.735,-2.940,-0.149,Idle
-0.015,0.003,1.035,0.665,-2.914,-0.105,Idle
-0.017,0.003,1.034,0.683,-2.922,-0.079,Idle
-0.016,0.004,1.033,0.665,-2.922,-0.131,Idle
-0.015,0.003,1.034,0.683,-2.931,-0.140,Idle
-0.016,0.003,1.034,0.700,-2.931,-0.123,Idle
-0.016,0.004,1.033,0.691,-2.949,-0.114,Idle
-0.015,0.003,1.034,0.656,-2.949,-0.149,Idle
-0.016,0.003,1.034,0.656,-2.957,-0.114,Idle
-0.016,0.004,1.035,0.700,-2.931,-0.096,Idle
-0.016,0.003,1.034,0.639,-2.949,-0.166,Idle
-0.016,0.004,1.034,0.683,-2.940,-0.123,Idle
-0.015,0.004,1.034,0.665,-2.888,-0.105,Idle
-0.015,0.003,1.034,0.639,-2.949,-0.096,Idle
-0.016,0.004,1.034,0.630,-2.922,-0.131,Idle
-0.016,0.004,1.035,0.630,-2.949,-0.114,Idle
-0.016,0.003,1.034,0.665,-2.957,-0.105,Idle
-0.016,0.004,1.034,0.691,-2.905,-0.123,Idle
-0.015,0.004,1.034,0.691,-2.957,-0.131,Idle
-0.016,0.002,1.033,0.691,-2.949,-0.131,Idle
-0.016,0.003,1.034,0.691,-2.940,-0.096,Idle
-0.016,0.003,1.034,0.683,-2.957,-0.149,Idle
-0.016,0.004,1.033,0.700,-2.905,-0.114,Idle
-0.016,0.003,1.034,0.621,-2.922,-0.087,Idle
-0.016,0.004,1.035,0.674,-2.905,-0.079,Idle
-0.015,0.003,1.034,0.613,-2.931,-0.096,Idle
-0.015,0.004,1.034,0.683,-2.940,-0.087,Idle
-0.015,0.003,1.033,0.665,-2.957,-0.105,Idle
-0.016,0.003,1.033,0.639,-2.922,-0.096,Idle
-0.016,0.003,1.034,0.621,-2.940,-0.123,Idle
-0.015,0.004,1.034,0.665,-2.940,-0.087,Idle
-0.016,0.003,1.033,0.700,-2.940,-0.105,Idle
-0.016,0.003,1.034,0.674,-2.966,-0.149,Idle
-0.015,0.003,1.033,0.674,-2.957,-0.087,Idle
-0.015,0.003,1.034,0.665,-2.922,-0.123,Idle
-0.016,0.003,1.034,0.639,-2.949,-0.096,Idle
-0.016,0.003,1.034,0.639,-2.940,-0.131,Idle
-0.015,0.003,1.034,0.630,-2.914,-0.079,Idle
-0.016,0.004,1.036,0.683,-2.922,-0.105,Idle
-0.015,0.004,1.034,0.683,-2.975,-0.140,Idle
-0.016,0.004,1.033,0.700,-2.914,-0.087,Idle
-0.017,0.003,1.034,0.674,-2.914,-0.114,Idle
-0.016,0.003,1.034,0.691,-2.905,-0.123,Idle
-0.015,0.004,1.035,0.647,-2.966,-0.096,Idle
-0.016,0.003,1.034,0.674,-2.931,-0.114,Idle
-0.015,0.004,1.034,0.665,-2.940,-0.105,Idle
-0.017,0.003,1.034,0.683,-2.940,-0.087,Idle
-0.016,0.003,1.034,0.656,-2.922,-0.123,Idle
-0.015,0.003,1.035,0.665,-2.957,-0.096,Idle
-0.015,0.003,1.033,0.656,-2.905,-0.096,Idle
-0.016,0.003,1.034,0.674,-2.922,-0.123,Idle
-0.016,0.003,1.034,0.656,-2.949,-0.105,Idle
-0.015,0.004,1.033,0.674,-2.914,-0.140,Idle
-0.015,0.004,1.034,0.621,-2.931,-0.123,Idle
-0.016,0.003,1.033,0.613,-2.922,-0.123,Idle
-0.016,0.004,1.034,0.700,-2.922,-0.123,Idle
-0.016,0.004,1.034,0.752,-2.905,-0.096,Idle
-0.016,0.004,1.033,0.665,-2.914,-0.114,Idle
-0.014,0.004,1.034,0.683,-2.922,-0.131,Idle
-0.016,0.004,1.034,0.717,-2.922,-0.123,Idle
-0.015,0.003,1.033,0.674,-2.922,-0.140,Idle
-0.016,0.003,1.035,0.691,-2.922,-0.087,Idle
-0.015,0.003,1.033,0.709,-2.922,-0.114,Idle
-0.016,0.004,1.034,0.647,-2.922,-0.105,Idle
-0.016,0.005,1.034,0.683,-2.931,-0.114,Idle
-0.015,0.003,1.033,0.656,-2.922,-0.096,Idle
-0.016,0.004,1.034,0.647,-2.931,-0.123,Idle
-0.016,0.004,1.034,0.665,-2.949,-0.114,Idle
-0.015,0.003,1.035,0.647,-2.940,-0.131,Idle
-0.016,0.003,1.036,0.700,-2.914,-0.079,Idle
-0.016,0.005,1.034,0.683,-2.949,-0.079,Idle
-0.016,0.002,1.034,0.621,-2.984,-0.131,Idle
-0.015,0.003,1.035,0.665,-2.931,-0.114,Idle
-0.016,0.004,1.033,0.630,-2.922,-0.105,Idle
-0.016,0.003,1.033,0.639,-2.949,-0.114,Idle
-0.016,0.004,1.034,0.656,-2.949,-0.114,Idle
-0.016,0.003,1.035,0.700,-2.914,-0.131,Idle
-0.016,0.003,1.034,0.665,-2.922,-0.079,Idle
-0.016,0.003,1.033,0.717,-2.931,-0.096,Idle
-0.016,0.003,1.034,0.674,-2.940,-0.114,Idle
-0.016,0.003,1.034,0.647,-2.949,-0.131,Idle
-0.015,0.004,1.033,0.683,-2.914,-0.114,Idle
-0.017,0.003,1.033,0.683,-2.931,-0.131,Idle
-0.016,0.003,1.035,0.674,-2.879,-0.140,Idle
-0.015,0.003,1.033,0.647,-2.957,-0.105,Idle
-0.015,0.003,1.034,0.691,-2.940,-0.131,Idle
-0.015,0.004,1.033,0.639,-2.940,-0.114,Idle
-0.016,0.004,1.034,0.726,-2.922,-0.123,Idle
-0.016,0.003,1.033,0.647,-2.931,-0.114,Idle
-0.016,0.003,1.033,0.683,-2.957,-0.105,Idle
-0.016,0.003,1.035,0.665,-2.931,-0.096,Idle
-0.015,0.004,1.033,0.691,-2.931,-0.096,Idle
-0.016,0.004,1.034,0.656,-2.931,-0.114,Idle
-0.016,0.003,1.034,0.656,-2.966,-0.157,Idle
-0.016,0.004,1.033,0.665,-2.914,-0.114,Idle
-0.015,0.003,1.034,0.691,-2.922,-0.123,Idle
-0.015,0.003,1.034,0.630,-2.922,-0.114,Idle
-0.015,0.004,1.034,0.709,-2.940,-0.131,Idle
-0.015,0.004,1.034,0.613,-2.940,-0.114,Idle
-0.016,0.003,1.033,0.665,-2.940,-0.096,Idle
-0.016,0.004,1.035,0.613,-2.922,-0.096,Idle
-0.015,0.003,1.033,0.691,-2.940,-0.105,Idle
-0.016,0.003,1.033,0.717,-2.922,-0.087,Idle
-0.016,0.004,1.033,0.700,-2.888,-0.131,Idle
-0.016,0.003,1.034,0.665,-2.975,-0.105,Idle
-0.015,0.003,1.034,0.674,-2.852,-0.114,Idle
-0.016,0.004,1.034,0.674,-2.949,-0.123,Idle
-0.016,0.004,1.034,0.700,-2.949,-0.123,Idle
-0.016,0.003,1.034,0.656,-2.940,-0.131,Idle
-0.015,0.003,1.034,0.621,-2.922,-0.105,Idle
-0.017,0.003,1.034,0.639,-2.922,-0.140,Idle
-0.016,0.004,1.033,0.639,-2.957,-0.114,Idle
-0.016,0.003,1.034,0.700,-2.949,-0.131,Idle
-0.016,0.003,1.033,0.630,-2.896,-0.087,Idle
-0.017,0.004,1.035,0.691,-2.922,-0.070,Idle
-0.015,0.003,1.034,0.700,-2.914,-0.096,Idle
-0.016,0.003,1.033,0.656,-2.949,-0.096,Idle
-0.015,0.003,1.034,0.717,-2.888,-0.096,Idle
-0.016,0.004,1.034,0.621,-2.949,-0.087,Idle
-0.016,0.004,1.035,0.717,-2.896,-0.105,Idle
-0.016,0.004,1.034,0.717,-2.940,-0.096,Idle
-0.017,0.003,1.033,0.683,-2.914,-0.123,Idle
-0.015,0.003,1.034,0.665,-2.940,-0.105,Idle
-0.016,0.004,1.034,0.691,-2.931,-0.131,Idle
-0.015,0.003,1.034,0.683,-2.949,-0.114,Idle
-0.016,0.004,1.034,0.665,-2.922,-0.105,Idle
-0.015,0.003,1.033,0.665,-2.940,-0.105,Idle
-0.015,0.003,1.033,0.691,-2.922,-0.123,Idle
-0.016,0.003,1.034,0.665,-2.896,-0.131,Idle
-0.015,0.005,1.033,0.700,-2.914,-0.140,Idle
-0.016,0.004,1.034,0.683,-2.914,-0.123,Idle
-0.016,0.003,1.034,0.674,-2.922,-0.114,Idle
-0.016,0.004,1.034,0.691,-2.905,-0.087,Idle
-0.016,0.003,1.034,0.647,-2.914,-0.096,Idle
-0.016,0.004,1.033,0.683,-2.931,-0.131,Idle
-0.015,0.003,1.033,0.700,-2.922,-0.131,Idle
-0.016,0.003,1.033,0.630,-2.949,-0.114,Idle
-0.016,0.004,1.035,0.674,-2.896,-0.114,Idle
-0.016,0.004,1.033,0.683,-2.949,-0.131,Idle
-0.016,0.003,1.034,0.683,-2.922,-0.105,Idle
-0.016,0.003,1.034,0.691,-2.914,-0.096,Idle
-0.016,0.004,1.033,0.691,-2.949,-0.140,Idle
-0.015,0.003,1.033,0.674,-2.914,-0.123,Idle
-0.016,0.003,1.033,0.700,-2.940,-0.114,Idle
-0.015,0.003,1.033,0.683,-2.949,-0.105,Idle
-0.016,0.003,1.033,0.761,-2.940,-0.114,Idle
-0.015,0.004,1.035,0.709,-2.931,-0.131,Idle
-0.016,0.004,1.034,0.691,-2.914,-0.114,Idle
-0.016,0.003,1.034,0.639,-2.905,-0.140,Idle
-0.016,0.003,1.033,0.639,-2.922,-0.096,Idle
-0.016,0.004,1.034,0.683,-2.940,-0.105,Idle
-0.016,0.003,1.034,0.709,-2.931,-0.114,Idle
-0.016,0.003,1.034,0.709,-2.940,-0.131,Idle
-0.016,0.004,1.034,0.656,-2.914,-0.114,Idle
-0.016,0.003,1.033,0.691,-2.940,-0.131,Idle
-0.016,0.003,1.033,0.656,-2.957,-0.105,Idle
-0.016,0.003,1.035,0.674,-2.940,-0.105,Idle
-0.016,0.003,1.033,0.761,-2.940,-0.131,Idle
-0.016,0.003,1.033,0.630,-2.896,-0.131,Idle
-0.016,0.004,1.034,0.717,-2.896,-0.079,Idle
-0.015,0.004,1.035,0.656,-2.957,-0.096,Idle
-0.015,0.005,1.033,0.665,-2.922,-0.123,Idle
-0.015,0.003,1.034,0.674,-2.914,-0.096,Idle
-0.016,0.004,1.033,0.647,-2.940,-0.114,Idle
-0.015,0.003,1.034,0.665,-2.957,-0.114,Idle
-0.016,0.004,1.034,0.656,-2.940,-0.140,Idle
-0.016,0.003,1.033,0.613,-2.940,-0.105,Idle
-0.016,0.002,1.034,0.674,-2.922,-0.096,Idle
-0.016,0.003,1.035,0.691,-2.905,-0.157,Idle
-0.016,0.003,1.034,0.665,-2.931,-0.114,Idle
-0.016,0.004,1.033,0.709,-2.922,-0.123,Idle
-0.016,0.004,1.033,0.674,-2.957,-0.123,Idle
-0.016,0.003,1.035,0.656,-2.896,-0.096,Idle
-0.016,0.003,1.034,0.665,-2.922,-0.096,Idle
-0.016,0.004,1.034,0.683,-2.940,-0.123,Idle
-0.016,0.003,1.033,0.691,-2.940,-0.123,Idle
-0.016,0.003,1.034,0.656,-2.940,-0.123,Idle
-0.017,0.003,1.034,0.691,-2.905,-0.105,Idle
-0.016,0.003,1.035,0.665,-2.931,-0.114,Idle
-0.015,0.004,1.033,0.665,-2.914,-0.096,Idle
-0.016,0.003,1.034,0.700,-2.957,-0.105,Idle
-0.016,0.004,1.034,0.674,-2.931,-0.114,Idle
-0.016,0.004,1.034,0.586,-2.905,-0.131,Idle
-0.016,0.003,1.034,0.709,-2.940,-0.149,Idle
-0.016,0.003,1.035,0.700,-2.922,-0.114,Idle
-0.015,0.004,1.033,0.726,-2.949,-0.079,Idle
-0.017,0.003,1.033,0.700,-2.914,-0.131,Idle
-0.016,0.003,1.033,0.674,-2.949,-0.123,Idle
-0.015,0.003,1.035,0.691,-2.905,-0.114,Idle
-0.016,0.004,1.033,0.683,-2.905,-0.114,Idle
-0.016,0.004,1.034,0.639,-2.922,-0.114,Idle
-0.016,0.003,1.034,0.674,-2.966,-0.140,Idle
-0.016,0.003,1.034,0.691,-2.966,-0.087,Idle
-0.016,0.003,1.033,0.639,-2.905,-0.131,Idle
-0.016,0.004,1.034,0.647,-2.931,-0.123,Idle
-0.016,0.003,1.034,0.691,-2.914,-0.105,Idle
-0.016,0.004,1.034,0.613,-2.914,-0.149,Idle
-0.015,0.003,1.035,0.665,-2.931,-0.123,Idle
-0.016,0.004,1.034,0.683,-2.931,-0.131,Idle
-0.015,0.004,1.035,0.665,-2.931,-0.096,Idle
-0.017,0.003,1.034,0.691,-2.914,-0.123,Idle
-0.016,0.003,1.034,0.700,-2.940,-0.096,Idle
-0.014,0.003,1.034,0.647,-2.940,-0.096,Idle
-0.015,0.003,1.033,0.674,-2.922,-0.123,Idle
-0.017,0.004,1.033,0.656,-2.949,-0.123,Idle
-0.016,0.004,1.033,0.709,-2.922,-0.131,Idle
-0.017,0.003,1.033,0.683,-2.949,-0.123,Idle
-0.015,0.004,1.033,0.683,-2.922,-0.149,Idle
-0.017,0.003,1.034,0.665,-2.984,-0.123,Idle
-0.016,0.003,1.033,0.700,-2.896,-0.123,Idle
-0.015,0.004,1.035,0.630,-2.940,-0.140,Idle
-0.015,0.003,1.034,0.683,-2.931,-0.079,Idle
-0.015,0.004,1.033,0.665,-2.931,-0.123,Idle
-0.016,0.004,1.033,0.656,-2.931,-0.105,Idle
-0.014,0.003,1.033,0.665,-2.931,-0.105,Idle
-0.015,0.003,1.034,0.709,-2.940,-0.105,Idle
-0.016,0.004,1.034,0.700,-2.940,-0.105,Idle
-0.016,0.004,1.034,0.674,-2.905,-0.123,Idle
-0.015,0.003,1.033,0.691,-2.949,-0.096,Idle
-0.016,0.003,1.033,0.674,-2.931,-0.131,Idle
-0.015,0.004,1.033,0.665,-2.940,-0.114,Idle
-0.016,0.005,1.032,0.674,-2.940,-0.123,Idle
-0.015,0.004,1.035,0.691,-2.940,-0.105,Idle
-0.015,0.004,1.034,0.665,-2.896,-0.114,Idle
-0.016,0.003,1.034,0.656,-2.975,-0.123,Idle
-0.016,0.004,1.034,0.665,-2.914,-0.131,Idle
-0.016,0.003,1.034,0.691,-2.896,-0.123,Idle
-0.016,0.003,1.033,0.674,-2.931,-0.114,Idle
-0.015,0.003,1.035,0.630,-2.914,-0.096,Idle
-0.016,0.004,1.034,0.683,-2.949,-0.096,Idle
-0.016,0.004,1.033,0.656,-2.949,-0.123,Idle
-0.016,0.003,1.034,0.700,-2.966,-0.114,Idle
-0.016,0.003,1.034,0.656,-2.905,-0.123,Idle
-0.015,0.005,1.035,0.630,-2.940,-0.096,Idle
-0.016,0.003,1.034,0.683,-2.896,-0.123,Idle
-0.016,0.003,1.034,0.674,-2.957,-0.131,Idle
-0.016,0.003,1.034,0.735,-2.905,-0.114,Idle
-0.016,0.004,1.034,0.717,-2.922,-0.087,Idle
-0.015,0.003,1.034,0.647,-2.922,-0.087,Idle
-0.015,0.003,1.034,0.700,-2.984,-0.096,Idle
-0.016,0.004,1.033,0.683,-2.922,-0.123,Idle
-0.016,0.003,1.034,0.674,-2.957,-0.123,Idle
-0.015,0.004,1.034,0.717,-2.940,-0.123,Idle
-0.016,0.004,1.033,0.674,-2.931,-0.131,Idle
-0.016,0.003,1.034,0.744,-2.957,-0.123,Idle
-0.015,0.003,1.034,0.683,-2.931,-0.105,Idle
-0.016,0.004,1.034,0.674,-2.931,-0.123,Idle
-0.016,0.003,1.034,0.613,-2.896,-0.087,Idle
-0.015,0.003,1.032,0.700,-2.940,-0.087,Idle
-0.015,0.003,1.033,0.604,-2.957,-0.114,Idle
-0.016,0.003,1.033,0.586,-2.957,-0.087,Idle
-0.016,0.003,1.034,0.577,-2.896,-0.096,Idle
-0.016,0.003,1.033,0.560,-2.861,-0.123,Idle
-0.015,0.003,1.033,0.647,-2.940,-0.123,Idle
-0.016,0.003,1.033,0.604,-2.914,-0.096,Idle
-0.015,0.003,1.033,0.674,-2.922,-0.105,Idle
-0.016,0.003,1.033,0.665,-2.931,-0.096,Idle
-0.015,0.004,1.034,0.700,-2.949,-0.114,Idle
-0.014,0.004,1.035,0.674,-2.922,-0.114,Idle
-0.014,0.003,1.033,0.691,-2.940,-0.114,Idle
-0.016,0.004,1.034,0.744,-2.931,-0.114,Idle
-0.015,0.004,1.034,0.700,-2.966,-0.123,Idle
-0.016,0.003,1.033,0.656,-2.922,-0.131,Idle
-0.015,0.004,1.033,0.691,-2.931,-0.123,Idle
-0.015,0.003,1.033,0.683,-2.931,-0.131,Idle
-0.015,0.003,1.034,0.717,-2.931,-0.105,Idle
-0.016,0.003,1.033,0.700,-2.940,-0.096,Idle
-0.016,0.003,1.035,0.761,-2.940,-0.114,Idle
-0.015,0.003,1.033,0.709,-2.949,-0.105,Idle
-0.015,0.003,1.033,0.700,-2.949,-0.105,Idle
-0.016,0.004,1.033,0.691,-2.940,-0.140,Idle
-0.014,0.003,1.033,0.761,-2.940,-0.096,Idle
-0.016,0.004,1.034,0.726,-2.940,-0.123,Idle
-0.015,0.004,1.034,0.700,-3.001,-0.114,Idle
-0.015,0.004,1.036,0.761,-2.931,-0.087,Idle
-0.016,0.004,1.032,0.683,-2.940,-0.123,Idle
-0.015,0.003,1.033,0.700,-2.931,-0.087,Idle
-0.016,0.003,1.032,0.683,-2.940,-0.114,Idle
-0.015,0.003,1.033,0.709,-2.931,-0.123,Idle
-0.016,0.003,1.032,0.709,-2.957,-0.105,Idle
-0.017,0.003,1.032,0.744,-2.993,-0.079,Idle
-0.015,0.003,1.035,0.770,-2.949,-0.149,Idle
-0.016,0.003,1.033,0.744,-2.949,-0.114,Idle
-0.015,0.004,1.032,0.788,-2.966,-0.087,Idle
-0.015,0.004,1.033,0.788,-3.001,-0.114,Idle
-0.016,0.004,1.032,0.744,-2.931,-0.105,Idle
-0.015,0.004,1.035,0.840,-3.019,-0.131,Idle
-0.016,0.004,1.033,0.796,-2.931,-0.123,Idle
-0.016,0.004,1.034,0.919,-3.019,-0.123,Idle
-0.016,0.005,1.036,0.735,-2.975,-0.105,Idle
-0.015,0.005,1.035,0.674,-2.922,-0.105,Idle
-0.016,0.004,1.031,0.551,-2.905,-0.114,Idle
-0.015,0.004,1.033,0.534,-2.870,-0.149,Idle
-0.015,0.005,1.034,0.481,-2.888,-0.157,Idle
-0.016,0.004,1.032,0.543,-2.888,-0.114,Idle
-0.016,0.005,1.034,0.805,-2.984,-0.131,Idle
-0.016,0.005,1.038,0.691,-2.940,-0.079,Idle
-0.016,0.003,1.030,0.481,-2.870,-0.096,Idle
-0.017,0.003,1.028,0.543,-2.896,-0.131,Idle
-0.014,0.005,1.035,0.770,-2.940,-0.105,Idle
-0.016,0.004,1.035,0.577,-2.905,-0.140,Idle
-0.015,0.005,1.034,0.525,-2.879,-0.131,Idle
-0.015,0.003,1.032,0.665,-2.914,-0.096,Idle
-0.015,0.004,1.036,0.770,-2.957,-0.149,Idle
-0.016,0.004,1.034,0.691,-2.922,-0.114,Idle
-0.016,0.004,1.035,0.630,-2.931,-0.114,Idle
-0.015,0.004,1.032,0.665,-2.888,-0.123,Idle
-0.015,0.005,1.033,0.726,-2.940,-0.079,Idle
-0.015,0.004,1.034,0.691,-2.975,-0.105,Idle
-0.017,0.003,1.033,0.665,-2.966,-0.114,Idle
-0.015,0.004,1.035,0.691,-2.931,-0.114,Idle
-0.015,0.003,1.035,0.683,-2.940,-0.131,Idle
-0.015,0.005,1.034,0.621,-2.931,-0.114,Idle
-0.015,0.004,1.034,0.586,-2.922,-0.131,Idle
-0.015,0.004,1.031,0.674,-2.888,-0.105,Idle
-0.016,0.003,1.032,0.735,-2.949,-0.105,Idle
-0.016,0.004,1.032,0.726,-2.966,-0.114,Idle
-0.016,0.004,1.033,0.788,-2.940,-0.123,Idle
-0.016,0.004,1.034,0.875,-3.010,-0.087,Idle
-0.015,0.005,1.034,0.691,-2.949,-0.079,Idle
-0.016,0.004,1.034,0.613,-2.940,-0.123,Idle
-0.016,0.004,1.034,0.639,-2.896,-0.105,Idle
-0.015,0.004,1.035,0.717,-2.905,-0.123,Idle
-0.015,0.005,1.033,0.647,-2.975,-0.114,Idle
-0.015,0.005,1.034,0.639,-2.957,-0.131,Idle
-0.014,0.003,1.034,0.665,-2.940,-0.105,Idle
-0.015,0.005,1.034,0.674,-2.914,-0.114,Idle
-0.015,0.005,1.033,0.577,-2.905,-0.096,Idle
-0.015,0.005,1.034,0.621,-2.940,-0.131,Idle
-0.016,0.005,1.034,0.613,-2.879,-0.096,Idle
-0.016,0.004,1.034,0.543,-2.861,-0.123,Idle
-0.016,0.004,1.033,0.507,-2.835,-0.131,Idle
-0.016,0.004,1.035,0.604,-2.896,-0.123,Idle
-0.015,0.005,1.034,0.639,-2.888,-0.105,Idle
-0.015,0.004,1.033,0.525,-2.896,-0.149,Idle
-0.016,0.005,1.033,0.595,-2.888,-0.123,Idle
-0.016,0.003,1.032,0.577,-2.888,-0.140,Idle
-0.016,0.004,1.032,0.595,-2.922,-0.096,Idle
-0.015,0.004,1.034,0.630,-2.922,-0.096,Idle
-0.015,0.005,1.035,0.613,-2.896,-0.114,Idle
-0.015,0.004,1.033,0.595,-2.879,-0.123,Idle
-0.015,0.004,1.033,0.639,-2.931,-0.131,Idle
-0.016,0.003,1.033,0.735,-2.984,-0.140,Idle
-0.016,0.004,1.033,0.630,-2.922,-0.105,Idle
-0.015,0.003,1.033,0.639,-2.922,-0.087,Idle
-0.016,0.003,1.032,0.630,-2.922,-0.087,Idle
-0.015,0.003,1.033,0.604,-2.949,-0.087,Idle
-0.016,0.003,1.033,0.717,-2.922,-0.131,Idle
-0.017,0.004,1.034,0.709,-2.957,-0.123,Idle
-0.016,0.003,1.034,0.717,-2.957,-0.096,Idle
-0.016,0.003,1.033,0.674,-2.966,-0.123,Idle
-0.015,0.004,1.033,0.822,-2.975,-0.096,Idle
-0.017,0.005,1.034,0.866,-3.001,-0.079,Idle
-0.016,0.004,1.033,0.884,-2.993,-0.096,Idle
-0.014,0.004,1.034,0.779,-2.975,-0.096,Idle
-0.016,0.004,1.035,0.674,-2.931,-0.079,Idle
-0.016,0.003,1.033,0.639,-2.914,-0.096,Idle
-0.014,0.005,1.035,0.691,-2.940,-0.087,Idle
-0.016,0.004,1.034,0.665,-2.922,-0.105,Idle
-0.016,0.003,1.033,0.700,-2.922,-0.114,Idle
-0.016,0.004,1.033,0.744,-2.940,-0.140,Idle
-0.016,0.004,1.033,0.700,-2.949,-0.123,Idle
-0.015,0.004,1.033,0.700,-2.931,-0.105,Idle
-0.015,0.003,1.033,0.717,-2.975,-0.079,Idle
-0.014,0.005,1.033,0.726,-2.975,-0.123,Idle
-0.016,0.004,1.033,0.735,-2.957,-0.123,Idle
-0.016,0.004,1.034,0.735,-2.922,-0.096,Idle
-0.016,0.003,1.032,0.647,-2.922,-0.096,Idle
-0.015,0.004,1.033,0.639,-2.922,-0.105,Idle
-0.015,0.004,1.032,0.656,-2.922,-0.096,Idle
-0.017,0.002,1.031,0.761,-2.993,-0.096,Idle
-0.015,0.005,1.034,0.831,-2.966,-0.123,Idle
-0.016,0.005,1.034,0.822,-3.019,-0.096,Idle
-0.014,0.004,1.035,0.858,-3.001,-0.131,Idle
-0.016,0.004,1.034,0.752,-2.957,-0.105,Idle
-0.012,0.011,1.045,0.752,-2.957,-0.140,Idle
-0.009,0.018,1.066,0.858,-3.036,-0.079,Idle
-0.016,-0.000,1.024,0.560,-2.896,-0.114,Idle
-0.014,0.007,1.038,0.814,-2.966,-0.079,Idle
-0.016,0.003,1.029,0.516,-2.870,-0.131,Idle
-0.015,0.005,1.034,0.858,-3.019,-0.114,Idle
-0.016,0.005,1.035,0.796,-3.027,-0.087,Idle
-0.017,0.005,1.031,0.717,-3.001,-0.096,Idle
-0.015,0.005,1.033,0.490,-2.852,-0.114,Idle
-0.015,0.004,1.033,0.534,-2.852,-0.096,Idle
-0.016,0.004,1.032,0.507,-2.870,-0.140,Idle
-0.015,0.005,1.034,0.543,-2.852,-0.123,Idle
-0.015,0.005,1.034,0.560,-2.879,-0.131,Idle
-0.015,0.004,1.032,0.464,-2.896,-0.123,Idle
-0.013,0.010,1.068,1.426,-3.220,-0.079,Idle
-0.017,0.005,1.033,0.709,-2.966,-0.096,Idle
-0.013,0.006,1.038,0.551,-2.905,-0.096,Idle
-0.014,0.004,1.034,0.674,-2.957,-0.105,Idle
-0.017,0.003,1.032,0.621,-2.940,-0.087,Idle
-0.015,0.003,1.032,0.665,-2.914,-0.105,Idle
-0.015,0.006,1.035,0.630,-2.914,-0.114,Idle
-0.015,0.004,1.034,0.691,-2.931,-0.123,Idle
-0.015,0.004,1.033,0.630,-2.905,-0.096,Idle
-0.016,0.003,1.033,0.674,-2.940,-0.114,Idle
-0.015,0.005,1.035,0.665,-2.905,-0.096,Idle
-0.014,0.005,1.033,0.752,-2.957,-0.131,Idle
-0.016,0.003,1.032,0.726,-2.949,-0.096,Idle
-0.015,0.006,1.036,0.796,-2.949,-0.114,Idle
-0.016,0.004,1.033,0.525,-2.852,-0.149,Idle
-0.016,0.004,1.034,0.630,-2.931,-0.131,Idle
-0.015,0.005,1.033,0.700,-2.914,-0.096,Idle
-0.016,0.004,1.034,0.709,-2.940,-0.123,Idle
-0.016,0.003,1.032,0.674,-2.993,-0.105,Idle
-0.015,0.004,1.035,0.700,-2.940,-0.096,Idle
-0.015,0.005,1.037,0.656,-2.914,-0.079,Idle
-0.015,0.005,1.033,0.499,-2.914,-0.123,Idle
-0.015,0.005,1.033,0.613,-2.888,-0.096,Idle
-0.016,0.006,1.033,0.691,-2.940,-0.114,Idle
-0.015,0.004,1.034,0.621,-2.922,-0.131,Idle
-0.016,0.004,1.033,0.709,-2.966,-0.140,Idle
-0.016,0.003,1.035,0.665,-2.905,-0.140,Idle
-0.016,0.004,1.033,0.639,-2.905,-0.096,Idle
-0.016,0.003,1.034,0.656,-2.896,-0.079,Idle
-0.017,0.003,1.033,0.595,-2.922,-0.079,Idle
-0.016,0.003,1.033,0.683,-2.931,-0.105,Idle
-0.016,0.004,1.034,0.647,-2.905,-0.131,Idle
-0.015,0.005,1.033,0.630,-2.922,-0.114,Idle
-0.015,0.005,1.033,0.604,-2.922,-0.123,Idle
-0.016,0.005,1.034,0.700,-2.914,-0.114,Idle
-0.016,0.003,1.034,0.639,-2.931,-0.096,Idle
-0.016,0.003,1.034,0.613,-2.914,-0.087,Idle
-0.015,0.003,1.034,0.691,-2.966,-0.087,Idle
-0.016,0.004,1.033,0.709,-2.914,-0.105,Idle
-0.015,0.003,1.034,0.621,-2.914,-0.114,Idle
-0.016,0.004,1.033,0.709,-2.896,-0.123,Idle
-0.016,0.003,1.033,0.709,-2.914,-0.070,Idle
-0.015,0.004,1.033,0.647,-2.940,-0.123,Idle
-0.015,0.004,1.034,0.674,-2.922,-0.087,Idle
-0.015,0.005,1.034,0.639,-2.931,-0.123,Idle
-0.016,0.004,1.033,0.683,-2.914,-0.087,Idle
-0.016,0.004,1.033,0.656,-2.922,-0.114,Idle
-0.016,0.004,1.034,0.674,-2.931,-0.123,Idle
-0.016,0.003,1.033,0.683,-2.922,-0.114,Idle
-0.015,0.004,1.033,0.683,-2.949,-0.114,Idle
-0.016,0.004,1.034,0.665,-2.931,-0.096,Idle
-0.015,0.004,1.033,0.691,-2.966,-0.105,Idle
-0.015,0.004,1.035,0.639,-2.905,-0.131,Idle
-0.015,0.005,1.033,0.613,-2.949,-0.123,Idle
-0.015,0.004,1.033,0.647,-2.914,-0.114,Idle
-0.015,0.005,1.033,0.691,-2.922,-0.105,Idle
-0.016,0.004,1.033,0.683,-2.905,-0.096,Idle
-0.016,0.004,1.033,0.613,-2.931,-0.105,Idle
-0.016,0.003,1.033,0.665,-2.922,-0.140,Idle
-0.016,0.002,1.033,0.683,-2.905,-0.087,Idle
-0.016,0.004,1.034,0.647,-2.949,-0.087,Idle
-0.015,0.005,1.033,0.639,-2.905,-0.131,Idle
-0.015,0.004,1.033,0.630,-2.914,-0.105,Idle
-0.016,0.004,1.034,0.674,-2.922,-0.096,Idle
-0.016,0.004,1.034,0.683,-2.949,-0.149,Idle
-0.016,0.005,1.034,0.691,-2.949,-0.114,Idle
-0.015,0.004,1.033,0.647,-2.940,-0.123,Idle
-0.016,0.004,1.033,0.665,-2.940,-0.105,Idle
-0.015,0.004,1.034,0.630,-2.993,-0.105,Idle
-0.016,0.004,1.033,0.665,-2.957,-0.123,Idle
-0.016,0.004,1.034,0.639,-2.905,-0.105,Idle
-0.016,0.004,1.033,0.691,-2.931,-0.149,Idle
-0.015,0.003,1.034,0.700,-2.922,-0.131,Idle
-0.016,0.004,1.034,0.656,-2.931,-0.114,Idle
-0.016,0.004,1.033,0.647,-2.905,-0.096,Idle
-0.016,0.003,1.033,0.700,-2.922,-0.087,Idle
-0.015,0.004,1.034,0.691,-2.949,-0.149,Idle
-0.016,0.004,1.034,0.683,-2.888,-0.087,Idle
-0.015,0.003,1.033,0.700,-2.922,-0.105,Idle
-0.016,0.005,1.033,0.691,-2.905,-0.123,Idle
-0.016,0.004,1.034,0.630,-2.914,-0.131,Idle
-0.015,0.005,1.034,0.674,-2.931,-0.105,Idle
-0.016,0.004,1.034,0.691,-2.905,-0.131,Idle
-0.017,0.003,1.034,0.630,-2.931,-0.114,Idle
-0.016,0.004,1.035,0.639,-2.940,-0.123,Idle
-0.015,0.003,1.033,0.604,-2.896,-0.105,Idle
-0.016,0.004,1.033,0.630,-2.905,-0.114,Idle
-0.015,0.004,1.034,0.656,-2.896,-0.105,Idle
-0.016,0.004,1.035,0.665,-2.905,-0.096,Idle
-0.015,0.004,1.035,0.665,-2.888,-0.105,Idle
-0.016,0.005,1.034,0.683,-2.940,-0.131,Idle
-0.016,0.003,1.034,0.683,-2.966,-0.105,Idle
-0.015,0.004,1.034,0.674,-2.940,-0.149,Idle
-0.016,0.004,1.034,0.630,-2.914,-0.140,Idle
-0.015,0.004,1.032,0.665,-2.922,-0.157,Idle
-0.015,0.004,1.033,0.674,-2.914,-0.123,Idle
-0.016,0.005,1.033,0.691,-2.940,-0.157,Idle
-0.014,0.005,1.033,0.656,-2.922,-0.114,Idle
-0.016,0.004,1.034,0.683,-2.931,-0.131,Idle
-0.016,0.005,1.034,0.647,-2.931,-0.114,Idle
-0.017,0.003,1.034,0.726,-2.949,-0.087,Idle
-0.015,0.003,1.034,0.639,-2.931,-0.061,Idle
-0.016,0.003,1.035,0.691,-2.931,-0.123,Idle
-0.016,0.004,1.033,0.674,-2.922,-0.114,Idle
-0.016,0.003,1.034,0.595,-2.949,-0.096,Idle
-0.016,0.005,1.033,0.665,-2.931,-0.079,Idle
-0.016,0.003,1.034,0.700,-2.957,-0.096,Idle
-0.015,0.004,1.034,0.709,-2.931,-0.096,Idle
-0.016,0.004,1.034,0.691,-2.949,-0.114,Idle
-0.015,0.004,1.032,0.604,-2.922,-0.114,Idle
-0.015,0.005,1.035,0.691,-2.940,-0.114,Idle
-0.017,0.002,1.033,0.700,-2.931,-0.123,Idle
-0.017,0.003,1.033,0.665,-2.914,-0.114,Idle
-0.016,0.004,1.034,0.683,-2.896,-0.114,Idle
-0.016,0.004,1.034,0.656,-2.931,-0.114,Idle
-0.016,0.004,1.034,0.639,-2.922,-0.096,Idle
-0.015,0.003,1.033,0.639,-2.940,-0.123,Idle
-0.015,0.005,1.035,0.700,-2.949,-0.114,Idle
-0.016,0.004,1.034,0.735,-2.905,-0.096,Idle
-0.015,0.005,1.033,0.691,-2.914,-0.123,Idle
-0.016,0.004,1.035,0.691,-2.922,-0.114,Idle
-0.015,0.004,1.034,0.700,-2.922,-0.114,Idle
-0.016,0.004,1.034,0.700,-2.905,-0.131,Idle
-0.016,0.004,1.033,0.665,-2.922,-0.096,Idle
-0.015,0.004,1.033,0.639,-2.914,-0.114,Idle
-0.016,0.003,1.033,0.665,-2.914,-0.114,Idle
-0.015,0.004,1.033,0.665,-2.896,-0.149,Idle
-0.015,0.004,1.034,0.621,-2.922,-0.105,Idle
-0.014,0.004,1.033,0.735,-2.896,-0.105,Idle
-0.016,0.004,1.034,0.683,-2.931,-0.131,Idle
-0.016,0.004,1.033,0.691,-2.922,-0.096,Idle
-0.016,0.003,1.034,0.691,-2.949,-0.123,Idle
-0.016,0.004,1.034,0.691,-2.922,-0.096,Idle
-0.016,0.004,1.035,0.639,-2.905,-0.096,Idle
-0.016,0.004,1.034,0.647,-2.922,-0.079,Idle
-0.015,0.003,1.033,0.683,-2.922,-0.123,Idle
-0.015,0.004,1.034,0.674,-2.922,-0.114,Idle
-0.015,0.004,1.033,0.665,-2.931,-0.096,Idle
-0.016,0.003,1.033,0.647,-2.949,-0.087,Idle
-0.016,0.004,1.033,0.621,-2.896,-0.114,Idle
-0.015,0.003,1.033,0.674,-2.957,-0.123,Idle
-0.015,0.003,1.034,0.691,-2.914,-0.123,Idle
-0.015,0.005,1.034,0.647,-2.922,-0.105,Idle
-0.016,0.004,1.034,0.683,-2.888,-0.123,Idle
-0.016,0.005,1.036,0.621,-2.870,-0.131,Idle
-0.016,0.004,1.034,0.683,-2.931,-0.157,Idle
-0.016,0.004,1.033,0.665,-2.905,-0.087,Idle
-0.016,0.003,1.035,0.656,-2.922,-0.105,Idle
-0.016,0.005,1.033,0.717,-2.940,-0.123,Idle
-0.015,0.004,1.033,0.700,-2.966,-0.114,Idle
-0.015,0.003,1.034,0.630,-2.949,-0.123,Idle
-0.015,0.004,1.033,0.744,-2.966,-0.105,Idle
-0.016,0.004,1.034,0.709,-2.931,-0.096,Idle
-0.016,0.004,1.033,0.683,-2.896,-0.114,Idle
-0.016,0.004,1.034,0.674,-2.896,-0.105,Idle
-0.016,0.004,1.034,0.735,-2.940,-0.131,Idle
-0.016,0.005,1.034,0.674,-2.957,-0.114,Idle
-0.016,0.005,1.033,0.665,-2.914,-0.149,Idle
-0.015,0.004,1.035,0.647,-2.905,-0.114,Idle
-0.015,0.004,1.034,0.621,-2.888,-0.096,Idle
-0.015,0.003,1.033,0.683,-2.931,-0.114,Idle
-0.016,0.004,1.034,0.674,-2.905,-0.149,Idle
-0.016,0.004,1.033,0.639,-2.957,-0.096,Idle
-0.016,0.004,1.034,0.665,-2.914,-0.105,Idle
-0.017,0.004,1.034,0.674,-2.957,-0.140,Idle
-0.015,0.004,1.033,0.691,-2.922,-0.131,Idle
-0.016,0.004,1.033,0.683,-2.931,-0.114,Idle
-0.016,0.003,1.034,0.709,-2.940,-0.096,Idle
-0.015,0.004,1.033,0.700,-2.905,-0.123,Idle
-0.016,0.004,1.033,0.665,-2.905,-0.096,Idle
-0.016,0.003,1.034,0.665,-2.940,-0.123,Idle
-0.015,0.004,1.034,0.700,-2.914,-0.096,Idle
-0.015,0.004,1.033,0.674,-2.905,-0.123,Idle
-0.015,0.005,1.034,0.700,-2.940,-0.114,Idle
-0.015,0.004,1.034,0.752,-2.931,-0.079,Idle
-0.015,0.004,1.034,0.683,-2.931,-0.105,Idle
-0.016,0.004,1.034,0.700,-2.940,-0.096,Idle
-0.016,0.004,1.034,0.656,-2.879,-0.131,Idle
-0.015,0.004,1.034,0.656,-2.931,-0.105,Idle
-0.016,0.004,1.035,0.656,-2.940,-0.114,Idle
-0.015,0.004,1.034,0.691,-2.914,-0.105,Idle
-0.015,0.003,1.034,0.683,-2.931,-0.105,Idle
-0.015,0.003,1.034,0.665,-2.931,-0.096,Idle
-0.016,0.003,1.034,0.683,-2.940,-0.131,Idle
-0.015,0.004,1.033,0.656,-2.931,-0.105,Idle
-0.016,0.005,1.034,0.761,-2.896,-0.096,Idle
-0.016,0.005,1.034,0.639,-2.896,-0.105,Idle
-0.016,0.004,1.034,0.647,-2.922,-0.131,Idle
-0.016,0.004,1.034,0.735,-2.931,-0.079,Idle
-0.016,0.004,1.034,0.674,-2.896,-0.087,Idle
-0.016,0.005,1.033,0.691,-2.914,-0.114,Idle
-0.016,0.005,1.034,0.674,-2.914,-0.105,Idle
-0.016,0.004,1.034,0.691,-2.975,-0.114,Idle
-0.017,0.003,1.033,0.683,-2.914,-0.096,Idle
-0.016,0.003,1.033,0.700,-2.931,-0.114,Idle
-0.015,0.004,1.033,0.700,-2.922,-0.079,Idle
-0.015,0.004,1.034,0.621,-2.940,-0.105,Idle
-0.015,0.003,1.033,0.665,-2.931,-0.105,Idle
-0.016,0.004,1.034,0.656,-2.905,-0.052,Idle
-0.015,0.005,1.033,0.674,-2.940,-0.114,Idle
-0.015,0.003,1.033,0.683,-2.949,-0.105,Idle
-0.016,0.003,1.034,0.683,-2.931,-0.114,Idle
-0.015,0.003,1.034,0.709,-2.914,-0.105,Idle
-0.015,0.004,1.034,0.656,-2.931,-0.123,Idle
-0.016,0.004,1.033,0.700,-2.931,-0.087,Idle
-0.015,0.005,1.034,0.674,-2.931,-0.096,Idle
-0.015,0.004,1.034,0.683,-2.949,-0.123,Idle
-0.016,0.004,1.034,0.621,-2.931,-0.105,Idle
-0.015,0.004,1.033,0.656,-2.905,-0.096,Idle
-0.015,0.004,1.033,0.639,-2.896,-0.114,Idle
-0.015,0.003,1.034,0.647,-2.966,-0.105,Idle
-0.016,0.004,1.033,0.717,-2.914,-0.114,Idle
-0.017,0.003,1.034,0.674,-2.940,-0.079,Idle
-0.015,0.003,1.034,0.647,-2.931,-0.114,Idle
-0.016,0.004,1.035,0.665,-2.922,-0.123,Idle
-0.015,0.004,1.033,0.656,-2.896,-0.079,Idle
-0.016,0.004,1.033,0.709,-2.940,-0.096,Idle
-0.016,0.005,1.033,0.709,-2.914,-0.131,Idle
-0.015,0.005,1.032,0.674,-2.896,-0.114,Idle
-0.016,0.003,1.033,0.674,-2.922,-0.061,Idle
-0.016,0.004,1.035,0.674,-2.940,-0.131,Idle
-0.015,0.004,1.034,0.647,-2.922,-0.123,Idle
-0.016,0.004,1.033,0.683,-2.905,-0.140,Idle
-0.015,0.004,1.034,0.613,-2.940,-0.131,Idle
-0.016,0.004,1.033,0.656,-2.870,-0.070,Idle
-0.015,0.004,1.033,0.683,-2.922,-0.114,Idle
-0.016,0.003,1.033,0.700,-2.940,-0.131,Idle
-0.016,0.004,1.035,0.665,-2.931,-0.096,Idle
-0.015,0.006,1.034,0.691,-2.931,-0.105,Idle
-0.016,0.005,1.033,0.700,-2.896,-0.131,Idle
-0.015,0.004,1.034,0.717,-2.949,-0.114,Idle
-0.015,0.004,1.034,0.647,-2.949,-0.131,Idle
-0.015,0.004,1.034,0.683,-2.914,-0.114,Idle
-0.016,0.004,1.033,0.647,-2.931,-0.131,Idle
-0.016,0.004,1.033,0.656,-2.931,-0.114,Idle
-0.015,0.004,1.033,0.691,-2.931,-0.131,Idle
-0.016,0.004,1.033,0.691,-2.922,-0.123,Idle
-0.015,0.004,1.035,0.717,-2.905,-0.079,Idle
-0.016,0.005,1.032,0.700,-2.931,-0.114,Idle
-0.016,0.004,1.034,0.691,-2.896,-0.123,Idle
-0.015,0.004,1.034,0.665,-2.940,-0.131,Idle
-0.016,0.004,1.033,0.665,-2.940,-0.105,Idle
-0.015,0.004,1.033,0.683,-2.922,-0.105,Idle
-0.016,0.004,1.032,0.656,-2.922,-0.114,Idle
-0.014,0.004,1.033,0.717,-2.922,-0.114,Idle
-0.016,0.004,1.033,0.647,-2.957,-0.131,Idle
-0.016,0.004,1.033,0.709,-2.905,-0.105,Idle
-0.015,0.004,1.033,0.656,-2.957,-0.131,Idle
-0.016,0.003,1.033,0.639,-2.922,-0.114,Idle
-0.015,0.004,1.034,0.683,-2.957,-0.105,Idle
-0.016,0.004,1.034,0.691,-2.931,-0.096,Idle
-0.016,0.004,1.034,0.647,-2.922,-0.123,Idle
-0.015,0.003,1.034,0.683,-2.931,-0.105,Idle
-0.016,0.004,1.033,0.674,-2.914,-0.114,Idle
-0.016,0.004,1.033,0.700,-2.957,-0.114,Idle
-0.015,0.004,1.034,0.717,-2.940,-0.105,Idle
-0.015,0.004,1.033,0.647,-2.940,-0.105,Idle
-0.016,0.004,1.034,0.691,-2.896,-0.114,Idle
-0.016,0.004,1.034,0.647,-2.905,-0.105,Idle
-0.015,0.003,1.034,0.700,-2.931,-0.114,Idle
-0.015,0.005,1.034,0.647,-2.931,-0.114,Idle
-0.016,0.005,1.034,0.683,-2.905,-0.079,Idle
-0.016,0.005,1.035,0.691,-2.905,-0.123,Idle
-0.016,0.005,1.034,0.665,-2.940,-0.070,Idle
-0.016,0.003,1.034,0.691,-2.914,-0.114,Idle
-0.015,0.003,1.034,0.683,-2.922,-0.114,Idle
-0.016,0.004,1.034,0.674,-2.931,-0.087,Idle
-0.016,0.005,1.034,0.639,-2.931,-0.096,Idle
-0.016,0.005,1.033,0.683,-2.905,-0.087,Idle
-0.016,0.005,1.033,0.691,-2.914,-0.114,Idle
-0.015,0.005,1.032,0.665,-2.914,-0.079,Idle
-0.015,0.004,1.033,0.674,-2.922,-0.105,Idle
-0.015,0.004,1.035,0.709,-2.922,-0.123,Idle
-0.017,0.003,1.034,0.683,-2.905,-0.087,Idle
-0.016,0.004,1.034,0.683,-2.905,-0.105,Idle
-0.016,0.004,1.034,0.700,-2.905,-0.131,Idle
-0.016,0.004,1.034,0.674,-2.905,-0.105,Idle
-0.016,0.004,1.034,0.700,-2.931,-0.105,Idle
-0.015,0.005,1.034,0.709,-2.914,-0.114,Idle
-0.016,0.004,1.034,0.647,-2.914,-0.087,Idle
-0.016,0.004,1.033,0.691,-2.922,-0.123,Idle
-0.016,0.004,1.034,0.674,-2.940,-0.114,Idle
-0.016,0.003,1.034,0.674,-2.940,-0.123,Idle
-0.016,0.003,1.034,0.691,-2.922,-0.105,Idle
-0.016,0.004,1.034,0.700,-2.888,-0.149,Idle
-0.017,0.004,1.034,0.630,-2.922,-0.114,Idle
-0.016,0.005,1.033,0.674,-2.922,-0.096,Idle
-0.016,0.004,1.034,0.613,-2.888,-0.096,Idle
-0.016,0.004,1.033,0.683,-2.931,-0.114,Idle
-0.016,0.004,1.034,0.691,-2.940,-0.131,Idle
-0.016,0.004,1.034,0.691,-2.888,-0.087,Idle
-0.017,0.003,1.034,0.700,-2.914,-0.123,Idle
-0.016,0.004,1.034,0.691,-2.931,-0.123,Idle
-0.016,0.003,1.034,0.726,-2.949,-0.087,Idle
-0.016,0.003,1.034,0.647,-2.896,-0.087,Idle
-0.016,0.003,1.034,0.639,-2.957,-0.087,Idle
-0.016,0.004,1.033,0.691,-2.914,-0.114,Idle
-0.015,0.003,1.034,0.683,-2.922,-0.131,Idle
-0.015,0.004,1.033,0.691,-2.940,-0.105,Idle
-0.016,0.005,1.033,0.665,-2.957,-0.096,Idle
-0.015,0.005,1.034,0.674,-2.931,-0.131,Idle
-0.015,0.004,1.033,0.604,-2.931,-0.149,Idle
-0.016,0.003,1.034,0.656,-2.931,-0.105,Idle
-0.017,0.004,1.034,0.674,-2.931,-0.149,Idle
-0.016,0.004,1.035,0.709,-2.949,-0.096,Idle
-0.016,0.005,1.033,0.735,-2.957,-0.114,Idle
-0.016,0.004,1.034,0.639,-2.940,-0.131,Idle
-0.016,0.004,1.034,0.639,-2.905,-0.123,Idle
-0.015,0.003,1.035,0.691,-2.922,-0.114,Idle
-0.016,0.004,1.034,0.665,-2.949,-0.096,Idle
-0.016,0.004,1.033,0.647,-2.914,-0.123,Idle
-0.015,0.003,1.034,0.683,-2.888,-0.105,Idle
-0.016,0.004,1.034,0.665,-2.957,-0.105,Idle
-0.014,0.004,1.033,0.656,-2.940,-0.096,Idle
-0.016,0.003,1.034,0.709,-2.922,-0.105,Idle
-0.016,0.003,1.034,0.691,-2.949,-0.105,Idle
-0.016,0.004,1.033,0.709,-2.931,-0.114,Idle
-0.016,0.004,1.034,0.647,-2.905,-0.123,Idle
-0.016,0.004,1.034,0.665,-2.922,-0.123,Idle
-0.016,0.005,1.033,0.691,-2.914,-0.114,Idle
-0.016,0.004,1.034,0.595,-2.922,-0.114,Idle
-0.016,0.003,1.033,0.665,-2.914,-0.123,Idle
-0.015,0.004,1.034,0.700,-2.914,-0.096,Idle
-0.016,0.004,1.033,0.665,-2.905,-0.105,Idle
-0.016,0.004,1.033,0.717,-2.975,-0.114,Idle
-0.016,0.004,1.034,0.726,-2.931,-0.140,Idle
-0.017,0.005,1.034,0.656,-2.922,-0.096,Idle
-0.016,0.003,1.034,0.647,-2.905,-0.096,Idle
-0.015,0.004,1.034,0.700,-2.940,-0.114,Idle
-0.017,0.004,1.034,0.647,-2.888,-0.123,Idle
-0.016,0.005,1.034,0.683,-2.896,-0.096,Idle
-0.016,0.004,1.034,0.656,-2.931,-0.149,Idle
-0.015,0.004,1.033,0.656,-2.914,-0.123,Idle
-0.016,0.004,1.034,0.656,-2.914,-0.105,Idle
-0.015,0.004,1.033,0.621,-2.931,-0.123,Idle
-0.016,0.005,1.034,0.683,-2.922,-0.114,Idle
-0.016,0.004,1.033,0.674,-2.931,-0.123,Idle
-0.016,0.004,1.033,0.665,-2.922,-0.149,Idle
-0.016,0.004,1.034,0.700,-2.957,-0.123,Idle
-0.016,0.004,1.034,0.717,-2.922,-0.096,Idle
-0.016,0.005,1.034,0.717,-2.957,-0.096,Idle
-0.016,0.004,1.034,0.691,-2.949,-0.114,Idle
-0.016,0.004,1.035,0.630,-2.914,-0.096,Idle
-0.015,0.003,1.033,0.639,-2.931,-0.096,Idle
-0.015,0.004,1.034,0.577,-2.940,-0.123,Idle
-0.016,0.004,1.034,0.700,-2.922,-0.140,Idle
-0.016,0.004,1.033,0.674,-2.949,-0.087,Idle
-0.015,0.004,1.034,0.717,-2.931,-0.131,Idle
-0.015,0.004,1.033,0.683,-2.922,-0.123,Idle
-0.015,0.004,1.034,0.665,-2.931,-0.105,Idle
-0.016,0.005,1.035,0.639,-2.914,-0.123,Idle
-0.016,0.004,1.034,0.700,-2.922,-0.140,Idle
-0.016,0.004,1.033,0.656,-2.940,-0.140,Idle
-0.016,0.004,1.033,0.656,-2.914,-0.114,Idle
-0.015,0.004,1.034,0.647,-2.931,-0.105,Idle
-0.015,0.004,1.035,0.621,-2.922,-0.096,Idle
-0.016,0.004,1.035,0.674,-2.940,-0.096,Idle
-0.015,0.004,1.034,0.683,-2.922,-0.123,Idle
-0.015,0.005,1.034,0.647,-2.957,-0.096,Idle
-0.015,0.003,1.033,0.647,-2.940,-0.114,Idle
-0.016,0.004,1.034,0.674,-2.931,-0.123,Idle
-0.016,0.004,1.034,0.683,-2.914,-0.096,Idle
-0.015,0.004,1.034,0.656,-2.922,-0.140,Idle
-0.016,0.004,1.033,0.674,-2.940,-0.105,Idle
-0.015,0.004,1.034,0.735,-2.940,-0.105,Idle
-0.015,0.004,1.034,0.683,-2.914,-0.087,Idle
-0.016,0.004,1.034,0.674,-2.905,-0.114,Idle
-0.016,0.004,1.035,0.639,-2.940,-0.105,Idle
-0.015,0.005,1.033,0.665,-2.922,-0.114,Idle
-0.014,0.003,1.035,0.691,-2.922,-0.140,Idle
-0.016,0.003,1.033,0.683,-2.914,-0.087,Idle
-0.015,0.004,1.034,0.717,-2.922,-0.096,Idle
-0.016,0.004,1.035,0.726,-2.896,-0.070,Idle
-0.016,0.003,1.033,0.674,-2.949,-0.149,Idle
-0.015,0.004,1.034,0.683,-2.914,-0.096,Idle
-0.014,0.004,1.033,0.656,-2.905,-0.157,Idle
-0.015,0.004,1.036,0.709,-2.914,-0.096,Idle
-0.015,0.004,1.034,0.647,-2.914,-0.131,Idle
-0.016,0.003,1.033,0.691,-2.949,-0.123,Idle
-0.016,0.004,1.035,0.700,-2.879,-0.114,Idle
-0.015,0.003,1.033,0.717,-2.966,-0.087,Idle
-0.016,0.003,1.034,0.691,-2.949,-0.114,Idle
-0.016,0.004,1.033,0.717,-2.914,-0.105,Idle
-0.016,0.004,1.034,0.674,-2.975,-0.140,Idle
-0.016,0.004,1.034,0.656,-2.905,-0.114,Idle
-0.016,0.004,1.034,0.691,-2.922,-0.123,Idle
-0.016,0.003,1.034,0.700,-2.922,-0.105,Idle
-0.015,0.005,1.034,0.709,-2.957,-0.114,Idle
-0.017,0.003,1.034,0.674,-2.896,-0.123,Idle
-0.016,0.003,1.034,0.639,-2.905,-0.114,Idle
-0.015,0.004,1.034,0.665,-2.896,-0.114,Idle
-0.015,0.004,1.034,0.639,-2.914,-0.105,Idle
-0.016,0.004,1.033,0.691,-2.940,-0.131,Idle
-0.015,0.004,1.034,0.674,-2.940,-0.079,Idle
-0.015,0.003,1.034,0.683,-2.940,-0.105,Idle
-0.015,0.003,1.034,0.656,-2.940,-0.105,Idle
-0.015,0.004,1.033,0.604,-2.922,-0.140,Idle
-0.016,0.003,1.033,0.683,-2.922,-0.123,Idle
-0.016,0.004,1.033,0.691,-2.922,-0.096,Idle
-0.016,0.004,1.034,0.674,-2.922,-0.114,Idle
-0.016,0.004,1.033,0.683,-2.931,-0.149,Idle
-0.015,0.005,1.035,0.674,-2.896,-0.105,Idle
-0.016,0.004,1.034,0.665,-2.914,-0.140,Idle
-0.015,0.004,1.033,0.656,-2.966,-0.105,Idle
-0.016,0.004,1.033,0.691,-2.914,-0.114,Idle
-0.016,0.005,1.034,0.709,-2.940,-0.105,Idle
-0.015,0.004,1.034,0.674,-2.949,-0.079,Idle
-0.016,0.004,1.034,0.665,-2.922,-0.123,Idle
-0.016,0.004,1.035,0.665,-2.905,-0.123,Idle
-0.016,0.004,1.033,0.700,-2.957,-0.105,Idle
-0.015,0.004,1.033,0.656,-2.966,-0.114,Idle
-0.015,0.004,1.034,0.726,-2.975,-0.087,Idle
-0.016,0.004,1.034,0.656,-2.914,-0.096,Idle
-0.016,0.004,1.033,0.683,-2.931,-0.096,Idle
-0.016,0.003,1.034,0.717,-2.905,-0.131,Idle
-0.016,0.004,1.033,0.665,-2.905,-0.087,Idle
-0.016,0.004,1.034,0.709,-2.914,-0.105,Idle
-0.016,0.003,1.033,0.709,-2.957,-0.070,Idle
-0.016,0.004,1.034,0.613,-2.914,-0.114,Idle
-0.015,0.004,1.034,0.709,-2.931,-0.123,Idle
-0.016,0.004,1.034,0.726,-2.896,-0.166,Idle
-0.016,0.004,1.034,0.665,-2.949,-0.096,Idle
-0.016,0.003,1.034,0.656,-2.905,-0.096,Idle
-0.016,0.004,1.033,0.674,-2.940,-0.105,Idle
-0.016,0.004,1.034,0.674,-2.922,-0.140,Idle
-0.017,0.005,1.034,0.717,-2.957,-0.105,Idle
-0.016,0.004,1.034,0.656,-2.914,-0.079,Idle
-0.016,0.003,1.034,0.691,-2.940,-0.105,Idle
-0.015,0.003,1.033,0.674,-2.922,-0.114,Idle
-0.015,0.004,1.034,0.639,-2.931,-0.123,Idle
-0.016,0.004,1.034,0.647,-2.957,-0.114,Idle
-0.016,0.004,1.034,0.691,-2.896,-0.105,Idle
-0.015,0.004,1.034,0.674,-2.931,-0.105,Idle
-0.015,0.003,1.034,0.726,-2.888,-0.114,Idle
-0.016,0.003,1.033,0.621,-2.949,-0.123,Idle
-0.016,0.004,1.034,0.700,-2.931,-0.105,Idle
-0.016,0.004,1.033,0.683,-2.905,-0.096,Idle
-0.016,0.004,1.033,0.665,-2.896,-0.096,Idle
-0.016,0.004,1.032,0.656,-2.896,-0.087,Idle
-0.016,0.004,1.032,0.674,-2.931,-0.096,Idle
-0.016,0.005,1.032,0.665,-2.949,-0.096,Idle
-0.016,0.004,1.033,0.656,-2.922,-0.131,Idle
-0.016,0.004,1.034,0.700,-2.931,-0.079,Idle
-0.016,0.004,1.034,0.656,-2.922,-0.079,Idle
-0.016,0.004,1.034,0.726,-2.940,-0.105,Idle
-0.015,0.003,1.034,0.621,-2.931,-0.096,Idle
-0.016,0.004,1.033,0.709,-2.931,-0.096,Idle
-0.016,0.004,1.034,0.630,-2.914,-0.131,Idle
-0.016,0.004,1.033,0.595,-2.914,-0.149,Idle
-0.015,0.004,1.034,0.647,-2.922,-0.105,Idle
-0.016,0.004,1.034,0.735,-2.931,-0.096,Idle
-0.016,0.003,1.033,0.621,-2.922,-0.123,Idle
-0.016,0.003,1.033,0.691,-2.931,-0.087,Idle
-0.016,0.004,1.033,0.647,-2.940,-0.096,Idle
-0.015,0.004,1.034,0.665,-2.914,-0.149,Idle
-0.016,0.004,1.033,0.674,-2.922,-0.114,Idle
-0.016,0.004,1.033,0.691,-2.940,-0.105,Idle
-0.016,0.004,1.034,0.683,-2.949,-0.079,Idle
-0.015,0.003,1.033,0.639,-2.940,-0.114,Idle
-0.016,0.004,1.033,0.621,-2.949,-0.131,Idle
-0.015,0.004,1.034,0.674,-2.931,-0.114,Idle
-0.016,0.004,1.033,0.665,-2.931,-0.114,Idle
-0.016,0.004,1.033,0.700,-2.905,-0.105,Idle
-0.015,0.004,1.034,0.665,-2.905,-0.114,Idle
-0.016,0.004,1.033,0.674,-2.949,-0.131,Idle
-0.016,0.004,1.033,0.665,-2.896,-0.123,Idle
-0.016,0.004,1.034,0.674,-2.940,-0.079,Idle
-0.015,0.004,1.034,0.700,-2.905,-0.114,Idle
-0.016,0.003,1.033,0.647,-2.940,-0.140,Idle
-0.017,0.003,1.034,0.647,-2.931,-0.114,Idle
-0.015,0.004,1.034,0.647,-2.905,-0.149,Idle
-0.015,0.004,1.034,0.683,-2.931,-0.123,Idle
-0.015,0.004,1.034,0.647,-2.914,-0.087,Idle
-0.015,0.004,1.034,0.639,-2.966,-0.061,Idle
-0.015,0.004,1.034,0.683,-2.914,-0.105,Idle
-0.016,0.005,1.034,0.674,-2.931,-0.087,Idle
-0.015,0.003,1.035,0.647,-2.922,-0.123,Idle
-0.016,0.003,1.034,0.683,-2.940,-0.140,Idle
-0.016,0.004,1.034,0.665,-2.949,-0.114,Idle
-0.016,0.004,1.034,0.647,-2.931,-0.140,Idle
-0.016,0.004,1.033,0.639,-2.922,-0.131,Idle
-0.016,0.005,1.034,0.683,-2.940,-0.096,Idle
-0.016,0.004,1.033,0.665,-2.931,-0.105,Idle
-0.015,0.004,1.033,0.639,-2.922,-0.123,Idle
-0.016,0.004,1.034,0.647,-2.931,-0.087,Idle
-0.016,0.004,1.033,0.683,-2.949,-0.079,Idle
-0.015,0.003,1.033,0.656,-2.949,-0.114,Idle
-0.015,0.004,1.034,0.691,-2.922,-0.087,Idle
-0.016,0.003,1.034,0.674,-2.957,-0.096,Idle
-0.014,0.004,1.033,0.630,-2.931,-0.079,Idle
-0.016,0.004,1.034,0.700,-2.905,-0.131,Idle
-0.015,0.004,1.034,0.630,-2.905,-0.096,Idle
-0.016,0.004,1.034,0.683,-2.905,-0.123,Idle
-0.016,0.003,1.034,0.683,-2.931,-0.079,Idle
-0.016,0.003,1.034,0.630,-2.931,-0.079,Idle
-0.016,0.004,1.035,0.639,-2.905,-0.105,Idle
-0.015,0.003,1.035,0.691,-2.949,-0.096,Idle
-0.016,0.004,1.034,0.683,-2.896,-0.123,Idle
-0.015,0.004,1.034,0.665,-2.922,-0.140,Idle
-0.016,0.004,1.033,0.683,-2.896,-0.114,Idle
-0.016,0.004,1.034,0.665,-2.940,-0.149,Idle
-0.015,0.003,1.034,0.647,-2.914,-0.114,Idle
-0.016,0.003,1.033,0.683,-2.922,-0.079,Idle
-0.016,0.004,1.034,0.683,-2.914,-0.149,Idle
-0.016,0.003,1.034,0.691,-2.914,-0.140,Idle
-0.015,0.004,1.033,0.683,-2.922,-0.123,Idle
-0.015,0.004,1.035,0.656,-2.949,-0.096,Idle
-0.016,0.004,1.033,0.674,-2.931,-0.096,Idle
-0.016,0.004,1.034,0.656,-2.914,-0.157,Idle
-0.016,0.003,1.035,0.647,-2.914,-0.123,Idle
-0.015,0.004,1.033,0.735,-2.949,-0.087,Idle
-0.016,0.004,1.034,0.639,-2.957,-0.079,Idle
-0.016,0.004,1.033,0.604,-2.940,-0.087,Idle
-0.016,0.004,1.034,0.683,-2.922,-0.105,Idle
-0.016,0.005,1.034,0.700,-2.957,-0.105,Idle
-0.015,0.004,1.035,0.709,-2.931,-0.096,Idle
-0.016,0.003,1.034,0.726,-2.949,-0.123,Idle
-0.015,0.004,1.034,0.630,-2.922,-0.123,Idle
-0.016,0.004,1.033,0.691,-2.949,-0.123,Idle
-0.016,0.004,1.034,0.700,-2.940,-0.087,Idle
-0.016,0.004,1.035,0.700,-2.966,-0.105,Idle
-0.016,0.004,1.035,0.647,-2.905,-0.123,Idle
-0.015,0.004,1.033,0.647,-2.922,-0.105,Idle
-0.016,0.004,1.034,0.656,-2.888,-0.123,Idle
-0.016,0.004,1.033,0.647,-2.914,-0.087,Idle
-0.015,0.003,1.035,0.683,-2.940,-0.105,Idle
-0.016,0.004,1.034,0.683,-2.940,-0.114,Idle
-0.017,0.004,1.035,0.717,-2.914,-0.105,Idle
-0.016,0.004,1.034,0.691,-2.931,-0.096,Idle
-0.017,0.004,1.033,0.717,-2.940,-0.149,Idle
-0.016,0.005,1.034,0.647,-2.931,-0.087,Idle
-0.016,0.004,1.034,0.700,-2.914,-0.105,Idle
-0.015,0.004,1.035,0.665,-2.949,-0.079,Idle
-0.016,0.004,1.034,0.683,-2.940,-0.087,Idle
-0.016,0.004,1.033,0.665,-2.931,-0.131,Idle
-0.015,0.004,1.034,0.665,-2.914,-0.096,Idle
-0.016,0.003,1.034,0.700,-2.896,-0.087,Idle
-0.017,0.003,1.034,0.647,-2.975,-0.079,Idle
-0.017,0.005,1.034,0.683,-2.940,-0.140,Idle
-0.015,0.004,1.033,0.613,-2.940,-0.105,Idle
-0.016,0.004,1.033,0.630,-2.931,-0.131,Idle
-0.016,0.004,1.034,0.709,-2.957,-0.123,Idle
-0.015,0.004,1.033,0.683,-2.922,-0.096,Idle
-0.015,0.004,1.033,0.683,-2.905,-0.096,Idle
-0.016,0.004,1.034,0.691,-2.905,-0.087,Idle
-0.016,0.004,1.033,0.630,-2.922,-0.123,Idle
-0.015,0.004,1.034,0.674,-2.940,-0.105,Idle
-0.016,0.004,1.034,0.665,-2.931,-0.123,Idle
-0.015,0.004,1.034,0.683,-2.905,-0.114,Idle
-0.016,0.004,1.034,0.647,-2.949,-0.131,Idle
-0.016,0.004,1.034,0.674,-2.896,-0.070,Idle
-0.016,0.004,1.034,0.647,-2.957,-0.114,Idle
-0.015,0.004,1.034,0.647,-2.931,-0.096,Idle
-0.017,0.004,1.033,0.647,-2.940,-0.096,Idle
-0.015,0.003,1.033,0.700,-2.914,-0.114,Idle
-0.015,0.003,1.034,0.683,-2.922,-0.105,Idle
-0.016,0.003,1.034,0.630,-2.914,-0.123,Idle
-0.016,0.004,1.033,0.717,-2.931,-0.105,Idle
-0.015,0.004,1.034,0.630,-2.949,-0.096,Idle
-0.016,0.003,1.035,0.683,-2.975,-0.114,Idle
-0.015,0.004,1.035,0.717,-2.922,-0.105,Idle
-0.015,0.003,1.035,0.656,-2.957,-0.105,Idle
-0.015,0.004,1.033,0.647,-2.896,-0.131,Idle
-0.016,0.004,1.036,0.709,-2.940,-0.157,Idle
-0.016,0.004,1.034,0.630,-2.922,-0.114,Idle
-0.015,0.004,1.035,0.604,-2.922,-0.105,Idle
-0.016,0.004,1.033,0.674,-2.949,-0.079,Idle
-0.016,0.004,1.035,0.674,-2.931,-0.105,Idle
-0.017,0.004,1.035,0.656,-2.922,-0.087,Idle
-0.015,0.004,1.035,0.656,-2.966,-0.096,Idle
-0.016,0.004,1.035,0.674,-2.888,-0.079,Idle
-0.015,0.004,1.034,0.665,-2.940,-0.123,Idle
-0.016,0.004,1.035,0.665,-2.922,-0.114,Idle
-0.015,0.004,1.034,0.656,-2.931,-0.114,Idle
-0.015,0.003,1.035,0.639,-2.914,-0.114,Idle
-0.016,0.003,1.034,0.674,-2.949,-0.096,Idle
-0.016,0.004,1.033,0.665,-2.931,-0.087,Idle
-0.015,0.004,1.034,0.647,-2.984,-0.123,Idle
-0.016,0.004,1.033,0.647,-2.931,-0.079,Idle
-0.016,0.004,1.034,0.639,-2.966,-0.149,Idle
-0.016,0.005,1.035,0.656,-2.931,-0.123,Idle
-0.015,0.002,1.034,0.621,-2.931,-0.140,Idle
-0.016,0.003,1.034,0.656,-2.922,-0.123,Idle
-0.017,0.003,1.034,0.665,-2.931,-0.096,Idle
-0.017,0.004,1.035,0.656,-2.922,-0.105,Idle
-0.015,0.004,1.033,0.700,-2.922,-0.096,Idle
-0.015,0.004,1.034,0.665,-2.905,-0.105,Idle
-0.015,0.004,1.034,0.674,-2.931,-0.096,Idle
-0.015,0.003,1.033,0.683,-2.940,-0.140,Idle
-0.017,0.004,1.033,0.683,-2.905,-0.114,Idle
-0.015,0.005,1.032,0.683,-2.949,-0.087,Idle
-0.016,0.003,1.033,0.709,-2.914,-0.123,Idle
-0.015,0.004,1.034,0.709,-2.966,-0.140,Idle
-0.015,0.004,1.034,0.639,-2.922,-0.123,Idle
-0.016,0.004,1.034,0.621,-2.905,-0.096,Idle
-0.015,0.003,1.034,0.744,-2.940,-0.123,Idle
-0.015,0.003,1.034,0.683,-2.905,-0.096,Idle
-0.015,0.004,1.035,0.621,-2.896,-0.096,Idle
-0.015,0.004,1.034,0.709,-2.905,-0.105,Idle
-0.017,0.004,1.033,0.630,-2.896,-0.105,Idle
-0.017,0.003,1.034,0.647,-2.931,-0.096,Idle
-0.016,0.003,1.034,0.665,-2.949,-0.123,Idle
-0.016,0.003,1.034,0.683,-2.914,-0.087,Idle
-0.015,0.004,1.034,0.656,-2.914,-0.096,Idle
-0.017,0.003,1.033,0.665,-2.949,-0.105,Idle
-0.015,0.003,1.034,0.683,-2.931,-0.123,Idle
-0.016,0.004,1.034,0.683,-2.922,-0.131,Idle
-0.016,0.003,1.034,0.735,-2.931,-0.140,Idle
-0.016,0.004,1.034,0.709,-2.914,-0.096,Idle
-0.015,0.004,1.034,0.683,-2.931,-0.096,Idle
-0.016,0.004,1.034,0.665,-2.922,-0.079,Idle
-0.017,0.004,1.034,0.656,-2.940,-0.157,Idle
-0.016,0.004,1.034,0.717,-2.896,-0.114,Idle
-0.015,0.004,1.034,0.674,-2.914,-0.096,Idle
-0.015,0.004,1.034,0.700,-2.905,-0.079,Idle
-0.015,0.004,1.033,0.647,-2.870,-0.087,Idle
-0.015,0.004,1.033,0.639,-2.940,-0.114,Idle
-0.016,0.004,1.035,0.647,-2.922,-0.096,Idle
-0.015,0.005,1.035,0.691,-2.905,-0.140,Idle
-0.016,0.004,1.033,0.691,-2.966,-0.070,Idle
-0.016,0.005,1.035,0.700,-2.931,-0.105,Idle
-0.015,0.003,1.035,0.674,-2.914,-0.131,Idle
-0.015,0.004,1.035,0.683,-2.905,-0.114,Idle
-0.016,0.003,1.034,0.674,-2.931,-0.087,Idle
-0.016,0.003,1.035,0.647,-2.975,-0.131,Idle
-0.015,0.003,1.033,0.630,-2.949,-0.105,Idle
-0.016,0.004,1.035,0.647,-2.975,-0.123,Idle
-0.016,0.004,1.034,0.665,-2.949,-0.087,Idle
-0.015,0.004,1.033,0.656,-2.922,-0.123,Idle
-0.015,0.004,1.034,0.613,-2.922,-0.140,Idle
-0.015,0.004,1.035,0.647,-2.931,-0.123,Idle
-0.016,0.004,1.034,0.683,-2.896,-0.123,Idle
-0.015,0.004,1.033,0.691,-2.940,-0.123,Idle
-0.016,0.004,1.035,0.674,-2.914,-0.131,Idle
-0.015,0.004,1.034,0.691,-2.931,-0.079,Idle
-0.016,0.004,1.034,0.683,-2.931,-0.114,Idle
-0.016,0.003,1.034,0.647,-2.905,-0.096,Idle
-0.015,0.004,1.035,0.683,-2.957,-0.114,Idle
-0.016,0.003,1.034,0.726,-2.922,-0.123,Idle
-0.015,0.003,1.035,0.709,-2.922,-0.105,Idle
-0.016,0.003,1.035,0.639,-2.931,-0.105,Idle
-0.015,0.003,1.034,0.656,-2.940,-0.114,Idle
-0.017,0.003,1.034,0.700,-2.931,-0.123,Idle
-0.016,0.004,1.035,0.674,-2.922,-0.096,Idle
-0.016,0.003,1.035,0.665,-2.922,-0.096,Idle
-0.015,0.004,1.035,0.683,-2.931,-0.157,Idle
-0.016,0.003,1.035,0.656,-2.940,-0.131,Idle
-0.015,0.005,1.033,0.691,-2.957,-0.114,Idle
-0.016,0.004,1.034,0.639,-2.888,-0.114,Idle
-0.016,0.004,1.033,0.683,-2.922,-0.087,Idle
-0.016,0.004,1.035,0.656,-2.975,-0.114,Idle
-0.016,0.004,1.035,0.700,-2.966,-0.149,Idle
-0.016,0.005,1.035,0.683,-2.966,-0.123,Idle
-0.015,0.004,1.034,0.726,-2.888,-0.087,Idle
-0.017,0.004,1.034,0.700,-2.914,-0.079,Idle
-0.015,0.003,1.034,0.674,-2.949,-0.114,Idle
-0.016,0.004,1.035,0.691,-2.940,-0.123,Idle
-0.015,0.004,1.034,0.674,-2.888,-0.149,Idle
-0.016,0.004,1.034,0.656,-2.966,-0.079,Idle
-0.016,0.003,1.034,0.683,-2.931,-0.105,Idle
-0.016,0.003,1.033,0.674,-2.931,-0.114,Idle
-0.016,0.004,1.034,0.735,-2.957,-0.131,Idle
-0.015,0.004,1.034,0.665,-2.931,-0.096,Idle
-0.015,0.004,1.035,0.639,-2.922,-0.096,Idle
-0.016,0.003,1.034,0.630,-2.949,-0.105,Idle
-0.016,0.004,1.035,0.665,-2.922,-0.087,Idle
-0.016,0.005,1.034,0.691,-2.940,-0.131,Idle
-0.016,0.003,1.035,0.726,-2.949,-0.123,Idle
-0.016,0.004,1.034,0.683,-2.888,-0.140,Idle
-0.016,0.004,1.034,0.700,-2.914,-0.114,Idle
-0.015,0.004,1.033,0.691,-2.922,-0.105,Idle
-0.015,0.004,1.034,0.665,-2.922,-0.123,Idle
-0.016,0.005,1.034,0.613,-2.940,-0.114,Idle
-0.015,0.004,1.034,0.656,-2.888,-0.096,Idle
-0.015,0.004,1.034,0.647,-2.914,-0.079,Idle
-0.016,0.004,1.034,0.674,-2.922,-0.105,Idle
-0.016,0.004,1.035,0.700,-2.949,-0.087,Idle
-0.016,0.003,1.035,0.709,-2.905,-0.131,Idle
-0.017,0.005,1.035,0.683,-2.870,-0.105,Idle
-0.016,0.004,1.034,0.665,-2.975,-0.114,Idle
-0.016,0.004,1.034,0.674,-2.905,-0.123,Idle
-0.016,0.004,1.034,0.630,-2.940,-0.114,Idle
-0.015,0.004,1.034,0.674,-2.957,-0.105,Idle
-0.016,0.003,1.034,0.709,-2.905,-0.114,Idle
-0.017,0.004,1.033,0.621,-2.922,-0.131,Idle
-0.016,0.003,1.034,0.691,-2.957,-0.087,Idle
-0.015,0.004,1.034,0.691,-2.922,-0.070,Idle
-0.016,0.004,1.032,0.700,-2.931,-0.105,Idle
-0.016,0.004,1.034,0.700,-2.931,-0.114,Idle
-0.016,0.003,1.033,0.691,-2.922,-0.131,Idle
-0.016,0.003,1.034,0.683,-2.922,-0.105,Idle
-0.016,0.004,1.034,0.665,-2.940,-0.123,Idle
-0.016,0.004,1.035,0.647,-2.940,-0.123,Idle
-0.015,0.004,1.033,0.656,-2.922,-0.123,Idle
-0.015,0.004,1.034,0.691,-2.957,-0.131,Idle
-0.016,0.005,1.033,0.674,-2.931,-0.140,Idle
-0.016,0.004,1.033,0.647,-2.896,-0.123,Idle
-0.015,0.004,1.034,0.683,-2.949,-0.131,Idle
-0.017,0.004,1.035,0.726,-2.914,-0.105,Idle
-0.016,0.004,1.034,0.683,-2.888,-0.131,Idle
-0.016,0.004,1.034,0.647,-2.905,-0.105,Idle
-0.015,0.005,1.035,0.683,-2.940,-0.087,Idle
-0.016,0.004,1.034,0.683,-2.922,-0.105,Idle
-0.016,0.003,1.034,0.683,-2.949,-0.105,Idle
-0.017,0.004,1.034,0.665,-2.931,-0.079,Idle
-0.016,0.004,1.034,0.665,-2.896,-0.105,Idle
-0.016,0.003,1.033,0.674,-2.922,-0.114,Idle
-0.017,0.004,1.034,0.656,-2.879,-0.087,Idle
-0.016,0.003,1.034,0.683,-2.931,-0.123,Idle
-0.015,0.003,1.033,0.691,-2.896,-0.114,Idle
-0.016,0.004,1.034,0.665,-2.940,-0.114,Idle
-0.016,0.004,1.034,0.639,-2.914,-0.096,Idle
-0.015,0.004,1.035,0.674,-2.914,-0.087,Idle
-0.016,0.003,1.033,0.700,-2.975,-0.105,Idle
-0.016,0.004,1.034,0.735,-2.888,-0.096,Idle
-0.017,0.003,1.034,0.683,-2.931,-0.096,Idle
-0.015,0.003,1.034,0.683,-2.914,-0.157,Idle
-0.016,0.004,1.034,0.683,-2.922,-0.149,Idle
-0.016,0.004,1.034,0.683,-2.896,-0.140,Idle
-0.016,0.004,1.034,0.726,-2.949,-0.123,Idle
-0.016,0.004,1.035,0.665,-2.896,-0.123,Idle
-0.016,0.003,1.033,0.709,-2.905,-0.123,Idle
-0.016,0.004,1.034,0.630,-2.949,-0.096,Idle
-0.016,0.004,1.034,0.613,-2.879,-0.123,Idle
-0.015,0.004,1.034,0.674,-2.914,-0.096,Idle
-0.016,0.004,1.034,0.691,-2.914,-0.123,Idle
-0.015,0.004,1.033,0.639,-2.914,-0.114,Idle
-0.016,0.005,1.035,0.691,-2.914,-0.105,Idle
-0.016,0.003,1.035,0.674,-2.896,-0.123,Idle
-0.016,0.004,1.034,0.717,-2.931,-0.096,Idle
-0.016,0.003,1.034,0.709,-2.905,-0.105,Idle
-0.016,0.004,1.035,0.656,-2.931,-0.070,Idle
-0.015,0.005,1.034,0.691,-2.931,-0.131,Idle
-0.016,0.004,1.033,0.700,-2.905,-0.114,Idle
-0.016,0.004,1.033,0.691,-2.957,-0.096,Idle
-0.016,0.004,1.035,0.691,-2.914,-0.096,Idle
-0.015,0.004,1.035,0.639,-2.931,-0.114,Idle
-0.016,0.004,1.034,0.700,-2.922,-0.096,Idle
-0.015,0.003,1.033,0.674,-2.922,-0.140,Idle
-0.016,0.004,1.034,0.656,-2.914,-0.105,Idle
-0.016,0.004,1.035,0.656,-2.940,-0.096,Idle
-0.016,0.003,1.034,0.700,-2.896,-0.131,Idle
-0.017,0.003,1.033,0.691,-2.966,-0.079,Idle
-0.015,0.004,1.035,0.665,-2.940,-0.157,Idle
-0.015,0.004,1.034,0.683,-2.914,-0.131,Idle
-0.016,0.004,1.034,0.700,-2.940,-0.123,Idle
-0.016,0.004,1.034,0.674,-2.931,-0.123,Idle
-0.015,0.003,1.034,0.683,-2.949,-0.096,Idle
-0.016,0.005,1.033,0.683,-2.922,-0.096,Idle
-0.015,0.004,1.033,0.639,-2.922,-0.140,Idle
-0.015,0.003,1.034,0.665,-2.914,-0.114,Idle
-0.016,0.004,1.034,0.674,-2.922,-0.105,Idle
-0.016,0.003,1.035,0.691,-2.940,-0.105,Idle
-0.016,0.004,1.034,0.744,-2.905,-0.096,Idle
-0.015,0.005,1.034,0.683,-2.931,-0.114,Idle
-0.016,0.004,1.035,0.674,-2.931,-0.123,Idle
-0.016,0.005,1.033,0.665,-2.922,-0.114,Idle
-0.016,0.004,1.034,0.665,-2.914,-0.114,Idle
-0.017,0.004,1.034,0.683,-2.905,-0.123,Idle
-0.016,0.004,1.034,0.647,-2.940,-0.105,Idle
-0.015,0.004,1.035,0.647,-2.957,-0.140,Idle
-0.016,0.003,1.034,0.630,-2.940,-0.114,Idle
-0.016,0.004,1.035,0.647,-2.896,-0.114,Idle
-0.016,0.004,1.034,0.674,-2.949,-0.087,Idle
-0.015,0.003,1.034,0.683,-2.914,-0.087,Idle
-0.016,0.005,1.035,0.726,-2.940,-0.096,Idle
-0.016,0.004,1.033,0.683,-2.931,-0.105,Idle
-0.016,0.004,1.034,0.683,-2.949,-0.114,Idle
-0.015,0.004,1.034,0.674,-2.940,-0.087,Idle
-0.016,0.004,1.034,0.665,-2.984,-0.105,Idle
-0.016,0.004,1.033,0.674,-2.905,-0.087,Idle
-0.016,0.003,1.034,0.717,-2.914,-0.105,Idle
-0.017,0.004,1.035,0.717,-2.922,-0.123,Idle
-0.016,0.004,1.033,0.674,-2.949,-0.114,Idle
-0.016,0.004,1.033,0.647,-2.914,-0.131,Idle
-0.016,0.004,1.034,0.691,-2.905,-0.114,Idle
-0.015,0.004,1.034,0.709,-2.940,-0.131,Idle
-0.015,0.004,1.033,0.630,-2.914,-0.087,Idle
-0.016,0.004,1.035,0.683,-2.914,-0.096,Idle
-0.016,0.004,1.034,0.674,-2.905,-0.114,Idle
-0.016,0.004,1.034,0.683,-2.922,-0.087,Idle
-0.016,0.004,1.034,0.674,-2.922,-0.123,Idle
-0.015,0.004,1.034,0.700,-2.896,-0.157,Idle
-0.016,0.004,1.033,0.700,-2.940,-0.105,Idle
-0.016,0.004,1.035,0.683,-2.905,-0.105,Idle
-0.015,0.003,1.034,0.665,-2.914,-0.105,Idle
-0.016,0.003,1.034,0.665,-2.905,-0.070,Idle
-0.015,0.004,1.034,0.700,-2.888,-0.096,Idle
-0.015,0.004,1.034,0.700,-2.931,-0.123,Idle
-0.016,0.003,1.034,0.709,-2.949,-0.079,Idle
-0.016,0.004,1.034,0.647,-2.922,-0.087,Idle
-0.016,0.004,1.034,0.709,-2.931,-0.131,Idle
-0.015,0.004,1.034,0.656,-2.922,-0.123,Idle
-0.015,0.004,1.036,0.683,-2.922,-0.140,Idle
-0.016,0.005,1.033,0.674,-2.931,-0.131,Idle
-0.016,0.005,1.034,0.717,-2.940,-0.070,Idle
-0.016,0.004,1.033,0.691,-2.940,-0.131,Idle
-0.015,0.004,1.035,0.726,-2.922,-0.105,Idle
-0.016,0.004,1.034,0.674,-2.914,-0.114,Idle
-0.015,0.004,1.034,0.674,-2.931,-0.105,Idle
-0.015,0.004,1.034,0.726,-2.949,-0.131,Idle
-0.017,0.004,1.033,0.665,-2.914,-0.096,Idle
-0.015,0.004,1.035,0.709,-2.949,-0.096,Idle
-0.015,0.005,1.034,0.717,-2.922,-0.105,Idle
-0.015,0.005,1.036,0.630,-2.922,-0.105,Idle
-0.015,0.004,1.035,0.674,-2.922,-0.096,Idle
-0.015,0.004,1.033,0.700,-2.922,-0.087,Idle
-0.015,0.004,1.033,0.674,-2.931,-0.105,Idle
-0.016,0.004,1.034,0.700,-2.940,-0.114,Idle
-0.016,0.004,1.034,0.639,-2.931,-0.123,Idle
-0.017,0.003,1.033,0.691,-2.931,-0.105,Idle
-0.016,0.003,1.033,0.717,-2.905,-0.105,Idle
-0.016,0.003,1.033,0.691,-2.957,-0.123,Idle
-0.016,0.004,1.034,0.691,-2.966,-0.061,Idle
-0.016,0.003,1.034,0.665,-2.922,-0.114,Idle
-0.016,0.003,1.033,0.717,-2.966,-0.149,Idle
-0.016,0.004,1.034,0.674,-2.931,-0.114,Idle
-0.016,0.004,1.032,0.665,-2.931,-0.114,Idle
-0.016,0.004,1.033,0.630,-2.931,-0.131,Idle
-0.015,0.003,1.035,0.700,-2.931,-0.114,Idle
-0.016,0.005,1.034,0.674,-2.940,-0.123,Idle
-0.016,0.004,1.033,0.691,-2.922,-0.087,Idle
-0.015,0.004,1.036,0.674,-2.922,-0.149,Idle
-0.016,0.004,1.034,0.665,-2.931,-0.114,Idle
-0.016,0.004,1.034,0.665,-2.940,-0.123,Idle
-0.015,0.003,1.034,0.683,-2.966,-0.131,Idle
-0.015,0.004,1.034,0.717,-2.922,-0.131,Idle
-0.016,0.004,1.034,0.656,-2.940,-0.114,Idle
-0.016,0.004,1.035,0.691,-2.940,-0.114,Idle
-0.015,0.004,1.035,0.647,-2.922,-0.096,Idle
-0.015,0.004,1.034,0.683,-2.922,-0.096,Idle
-0.016,0.005,1.033,0.665,-2.940,-0.105,Idle
-0.016,0.005,1.034,0.709,-2.888,-0.157,Idle
-0.016,0.004,1.035,0.613,-2.896,-0.114,Idle
-0.016,0.004,1.035,0.639,-2.914,-0.096,Idle
-0.016,0.005,1.035,0.683,-2.957,-0.149,Idle
-0.016,0.004,1.035,0.691,-2.940,-0.105,Idle
-0.016,0.004,1.033,0.700,-2.905,-0.123,Idle
-0.016,0.004,1.033,0.726,-2.922,-0.096,Idle
-0.015,0.003,1.033,0.744,-2.914,-0.105,Idle
-0.016,0.004,1.033,0.700,-2.940,-0.123,Idle
-0.015,0.003,1.035,0.621,-2.949,-0.096,Idle
-0.016,0.004,1.034,0.674,-2.940,-0.131,Idle
-0.015,0.003,1.034,0.709,-2.931,-0.096,Idle
-0.016,0.004,1.034,0.665,-2.922,-0.087,Idle
-0.016,0.004,1.034,0.691,-2.922,-0.123,Idle
-0.016,0.004,1.034,0.691,-2.914,-0.114,Idle
-0.015,0.005,1.034,0.595,-2.931,-0.114,Idle
-0.016,0.004,1.034,0.665,-2.896,-0.114,Idle
-0.015,0.003,1.034,0.665,-2.940,-0.131,Idle
-0.016,0.003,1.034,0.691,-2.931,-0.123,Idle
-0.015,0.004,1.034,0.656,-2.940,-0.157,Idle
-0.017,0.004,1.034,0.683,-2.914,-0.123,Idle
-0.016,0.005,1.034,0.691,-2.922,-0.096,Idle
-0.016,0.003,1.034,0.674,-2.914,-0.123,Idle
-0.015,0.004,1.033,0.700,-2.931,-0.123,Idle
-0.016,0.003,1.034,0.683,-2.940,-0.105,Idle
-0.017,0.005,1.034,0.683,-2.879,-0.087,Idle
-0.016,0.004,1.033,0.665,-2.888,-0.096,Idle
-0.016,0.004,1.035,0.665,-2.914,-0.114,Idle
-0.017,0.004,1.034,0.691,-2.949,-0.123,Idle
-0.014,0.004,1.035,0.630,-2.905,-0.149,Idle
-0.016,0.004,1.034,0.691,-2.914,-0.114,Idle
-0.016,0.004,1.034,0.683,-2.931,-0.079,Idle
-0.016,0.004,1.033,0.674,-2.922,-0.114,Idle
-0.015,0.003,1.033,0.709,-2.940,-0.149,Idle
-0.016,0.004,1.034,0.683,-2.940,-0.114,Idle
-0.016,0.003,1.033,0.700,-2.888,-0.070,Idle
-0.015,0.004,1.034,0.709,-2.940,-0.096,Idle
-0.016,0.004,1.034,0.656,-2.931,-0.105,Idle
-0.016,0.003,1.033,0.717,-2.905,-0.096,Idle
-0.016,0.004,1.034,0.683,-2.940,-0.123,Idle
-0.016,0.004,1.033,0.647,-2.888,-0.105,Idle
-0.016,0.004,1.034,0.647,-2.931,-0.087,Idle
-0.015,0.004,1.034,0.674,-2.949,-0.140,Idle
-0.015,0.004,1.035,0.674,-2.896,-0.114,Idle
-0.016,0.003,1.034,0.691,-2.922,-0.105,Idle
-0.016,0.004,1.033,0.647,-2.931,-0.123,Idle
-0.016,0.004,1.034,0.656,-2.940,-0.114,Idle
-0.015,0.004,1.035,0.665,-2.922,-0.114,Idle
-0.016,0.003,1.034,0.674,-2.914,-0.131,Idle
-0.016,0.004,1.034,0.656,-2.905,-0.123,Idle
-0.016,0.004,1.034,0.674,-2.940,-0.123,Idle
-0.016,0.004,1.034,0.674,-2.975,-0.079,Idle
-0.016,0.003,1.035,0.691,-2.949,-0.140,Idle
-0.016,0.004,1.033,0.726,-2.922,-0.123,Idle
-0.015,0.004,1.033,0.691,-2.905,-0.114,Idle
-0.016,0.004,1.034,0.700,-2.922,-0.123,Idle
-0.015,0.004,1.034,0.621,-2.940,-0.114,Idle
-0.015,0.005,1.033,0.691,-2.940,-0.096,Idle
-0.015,0.005,1.034,0.683,-2.931,-0.096,Idle
-0.016,0.004,1.034,0.665,-2.949,-0.131,Idle
-0.016,0.003,1.034,0.709,-2.940,-0.114,Idle
-0.016,0.003,1.035,0.683,-2.931,-0.079,Idle
-0.016,0.004,1.033,0.691,-2.922,-0.131,Idle
-0.016,0.005,1.033,0.700,-2.940,-0.114,Idle
-0.015,0.004,1.035,0.656,-2.940,-0.114,Idle
-0.017,0.004,1.034,0.639,-2.914,-0.131,Idle
-0.016,0.003,1.034,0.656,-2.949,-0.114,Idle
-0.015,0.004,1.034,0.665,-2.949,-0.105,Idle
-0.015,0.004,1.035,0.639,-2.949,-0.123,Idle
-0.016,0.004,1.034,0.683,-2.966,-0.105,Idle
-0.015,0.005,1.034,0.683,-2.940,-0.131,Idle
-0.015,0.004,1.034,0.665,-2.914,-0.079,Idle
-0.016,0.004,1.034,0.674,-2.940,-0.105,Idle
-0.015,0.005,1.034,0.700,-2.905,-0.079,Idle
-0.015,0.004,1.034,0.691,-2.914,-0.131,Idle
-0.016,0.003,1.034,0.674,-2.905,-0.114,Idle
-0.015,0.005,1.034,0.709,-2.922,-0.061,Idle
-0.016,0.004,1.033,0.647,-2.914,-0.070,Idle
-0.015,0.004,1.033,0.656,-2.914,-0.105,Idle
-0.016,0.005,1.034,0.700,-2.931,-0.105,Idle
-0.016,0.003,1.034,0.717,-2.931,-0.079,Idle
-0.015,0.005,1.035,0.709,-2.931,-0.114,Idle
-0.015,0.004,1.034,0.630,-2.922,-0.123,Idle
-0.016,0.004,1.034,0.700,-2.914,-0.131,Idle
-0.016,0.005,1.034,0.691,-2.888,-0.114,Idle
-0.015,0.003,1.035,0.683,-2.957,-0.079,Idle
-0.015,0.004,1.034,0.665,-2.914,-0.131,Idle
-0.016,0.004,1.034,0.691,-2.914,-0.114,Idle
-0.015,0.003,1.034,0.630,-2.905,-0.140,Idle
-0.016,0.005,1.034,0.665,-2.931,-0.079,Idle
-0.016,0.003,1.034,0.726,-2.940,-0.079,Idle
-0.016,0.005,1.033,0.691,-2.922,-0.149,Idle
-0.016,0.005,1.034,0.621,-2.914,-0.096,Idle
-0.015,0.003,1.033,0.674,-2.949,-0.131,Idle
-0.016,0.004,1.034,0.691,-2.922,-0.096,Idle
-0.015,0.003,1.034,0.665,-2.905,-0.131,Idle
-0.015,0.004,1.034,0.700,-2.949,-0.096,Idle
-0.016,0.004,1.034,0.674,-2.905,-0.149,Idle
-0.016,0.004,1.033,0.656,-2.896,-0.114,Idle
-0.015,0.003,1.034,0.647,-2.957,-0.105,Idle
-0.015,0.004,1.034,0.683,-2.940,-0.123,Idle
-0.016,0.004,1.034,0.674,-2.914,-0.105,Idle
-0.015,0.004,1.035,0.674,-2.922,-0.140,Idle
-0.016,0.004,1.034,0.647,-2.949,-0.096,Idle
-0.016,0.004,1.034,0.726,-2.931,-0.114,Idle
-0.016,0.004,1.034,0.665,-2.949,-0.149,Idle
-0.015,0.004,1.035,0.683,-2.949,-0.131,Idle
-0.017,0.003,1.034,0.665,-2.949,-0.123,Idle
-0.015,0.004,1.034,0.691,-2.957,-0.114,Idle
-0.016,0.004,1.034,0.639,-2.931,-0.149,Idle
-0.016,0.004,1.033,0.665,-2.940,-0.105,Idle
-0.016,0.004,1.034,0.647,-2.949,-0.105,Idle
-0.016,0.004,1.034,0.656,-2.949,-0.105,Idle
-0.016,0.004,1.034,0.683,-2.914,-0.105,Idle
-0.016,0.004,1.034,0.647,-2.940,-0.149,Idle
-0.016,0.004,1.035,0.621,-2.914,-0.149,Idle
-0.016,0.004,1.033,0.656,-2.940,-0.087,Idle
-0.016,0.003,1.034,0.630,-2.931,-0.131,Idle
-0.016,0.005,1.034,0.656,-2.922,-0.131,Idle
-0.016,0.004,1.034,0.700,-2.914,-0.114,Idle
-0.016,0.003,1.034,0.700,-2.940,-0.096,Idle
-0.015,0.003,1.034,0.665,-2.949,-0.114,Idle
-0.015,0.004,1.034,0.665,-2.922,-0.114,Idle
-0.017,0.005,1.034,0.656,-2.949,-0.114,Idle
-0.015,0.006,1.034,0.639,-2.914,-0.123,Idle
-0.015,0.004,1.034,0.665,-2.931,-0.114,Idle
-0.016,0.004,1.033,0.674,-2.922,-0.123,Idle
-0.016,0.004,1.033,0.726,-2.914,-0.096,Idle
-0.016,0.004,1.034,0.665,-2.940,-0.079,Idle
-0.016,0.004,1.034,0.656,-2.931,-0.114,Idle
-0.015,0.004,1.034,0.665,-2.914,-0.114,Idle
-0.016,0.004,1.034,0.647,-2.931,-0.096,Idle
-0.016,0.004,1.033,0.683,-2.922,-0.123,Idle
-0.016,0.004,1.034,0.674,-2.966,-0.123,Idle
-0.015,0.004,1.034,0.735,-2.957,-0.105,Idle
-0.015,0.004,1.035,0.691,-2.905,-0.105,Idle
-0.017,0.004,1.033,0.665,-2.949,-0.087,Idle
-0.016,0.004,1.034,0.717,-2.931,-0.087,Idle
-0.016,0.004,1.034,0.700,-2.940,-0.096,Idle
-0.016,0.004,1.034,0.604,-2.949,-0.123,Idle
-0.016,0.003,1.033,0.613,-2.922,-0.096,Idle
-0.015,0.004,1.033,0.647,-2.931,-0.096,Idle
-0.016,0.004,1.033,0.691,-2.949,-0.123,Idle
-0.016,0.004,1.035,0.709,-2.922,-0.105,Idle
-0.016,0.004,1.035,0.683,-2.931,-0.105,Idle
-0.016,0.003,1.033,0.691,-2.931,-0.123,Idle
-0.017,0.004,1.034,0.683,-2.931,-0.123,Idle
-0.016,0.004,1.034,0.717,-2.922,-0.131,Idle
-0.016,0.004,1.034,0.656,-2.931,-0.123,Idle
-0.016,0.004,1.034,0.700,-2.931,-0.105,Idle
-0.015,0.003,1.034,0.639,-2.957,-0.114,Idle
-0.015,0.005,1.034,0.700,-2.914,-0.140,Idle
-0.017,0.004,1.035,0.717,-2.922,-0.096,Idle
-0.016,0.004,1.034,0.700,-2.931,-0.123,Idle
-0.015,0.004,1.034,0.683,-2.949,-0.131,Idle
-0.016,0.004,1.033,0.700,-2.914,-0.123,Idle
-0.016,0.005,1.034,0.665,-2.931,-0.123,Idle
-0.016,0.004,1.034,0.674,-2.931,-0.105,Idle
-0.017,0.003,1.035,0.700,-2.940,-0.114,Idle
-0.017,0.004,1.033,0.691,-2.949,-0.105,Idle
-0.015,0.004,1.034,0.683,-2.957,-0.123,Idle
-0.016,0.005,1.034,0.665,-2.949,-0.096,Idle
-0.015,0.004,1.033,0.674,-2.922,-0.123,Idle
-0.016,0.005,1.034,0.674,-2.931,-0.114,Idle
-0.015,0.003,1.034,0.674,-2.966,-0.149,Idle
-0.015,0.004,1.034,0.700,-2.940,-0.123,Idle
-0.015,0.004,1.034,0.709,-2.940,-0.114,Idle
-0.015,0.004,1.034,0.683,-2.888,-0.096,Idle
-0.015,0.004,1.034,0.683,-2.940,-0.114,Idle
-0.015,0.003,1.033,0.647,-2.975,-0.149,Idle
-0.016,0.004,1.034,0.665,-2.914,-0.096,Idle
-0.016,0.004,1.034,0.647,-2.957,-0.114,Idle
-0.016,0.004,1.034,0.674,-2.922,-0.131,Idle
-0.016,0.003,1.034,0.700,-2.931,-0.087,Idle
-0.016,0.004,1.034,0.683,-2.940,-0.149,Idle
-0.016,0.004,1.034,0.700,-2.896,-0.131,Idle
-0.014,0.004,1.034,0.674,-2.922,-0.131,Idle
-0.016,0.004,1.034,0.683,-2.888,-0.114,Idle
-0.016,0.004,1.034,0.709,-2.922,-0.131,Idle
-0.016,0.004,1.034,0.674,-2.922,-0.105,Idle
-0.016,0.004,1.034,0.647,-2.957,-0.131,Idle
-0.015,0.004,1.034,0.665,-2.905,-0.096,Idle
-0.016,0.004,1.033,0.683,-2.931,-0.123,Idle
-0.016,0.004,1.033,0.630,-2.931,-0.096,Idle
-0.017,0.003,1.033,0.726,-2.922,-0.105,Idle
-0.016,0.003,1.034,0.674,-2.949,-0.096,Idle
-0.016,0.003,1.034,0.665,-2.931,-0.123,Idle
-0.017,0.004,1.035,0.683,-2.896,-0.096,Idle
-0.017,0.003,1.033,0.665,-2.931,-0.114,Idle
-0.016,0.004,1.033,0.647,-2.888,-0.096,Idle
-0.015,0.005,1.035,0.674,-2.949,-0.079,Idle
-0.015,0.005,1.035,0.656,-2.922,-0.131,Idle
-0.015,0.003,1.034,0.665,-2.914,-0.131,Idle
-0.015,0.004,1.035,0.709,-2.896,-0.123,Idle
-0.015,0.004,1.034,0.717,-2.914,-0.079,Idle
-0.016,0.005,1.034,0.700,-2.905,-0.096,Idle
-0.016,0.004,1.034,0.656,-2.914,-0.105,Idle
-0.016,0.004,1.035,0.656,-2.949,-0.149,Idle
-0.015,0.004,1.033,0.656,-2.949,-0.131,Idle
-0.015,0.004,1.034,0.674,-2.940,-0.114,Idle
-0.016,0.004,1.033,0.656,-2.905,-0.149,Idle
-0.016,0.004,1.034,0.674,-2.949,-0.140,Idle
-0.016,0.004,1.033,0.674,-2.922,-0.087,Idle
-0.016,0.004,1.034,0.674,-2.931,-0.105,Idle
-0.015,0.003,1.035,0.674,-2.922,-0.105,Idle
-0.016,0.004,1.034,0.674,-2.949,-0.096,Idle
-0.015,0.004,1.035,0.656,-2.922,-0.061,Idle
-0.016,0.004,1.035,0.683,-2.896,-0.105,Idle
-0.014,0.003,1.033,0.656,-2.931,-0.114,Idle
-0.016,0.003,1.033,0.691,-2.940,-0.114,Idle
-0.016,0.004,1.034,0.752,-2.914,-0.123,Idle
-0.016,0.004,1.034,0.683,-2.931,-0.123,Idle
-0.016,0.003,1.034,0.665,-2.931,-0.114,Idle
-0.016,0.003,1.034,0.656,-2.949,-0.070,Idle
-0.016,0.005,1.033,0.630,-2.940,-0.087,Idle
-0.016,0.004,1.034,0.717,-2.922,-0.149,Idle
-0.017,0.003,1.035,0.665,-2.949,-0.123,Idle
-0.016,0.004,1.034,0.665,-2.931,-0.105,Idle
-0.016,0.004,1.033,0.726,-2.940,-0.079,Idle
-0.016,0.005,1.033,0.613,-2.940,-0.105,Idle
-0.016,0.004,1.035,0.674,-2.966,-0.105,Idle
-0.017,0.004,1.033,0.665,-2.914,-0.105,Idle
-0.016,0.004,1.035,0.691,-2.922,-0.131,Idle
-0.015,0.005,1.033,0.674,-2.940,-0.114,Idle
-0.015,0.003,1.034,0.683,-2.949,-0.105,Idle
-0.015,0.003,1.034,0.674,-2.940,-0.123,Idle
-0.017,0.003,1.034,0.656,-2.931,-0.114,Idle
-0.016,0.003,1.033,0.726,-2.966,-0.096,Idle
-0.016,0.004,1.034,0.683,-2.931,-0.131,Idle
-0.015,0.005,1.034,0.717,-2.940,-0.096,Idle
-0.016,0.004,1.033,0.717,-2.940,-0.131,Idle
-0.016,0.004,1.035,0.647,-2.931,-0.079,Idle
-0.016,0.004,1.034,0.700,-2.896,-0.114,Idle
-0.017,0.003,1.035,0.726,-2.931,-0.123,Idle
-0.016,0.004,1.034,0.674,-2.905,-0.105,Idle
-0.015,0.004,1.034,0.683,-2.949,-0.105,Idle
-0.016,0.004,1.035,0.586,-2.931,-0.114,Idle
-0.016,0.003,1.033,0.683,-2.914,-0.114,Idle
-0.015,0.004,1.033,0.630,-2.905,-0.123,Idle
-0.016,0.004,1.034,0.656,-2.922,-0.131,Idle
-0.015,0.005,1.034,0.665,-2.905,-0.070,Idle
-0.016,0.004,1.034,0.674,-2.896,-0.096,Idle
-0.016,0.004,1.034,0.709,-2.905,-0.114,Idle
-0.015,0.003,1.033,0.639,-2.949,-0.087,Idle
-0.016,0.003,1.033,0.683,-2.914,-0.061,Idle
-0.016,0.004,1.034,0.621,-2.905,-0.114,Idle
-0.015,0.003,1.034,0.691,-2.922,-0.096,Idle
-0.015,0.005,1.034,0.726,-2.966,-0.114,Idle
-0.015,0.004,1.034,0.639,-2.914,-0.070,Idle
-0.016,0.003,1.034,0.604,-2.914,-0.105,Idle
-0.016,0.004,1.034,0.639,-2.949,-0.079,Idle
-0.016,0.004,1.033,0.691,-2.940,-0.114,Idle
-0.015,0.003,1.033,0.683,-2.949,-0.131,Idle
-0.015,0.004,1.034,0.656,-2.922,-0.114,Idle
-0.015,0.004,1.034,0.709,-2.940,-0.087,Idle
-0.016,0.004,1.034,0.674,-2.940,-0.087,Idle
-0.015,0.004,1.034,0.656,-2.949,-0.079,Idle
-0.016,0.004,1.034,0.665,-2.931,-0.087,Idle
-0.015,0.004,1.035,0.665,-2.896,-0.105,Idle
-0.016,0.003,1.034,0.683,-2.931,-0.149,Idle
-0.015,0.004,1.033,0.656,-2.922,-0.105,Idle
-0.016,0.003,1.033,0.665,-2.914,-0.114,Idle
-0.016,0.004,1.034,0.717,-2.931,-0.114,Idle
-0.016,0.003,1.033,0.691,-2.957,-0.087,Idle
-0.017,0.004,1.034,0.656,-2.914,-0.140,Idle
-0.015,0.004,1.034,0.674,-2.905,-0.105,Idle
-0.015,0.004,1.034,0.683,-2.888,-0.131,Idle
-0.015,0.003,1.035,0.639,-2.914,-0.087,Idle
-0.016,0.004,1.034,0.691,-2.949,-0.131,Idle
-0.016,0.004,1.033,0.647,-2.957,-0.131,Idle
-0.016,0.004,1.034,0.656,-2.949,-0.131,Idle
-0.016,0.003,1.034,0.683,-2.931,-0.105,Idle
-0.016,0.005,1.034,0.656,-2.914,-0.123,Idle
-0.016,0.005,1.034,0.656,-2.914,-0.087,Idle
-0.016,0.004,1.033,0.700,-2.914,-0.140,Idle
-0.016,0.003,1.034,0.665,-2.888,-0.149,Idle
-0.015,0.004,1.034,0.647,-2.914,-0.114,Idle
-0.015,0.003,1.033,0.665,-2.905,-0.114,Idle
-0.016,0.004,1.034,0.665,-2.922,-0.087,Idle
-0.016,0.004,1.034,0.674,-2.949,-0.114,Idle
-0.016,0.004,1.033,0.674,-2.931,-0.140,Idle
-0.016,0.005,1.034,0.674,-2.922,-0.123,Idle
-0.015,0.004,1.034,0.683,-2.931,-0.096,Idle
-0.016,0.003,1.034,0.665,-2.940,-0.140,Idle
-0.016,0.004,1.034,0.656,-2.966,-0.149,Idle
-0.016,0.004,1.033,0.726,-2.922,-0.105,Idle
-0.016,0.004,1.034,0.683,-2.922,-0.114,Idle
-0.016,0.004,1.034,0.691,-2.914,-0.140,Idle
-0.015,0.003,1.034,0.674,-2.914,-0.096,Idle
-0.016,0.005,1.034,0.665,-2.957,-0.123,Idle
-0.016,0.004,1.034,0.709,-2.870,-0.070,Idle
-0.016,0.004,1.034,0.674,-2.914,-0.123,Idle
-0.016,0.003,1.034,0.700,-2.940,-0.105,Idle
-0.015,0.004,1.034,0.683,-2.922,-0.123,Idle
-0.015,0.003,1.034,0.665,-2.914,-0.140,Idle
-0.017,0.004,1.033,0.691,-2.888,-0.105,Idle
-0.016,0.004,1.033,0.656,-2.940,-0.079,Idle
-0.015,0.004,1.033,0.683,-2.949,-0.105,Idle
-0.015,0.003,1.033,0.656,-2.931,-0.131,Idle
-0.015,0.004,1.033,0.665,-2.966,-0.087,Idle
-0.015,0.004,1.034,0.656,-2.922,-0.105,Idle
-0.016,0.005,1.034,0.656,-2.914,-0.096,Idle
-0.015,0.004,1.034,0.656,-2.940,-0.114,Idle
-0.016,0.003,1.034,0.674,-2.940,-0.140,Idle
-0.017,0.004,1.034,0.726,-2.914,-0.114,Idle
-0.016,0.004,1.035,0.656,-2.905,-0.087,Idle
-0.015,0.005,1.034,0.665,-2.905,-0.096,Idle
-0.017,0.003,1.034,0.656,-2.940,-0.131,Idle
-0.015,0.004,1.034,0.717,-2.914,-0.105,Idle
-0.016,0.004,1.034,0.717,-2.931,-0.105,Idle
-0.016,0.003,1.034,0.674,-2.931,-0.105,Idle
-0.015,0.004,1.033,0.700,-2.888,-0.070,Idle
-0.016,0.004,1.034,0.630,-2.896,-0.140,Idle
-0.016,0.003,1.033,0.683,-2.922,-0.079,Idle
-0.015,0.005,1.034,0.647,-2.931,-0.096,Idle
-0.016,0.004,1.033,0.665,-2.922,-0.096,Idle
-0.016,0.004,1.033,0.683,-2.931,-0.123,Idle
-0.015,0.005,1.033,0.647,-2.940,-0.114,Idle
-0.016,0.004,1.034,0.656,-2.914,-0.123,Idle
-0.016,0.004,1.034,0.674,-2.914,-0.123,Idle
-0.016,0.005,1.033,0.647,-2.940,-0.123,Idle
-0.016,0.003,1.034,0.717,-2.940,-0.114,Idle
-0.016,0.004,1.035,0.665,-2.914,-0.149,Idle
-0.015,0.003,1.034,0.621,-2.931,-0.123,Idle
-0.016,0.004,1.033,0.639,-2.879,-0.079,Idle
-0.015,0.004,1.034,0.717,-2.922,-0.114,Idle
-0.016,0.004,1.034,0.683,-2.966,-0.096,Idle
-0.015,0.004,1.033,0.674,-2.922,-0.114,Idle
-0.016,0.003,1.034,0.717,-2.914,-0.096,Idle
-0.016,0.004,1.034,0.674,-2.949,-0.087,Idle
-0.016,0.003,1.034,0.691,-2.931,-0.114,Idle
-0.015,0.003,1.034,0.647,-2.966,-0.079,Idle
-0.016,0.003,1.035,0.674,-2.922,-0.157,Idle
-0.016,0.003,1.033,0.674,-2.957,-0.079,Idle
-0.016,0.003,1.034,0.691,-2.940,-0.114,Idle
-0.016,0.004,1.034,0.639,-2.896,-0.105,Idle
-0.016,0.004,1.034,0.700,-2.922,-0.131,Idle
-0.015,0.004,1.034,0.674,-2.931,-0.087,Idle
-0.017,0.004,1.034,0.691,-2.957,-0.105,Idle
-0.015,0.004,1.035,0.709,-2.931,-0.114,Idle
-0.015,0.005,1.035,0.630,-2.905,-0.131,Idle
-0.015,0.004,1.035,0.656,-2.949,-0.079,Idle
-0.015,0.003,1.033,0.656,-2.922,-0.123,Idle
-0.016,0.004,1.033,0.674,-2.940,-0.087,Idle
-0.015,0.004,1.034,0.700,-2.966,-0.087,Idle
-0.016,0.004,1.034,0.639,-2.914,-0.096,Idle
-0.016,0.004,1.034,0.700,-2.905,-0.105,Idle
-0.015,0.004,1.034,0.691,-2.922,-0.096,Idle
-0.015,0.004,1.034,0.752,-2.931,-0.087,Idle
-0.016,0.004,1.034,0.709,-2.905,-0.087,Idle
-0.016,0.004,1.034,0.656,-2.931,-0.105,Idle
-0.016,0.005,1.034,0.709,-2.949,-0.061,Idle
-0.016,0.005,1.034,0.709,-2.931,-0.087,Idle
-0.016,0.004,1.034,0.630,-2.931,-0.123,Idle
-0.016,0.003,1.035,0.691,-2.940,-0.114,Idle
-0.016,0.004,1.035,0.621,-2.940,-0.149,Idle
-0.015,0.004,1.034,0.656,-2.896,-0.123,Idle
-0.016,0.004,1.033,0.683,-2.922,-0.114,Idle
-0.016,0.004,1.034,0.683,-2.922,-0.096,Idle
-0.016,0.003,1.034,0.700,-2.931,-0.096,Idle
-0.016,0.003,1.034,0.647,-2.914,-0.157,Idle
-0.016,0.004,1.034,0.691,-2.922,-0.105,Idle
-0.016,0.004,1.034,0.683,-2.905,-0.123,Idle
-0.015,0.003,1.033,0.717,-2.949,-0.114,Idle
-0.017,0.004,1.033,0.683,-2.905,-0.105,Idle
-0.015,0.004,1.034,0.647,-2.905,-0.087,Idle
-0.016,0.004,1.034,0.665,-2.931,-0.105,Idle
-0.016,0.003,1.034,0.630,-2.957,-0.105,Idle
-0.016,0.003,1.034,0.700,-2.966,-0.123,Idle
-0.015,0.003,1.033,0.691,-2.931,-0.079,Idle
-0.015,0.003,1.034,0.639,-2.931,-0.114,Idle
-0.016,0.004,1.034,0.674,-2.896,-0.131,Idle
-0.015,0.003,1.034,0.683,-2.922,-0.131,Idle
-0.016,0.004,1.034,0.709,-2.905,-0.114,Idle
-0.015,0.003,1.034,0.709,-2.940,-0.149,Idle
-0.016,0.003,1.034,0.717,-2.949,-0.114,Idle
-0.016,0.004,1.034,0.691,-2.922,-0.105,Idle
-0.016,0.004,1.034,0.726,-2.914,-0.123,Idle
-0.015,0.005,1.034,0.674,-2.888,-0.079,Idle
-0.017,0.003,1.034,0.674,-2.922,-0.149,Idle
-0.016,0.003,1.034,0.700,-2.949,-0.105,Idle
-0.016,0.004,1.034,0.709,-2.957,-0.087,Idle
-0.017,0.004,1.035,0.683,-2.914,-0.105,Idle
-0.015,0.004,1.034,0.726,-2.940,-0.105,Idle
-0.016,0.003,1.034,0.700,-2.931,-0.114,Idle
-0.016,0.003,1.033,0.665,-2.905,-0.096,Idle
-0.015,0.004,1.034,0.683,-2.879,-0.114,Idle
-0.015,0.004,1.034,0.674,-2.922,-0.131,Idle
-0.015,0.004,1.034,0.656,-2.931,-0.123,Idle
-0.016,0.004,1.034,0.700,-2.914,-0.114,Idle
-0.015,0.004,1.033,0.691,-2.922,-0.096,Idle
-0.016,0.003,1.035,0.665,-2.914,-0.087,Idle
-0.016,0.004,1.034,0.656,-2.922,-0.114,Idle
-0.016,0.004,1.034,0.639,-2.957,-0.131,Idle
-0.016,0.004,1.034,0.735,-2.957,-0.079,Idle
-0.015,0.004,1.033,0.726,-2.931,-0.087,Idle
-0.015,0.004,1.034,0.665,-2.949,-0.096,Idle
-0.016,0.003,1.034,0.683,-2.914,-0.131,Idle
-0.016,0.003,1.033,0.630,-2.922,-0.096,Idle
-0.016,0.003,1.034,0.717,-2.922,-0.087,Idle
-0.015,0.003,1.034,0.656,-2.949,-0.114,Idle
-0.016,0.003,1.034,0.709,-2.914,-0.114,Idle
-0.015,0.003,1.034,0.665,-2.914,-0.114,Idle
-0.016,0.003,1.033,0.717,-2.957,-0.114,Idle
-0.017,0.004,1.034,0.709,-2.922,-0.105,Idle
-0.015,0.004,1.034,0.717,-2.914,-0.114,Idle
-0.016,0.005,1.034,0.691,-2.957,-0.105,Idle
-0.016,0.003,1.034,0.665,-2.922,-0.096,Idle
-0.016,0.003,1.034,0.647,-2.940,-0.096,Idle
-0.017,0.004,1.033,0.700,-2.922,-0.079,Idle
-0.015,0.004,1.034,0.665,-2.949,-0.096,Idle
-0.016,0.004,1.035,0.717,-2.914,-0.123,Idle
-0.015,0.004,1.035,0.683,-2.957,-0.087,Idle
-0.017,0.004,1.034,0.700,-2.940,-0.096,Idle
-0.016,0.004,1.034,0.683,-2.931,-0.079,Idle
-0.016,0.004,1.034,0.700,-2.914,-0.123,Idle
-0.016,0.005,1.034,0.639,-2.957,-0.131,Idle
-0.015,0.004,1.033,0.726,-2.940,-0.087,Idle
-0.016,0.004,1.034,0.674,-2.931,-0.105,Idle
-0.015,0.004,1.034,0.656,-2.940,-0.096,Idle
-0.015,0.004,1.034,0.683,-2.922,-0.096,Idle
-0.016,0.003,1.034,0.709,-2.949,-0.087,Idle
-0.016,0.003,1.034,0.709,-2.957,-0.114,Idle
-0.016,0.004,1.034,0.700,-2.966,-0.123,Idle
-0.016,0.004,1.034,0.700,-2.922,-0.131,Idle
-0.016,0.003,1.034,0.674,-2.931,-0.123,Idle
-0.016,0.003,1.033,0.683,-2.940,-0.105,Idle
-0.015,0.003,1.034,0.683,-2.931,-0.114,Idle
-0.016,0.003,1.034,0.683,-2.922,-0.123,Idle
-0.016,0.004,1.034,0.700,-2.896,-0.096,Idle
-0.016,0.003,1.034,0.700,-2.888,-0.114,Idle
-0.016,0.003,1.034,0.674,-2.931,-0.079,Idle
-0.016,0.002,1.034,0.700,-2.888,-0.123,Idle
-0.016,0.003,1.034,0.691,-2.888,-0.096,Idle
-0.016,0.004,1.034,0.726,-2.922,-0.140,Idle
-0.015,0.003,1.034,0.630,-2.922,-0.105,Idle
-0.016,0.004,1.034,0.691,-2.922,-0.105,Idle
-0.016,0.004,1.034,0.613,-2.949,-0.079,Idle
-0.015,0.003,1.034,0.691,-2.905,-0.114,Idle
-0.016,0.004,1.034,0.717,-2.922,-0.096,Idle
-0.016,0.004,1.034,0.735,-2.914,-0.123,Idle
-0.016,0.005,1.034,0.656,-2.914,-0.105,Idle
-0.016,0.004,1.033,0.647,-2.931,-0.087,Idle
-0.016,0.004,1.033,0.613,-2.931,-0.105,Idle
-0.017,0.003,1.033,0.683,-2.922,-0.105,Idle
-0.016,0.004,1.034,0.700,-2.966,-0.140,Idle
-0.016,0.005,1.036,0.665,-2.957,-0.114,Idle
-0.015,0.005,1.034,0.683,-2.931,-0.114,Idle
-0.016,0.004,1.035,0.665,-2.940,-0.123,Idle
-0.015,0.003,1.034,0.691,-2.940,-0.096,Idle
-0.016,0.003,1.035,0.639,-2.914,-0.087,Idle
-0.016,0.003,1.033,0.656,-2.940,-0.105,Idle
-0.015,0.004,1.033,0.683,-2.931,-0.114,Idle
-0.016,0.003,1.033,0.639,-2.940,-0.105,Idle
-0.015,0.003,1.034,0.700,-2.931,-0.114,Idle
-0.015,0.004,1.033,0.674,-2.922,-0.114,Idle
-0.016,0.003,1.034,0.665,-2.940,-0.105,Idle
-0.015,0.004,1.033,0.700,-2.896,-0.105,Idle
-0.017,0.003,1.035,0.665,-2.931,-0.070,Idle
-0.017,0.004,1.034,0.691,-2.905,-0.087,Idle
-0.016,0.004,1.033,0.691,-2.922,-0.105,Idle
-0.016,0.004,1.035,0.700,-2.888,-0.087,Idle
-0.016,0.004,1.034,0.665,-2.931,-0.096,Idle
-0.016,0.004,1.034,0.691,-2.896,-0.087,Idle
-0.015,0.003,1.034,0.683,-2.914,-0.105,Idle
-0.015,0.004,1.034,0.691,-2.931,-0.123,Idle
-0.016,0.004,1.033,0.709,-2.940,-0.123,Idle
-0.016,0.004,1.034,0.674,-2.957,-0.105,Idle
-0.017,0.005,1.034,0.735,-2.888,-0.096,Idle
-0.016,0.004,1.033,0.683,-2.914,-0.123,Idle
-0.015,0.003,1.036,0.683,-2.914,-0.114,Idle
-0.016,0.004,1.033,0.656,-2.922,-0.105,Idle
-0.016,0.005,1.034,0.691,-2.896,-0.123,Idle
-0.017,0.004,1.034,0.656,-2.940,-0.105,Idle
-0.016,0.004,1.034,0.683,-2.931,-0.096,Idle
-0.016,0.003,1.034,0.674,-2.922,-0.087,Idle
-0.016,0.003,1.034,0.665,-2.896,-0.123,Idle
-0.016,0.003,1.033,0.674,-2.922,-0.131,Idle
-0.016,0.003,1.034,0.665,-2.914,-0.079,Idle
-0.016,0.004,1.033,0.700,-2.914,-0.052,Idle
-0.015,0.004,1.035,0.674,-2.957,-0.105,Idle
-0.015,0.004,1.034,0.717,-2.905,-0.105,Idle
-0.017,0.003,1.034,0.683,-2.957,-0.114,Idle
-0.016,0.004,1.033,0.665,-2.931,-0.096,Idle
-0.015,0.004,1.034,0.674,-2.957,-0.096,Idle
-0.016,0.004,1.033,0.691,-2.940,-0.114,Idle
-0.016,0.003,1.034,0.647,-2.931,-0.123,Idle
-0.016,0.004,1.035,0.665,-2.931,-0.105,Idle
-0.015,0.004,1.033,0.613,-2.914,-0.096,Idle
-0.015,0.003,1.034,0.674,-2.922,-0.105,Idle
-0.015,0.004,1.034,0.665,-2.888,-0.105,Idle
-0.016,0.004,1.033,0.647,-2.931,-0.123,Idle
-0.016,0.004,1.034,0.647,-2.957,-0.140,Idle
-0.015,0.004,1.034,0.647,-2.896,-0.123,Idle
-0.015,0.004,1.034,0.665,-2.896,-0.105,Idle
-0.017,0.003,1.035,0.726,-2.905,-0.096,Idle
-0.016,0.004,1.034,0.674,-2.957,-0.105,Idle
-0.016,0.004,1.034,0.674,-2.931,-0.114,Idle
-0.016,0.004,1.033,0.656,-2.966,-0.096,Idle
-0.017,0.004,1.033,0.656,-2.949,-0.114,Idle
-0.016,0.003,1.033,0.665,-2.931,-0.087,Idle
-0.015,0.004,1.034,0.700,-2.905,-0.096,Idle
-0.016,0.003,1.033,0.674,-2.966,-0.105,Idle
-0.016,0.004,1.034,0.647,-2.940,-0.114,Idle
-0.015,0.004,1.035,0.744,-2.940,-0.052,Idle
-0.015,0.004,1.034,0.665,-2.931,-0.123,Idle
-0.016,0.004,1.034,0.656,-2.931,-0.105,Idle
-0.015,0.003,1.033,0.647,-2.922,-0.123,Idle
-0.017,0.004,1.034,0.647,-2.905,-0.096,Idle
-0.016,0.004,1.033,0.665,-2.914,-0.123,Idle
-0.015,0.004,1.034,0.709,-2.940,-0.123,Idle
-0.015,0.004,1.035,0.647,-2.922,-0.079,Idle
-0.015,0.004,1.033,0.656,-2.922,-0.114,Idle
-0.017,0.004,1.034,0.656,-2.922,-0.123,Idle
-0.016,0.003,1.033,0.656,-2.914,-0.079,Idle
-0.016,0.004,1.034,0.691,-2.957,-0.087,Idle
-0.016,0.004,1.034,0.665,-2.949,-0.123,Idle
-0.016,0.005,1.034,0.639,-2.888,-0.114,Idle
-0.015,0.003,1.034,0.683,-2.940,-0.087,Idle
-0.015,0.005,1.033,0.700,-2.914,-0.087,Idle
-0.016,0.003,1.033,0.630,-2.905,-0.114,Idle
-0.016,0.003,1.034,0.683,-2.905,-0.140,Idle
-0.016,0.004,1.034,0.674,-2.931,-0.114,Idle
-0.015,0.004,1.035,0.665,-2.957,-0.114,Idle
-0.016,0.004,1.034,0.665,-2.949,-0.131,Idle
-0.015,0.003,1.034,0.700,-2.940,-0.140,Idle
-0.016,0.003,1.033,0.700,-2.940,-0.131,Idle
-0.016,0.003,1.034,0.656,-2.905,-0.096,Idle
-0.016,0.004,1.033,0.683,-2.922,-0.149,Idle
-0.015,0.004,1.034,0.700,-2.914,-0.105,Idle
-0.015,0.004,1.034,0.674,-2.879,-0.105,Idle
-0.015,0.003,1.033,0.683,-2.940,-0.096,Idle
-0.016,0.004,1.034,0.683,-2.905,-0.123,Idle
-0.015,0.005,1.034,0.691,-2.940,-0.070,Idle
-0.016,0.004,1.034,0.700,-2.914,-0.105,Idle
-0.015,0.004,1.035,0.709,-2.975,-0.105,Idle
-0.016,0.004,1.035,0.665,-2.922,-0.114,Idle
-0.015,0.003,1.033,0.630,-2.905,-0.114,Idle
-0.015,0.004,1.034,0.691,-2.922,-0.114,Idle
-0.015,0.003,1.034,0.665,-2.940,-0.123,Idle
-0.016,0.004,1.033,0.683,-2.931,-0.114,Idle
-0.015,0.004,1.033,0.674,-2.931,-0.096,Idle
-0.016,0.004,1.034,0.665,-2.931,-0.096,Idle
-0.014,0.004,1.034,0.709,-2.940,-0.087,Idle
-0.016,0.005,1.035,0.683,-2.931,-0.123,Idle
-0.015,0.004,1.035,0.656,-2.905,-0.140,Idle
-0.016,0.003,1.034,0.621,-2.940,-0.105,Idle
-0.016,0.003,1.034,0.674,-2.931,-0.096,Idle
-0.016,0.004,1.033,0.674,-2.931,-0.079,Idle
-0.016,0.005,1.034,0.691,-2.905,-0.105,Idle
-0.017,0.004,1.033,0.647,-2.931,-0.131,Idle
-0.016,0.004,1.033,0.665,-2.940,-0.123,Idle
-0.016,0.004,1.034,0.674,-2.888,-0.140,Idle
-0.015,0.003,1.033,0.656,-2.905,-0.105,Idle
-0.016,0.004,1.035,0.691,-2.922,-0.105,Idle
-0.016,0.004,1.033,0.665,-2.931,-0.096,Idle
-0.016,0.003,1.033,0.700,-2.914,-0.079,Idle
-0.015,0.003,1.034,0.665,-2.879,-0.105,Idle
-0.016,0.003,1.033,0.647,-2.914,-0.123,Idle
-0.017,0.003,1.034,0.674,-2.922,-0.140,Idle
-0.016,0.003,1.034,0.700,-2.931,-0.114,Idle
-0.015,0.004,1.034,0.674,-2.922,-0.131,Idle
-0.016,0.004,1.034,0.700,-2.905,-0.087,Idle
-0.015,0.005,1.034,0.674,-2.940,-0.105,Idle
-0.016,0.004,1.033,0.630,-2.966,-0.123,Idle
-0.015,0.004,1.034,0.639,-2.922,-0.114,Idle
-0.017,0.003,1.033,0.674,-2.931,-0.096,Idle
-0.016,0.004,1.033,0.674,-2.914,-0.105,Idle
-0.016,0.003,1.033,0.709,-2.922,-0.087,Idle
-0.016,0.003,1.034,0.647,-2.922,-0.096,Idle
-0.016,0.004,1.034,0.656,-2.888,-0.105,Idle
-0.016,0.004,1.035,0.691,-2.931,-0.096,Idle
-0.016,0.005,1.034,0.683,-2.940,-0.105,Idle
-0.015,0.003,1.034,0.709,-2.940,-0.105,Idle
-0.016,0.004,1.034,0.674,-2.922,-0.096,Idle
-0.016,0.004,1.033,0.691,-2.888,-0.123,Idle
-0.016,0.004,1.034,0.656,-2.966,-0.079,Idle
-0.015,0.004,1.033,0.639,-2.896,-0.114,Idle
-0.015,0.005,1.033,0.683,-2.966,-0.105,Idle
-0.016,0.003,1.034,0.726,-2.931,-0.105,Idle
-0.016,0.004,1.034,0.691,-2.914,-0.123,Idle
-0.016,0.003,1.034,0.630,-2.914,-0.087,Idle
-0.015,0.003,1.033,0.691,-2.949,-0.123,Idle
-0.016,0.003,1.034,0.656,-2.940,-0.114,Idle
-0.016,0.004,1.033,0.647,-2.957,-0.096,Idle
-0.015,0.004,1.033,0.621,-2.922,-0.131,Idle
-0.016,0.003,1.034,0.613,-2.931,-0.123,Idle
-0.016,0.004,1.035,0.647,-2.922,-0.105,Idle
-0.016,0.003,1.033,0.726,-2.931,-0.114,Idle
-0.016,0.003,1.034,0.691,-2.914,-0.140,Idle
-0.015,0.004,1.034,0.700,-2.931,-0.087,Idle
-0.016,0.004,1.034,0.665,-2.922,-0.114,Idle
-0.015,0.004,1.033,0.674,-2.922,-0.096,Idle
-0.015,0.004,1.034,0.674,-2.888,-0.096,Idle
-0.016,0.005,1.035,0.656,-2.949,-0.123,Idle
-0.016,0.003,1.033,0.639,-2.922,-0.114,Idle
-0.016,0.003,1.034,0.665,-2.905,-0.061,Idle
-0.016,0.003,1.032,0.639,-2.914,-0.123,Idle
-0.015,0.004,1.034,0.604,-2.931,-0.087,Idle
-0.015,0.004,1.033,0.709,-2.922,-0.123,Idle
-0.016,0.003,1.033,0.683,-2.922,-0.131,Idle
-0.016,0.003,1.034,0.656,-2.914,-0.131,Idle
-0.016,0.003,1.034,0.691,-2.922,-0.123,Idle
-0.015,0.004,1.035,0.700,-2.922,-0.096,Idle
-0.016,0.004,1.034,0.647,-2.940,-0.149,Idle
-0.016,0.004,1.034,0.656,-2.922,-0.105,Idle
-0.017,0.004,1.034,0.683,-2.957,-0.123,Idle
-0.015,0.004,1.034,0.683,-2.888,-0.105,Idle
-0.016,0.004,1.034,0.709,-2.949,-0.114,Idle
-0.016,0.003,1.033,0.630,-2.931,-0.105,Idle
-0.017,0.004,1.034,0.656,-2.931,-0.131,Idle
-0.015,0.003,1.034,0.621,-2.949,-0.114,Idle
-0.016,0.003,1.035,0.674,-2.922,-0.105,Idle
-0.016,0.004,1.034,0.691,-2.922,-0.140,Idle
-0.016,0.003,1.034,0.717,-2.896,-0.114,Idle
-0.016,0.004,1.034,0.726,-2.940,-0.114,Idle
-0.015,0.004,1.034,0.639,-2.914,-0.123,Idle
-0.015,0.004,1.033,0.683,-2.914,-0.123,Idle
-0.017,0.003,1.033,0.630,-2.931,-0.131,Idle
-0.016,0.003,1.035,0.700,-2.914,-0.105,Idle
-0.015,0.004,1.033,0.647,-2.940,-0.131,Idle
-0.016,0.003,1.033,0.709,-2.957,-0.096,Idle
-0.017,0.003,1.035,0.674,-2.949,-0.105,Idle
-0.015,0.004,1.034,0.656,-2.940,-0.096,Idle
-0.015,0.004,1.034,0.665,-2.896,-0.079,Idle
-0.016,0.004,1.033,0.630,-2.914,-0.114,Idle
-0.016,0.003,1.034,0.691,-2.922,-0.105,Idle
-0.016,0.003,1.034,0.691,-2.922,-0.061,Idle
-0.015,0.004,1.034,0.665,-2.931,-0.114,Idle
-0.016,0.003,1.034,0.674,-2.922,-0.096,Idle
-0.017,0.003,1.034,0.665,-2.931,-0.123,Idle
-0.016,0.004,1.034,0.665,-2.896,-0.123,Idle
-0.016,0.004,1.034,0.665,-2.931,-0.123,Idle
-0.016,0.004,1.034,0.665,-2.940,-0.070,Idle
-0.016,0.004,1.034,0.683,-2.949,-0.140,Idle
-0.017,0.005,1.034,0.647,-2.914,-0.114,Idle
-0.015,0.003,1.034,0.656,-2.905,-0.096,Idle
-0.016,0.004,1.035,0.709,-2.914,-0.105,Idle
-0.016,0.004,1.035,0.665,-2.905,-0.123,Idle
-0.016,0.004,1.035,0.665,-2.940,-0.079,Idle
-0.016,0.003,1.033,0.647,-2.905,-0.087,Idle
-0.016,0.004,1.034,0.674,-2.931,-0.166,Idle
-0.016,0.004,1.033,0.683,-2.949,-0.123,Idle
-0.016,0.003,1.034,0.700,-2.914,-0.157,Idle
-0.016,0.004,1.036,0.709,-2.931,-0.123,Idle
-0.015,0.004,1.034,0.691,-2.940,-0.114,Idle
-0.016,0.005,1.033,0.691,-2.896,-0.105,Idle
-0.016,0.003,1.034,0.647,-2.922,-0.131,Idle
-0.015,0.003,1.034,0.647,-2.914,-0.140,Idle
-0.016,0.004,1.034,0.683,-2.940,-0.114,Idle
-0.016,0.004,1.033,0.683,-2.931,-0.140,Idle
-0.015,0.004,1.034,0.700,-2.931,-0.096,Idle
-0.016,0.004,1.034,0.691,-2.870,-0.087,Idle
-0.015,0.003,1.035,0.656,-2.905,-0.123,Idle
-0.015,0.004,1.035,0.735,-2.905,-0.114,Idle
-0.015,0.004,1.034,0.630,-2.905,-0.123,Idle
-0.017,0.004,1.034,0.647,-2.922,-0.140,Idle
-0.016,0.003,1.033,0.665,-2.931,-0.096,Idle
-0.016,0.004,1.034,0.744,-2.940,-0.131,Idle
-0.016,0.004,1.034,0.674,-2.957,-0.079,Idle
-0.016,0.004,1.034,0.647,-2.957,-0.114,Idle
-0.016,0.004,1.036,0.726,-2.931,-0.105,Idle
-0.016,0.004,1.034,0.683,-2.949,-0.140,Idle
-0.016,0.004,1.034,0.691,-2.931,-0.105,Idle
-0.015,0.004,1.034,0.709,-2.905,-0.096,Idle
-0.016,0.004,1.033,0.700,-2.957,-0.140,Idle
-0.016,0.003,1.034,0.691,-2.905,-0.140,Idle
-0.016,0.003,1.034,0.665,-2.922,-0.079,Idle
-0.016,0.004,1.034,0.717,-2.914,-0.096,Idle
-0.015,0.004,1.034,0.665,-2.896,-0.096,Idle
-0.016,0.005,1.034,0.691,-2.940,-0.105,Idle
-0.016,0.005,1.034,0.700,-2.931,-0.105,Idle
-0.015,0.003,1.033,0.683,-2.931,-0.105,Idle
-0.016,0.004,1.034,0.647,-2.914,-0.149,Idle
-0.015,0.004,1.034,0.674,-2.896,-0.105,Idle
-0.015,0.005,1.035,0.691,-2.949,-0.131,Idle
-0.015,0.003,1.034,0.683,-2.922,-0.114,Idle
-0.016,0.004,1.034,0.683,-2.940,-0.096,Idle
-0.015,0.005,1.034,0.683,-2.931,-0.149,Idle
-0.015,0.004,1.034,0.691,-2.940,-0.131,Idle
-0.016,0.004,1.034,0.647,-2.940,-0.096,Idle
-0.016,0.003,1.034,0.647,-2.905,-0.114,Idle
-0.016,0.004,1.034,0.709,-2.922,-0.105,Idle
-0.016,0.003,1.034,0.683,-2.975,-0.070,Idle
-0.015,0.003,1.034,0.700,-2.922,-0.114,Idle
-0.015,0.003,1.034,0.647,-2.896,-0.123,Idle
-0.015,0.004,1.034,0.717,-2.949,-0.114,Idle
-0.016,0.005,1.035,0.674,-2.922,-0.105,Idle
-0.017,0.003,1.034,0.613,-2.905,-0.140,Idle
-0.016,0.004,1.034,0.726,-2.931,-0.105,Idle
-0.016,0.003,1.034,0.709,-2.940,-0.096,Idle
-0.016,0.004,1.035,0.647,-2.922,-0.114,Idle
-0.016,0.004,1.034,0.674,-2.914,-0.131,Idle
-0.016,0.004,1.034,0.639,-2.966,-0.105,Idle
-0.016,0.003,1.033,0.683,-2.905,-0.087,Idle
-0.016,0.005,1.033,0.674,-2.905,-0.140,Idle
-0.015,0.004,1.034,0.665,-2.914,-0.140,Idle
-0.016,0.003,1.034,0.735,-2.931,-0.131,Idle
-0.016,0.004,1.034,0.647,-2.888,-0.096,Idle
-0.016,0.004,1.034,0.613,-2.905,-0.114,Idle
-0.016,0.004,1.034,0.717,-2.922,-0.087,Idle
-0.016,0.005,1.034,0.691,-2.914,-0.096,Idle
-0.015,0.004,1.034,0.647,-2.949,-0.096,Idle
-0.017,0.004,1.034,0.683,-2.966,-0.131,Idle
-0.016,0.003,1.034,0.726,-2.914,-0.114,Idle
-0.015,0.003,1.034,0.665,-2.949,-0.087,Idle
-0.016,0.004,1.034,0.639,-2.940,-0.096,Idle
-0.016,0.004,1.034,0.647,-2.940,-0.131,Idle
-0.015,0.004,1.034,0.665,-2.922,-0.105,Idle
-0.016,0.004,1.034,0.691,-2.914,-0.131,Idle
-0.015,0.004,1.034,0.665,-2.922,-0.123,Idle
-0.016,0.004,1.034,0.691,-2.914,-0.087,Idle
-0.016,0.003,1.033,0.683,-2.940,-0.105,Idle
-0.016,0.004,1.034,0.647,-2.931,-0.123,Idle
-0.016,0.003,1.034,0.691,-2.914,-0.149,Idle
-0.016,0.004,1.033,0.691,-2.949,-0.105,Idle
-0.015,0.003,1.033,0.683,-2.914,-0.114,Idle
-0.017,0.004,1.033,0.665,-2.949,-0.096,Idle
-0.016,0.004,1.034,0.674,-2.931,-0.105,Idle
-0.016,0.003,1.034,0.665,-2.888,-0.087,Idle
-0.015,0.004,1.033,0.691,-2.922,-0.087,Idle
-0.016,0.004,1.034,0.604,-2.949,-0.114,Idle
-0.015,0.004,1.034,0.674,-2.922,-0.087,Idle
-0.015,0.005,1.033,0.717,-2.949,-0.114,Idle
-0.016,0.004,1.034,0.691,-2.914,-0.123,Idle
-0.016,0.003,1.034,0.665,-2.949,-0.114,Idle
-0.015,0.005,1.035,0.674,-2.922,-0.079,Idle
-0.016,0.005,1.034,0.656,-2.922,-0.140,Idle
-0.015,0.005,1.035,0.604,-2.931,-0.105,Idle
-0.017,0.003,1.033,0.613,-2.870,-0.123,Idle
-0.016,0.003,1.034,0.683,-2.914,-0.105,Idle
-0.017,0.004,1.034,0.674,-2.931,-0.096,Idle
-0.016,0.004,1.034,0.691,-2.949,-0.096,Idle
-0.016,0.004,1.034,0.717,-2.949,-0.131,Idle
-0.016,0.004,1.033,0.691,-2.888,-0.123,Idle
-0.015,0.003,1.035,0.726,-2.905,-0.096,Idle
-0.016,0.005,1.034,0.691,-2.949,-0.105,Idle
-0.016,0.004,1.034,0.639,-2.896,-0.114,Idle
-0.016,0.003,1.035,0.647,-2.949,-0.096,Idle
-0.015,0.004,1.035,0.639,-2.896,-0.114,Idle
-0.015,0.004,1.033,0.647,-2.922,-0.123,Idle
-0.016,0.004,1.033,0.674,-2.949,-0.087,Idle
-0.016,0.005,1.033,0.674,-2.931,-0.070,Idle
-0.016,0.003,1.034,0.665,-2.931,-0.096,Idle
-0.017,0.003,1.034,0.656,-2.914,-0.114,Idle
-0.016,0.004,1.033,0.674,-2.914,-0.131,Idle
-0.015,0.003,1.033,0.656,-2.975,-0.087,Idle
-0.016,0.004,1.034,0.683,-2.922,-0.087,Idle
-0.015,0.003,1.034,0.691,-2.931,-0.114,Idle
-0.016,0.003,1.033,0.647,-2.905,-0.123,Idle
-0.017,0.004,1.034,0.691,-2.922,-0.114,Idle
-0.016,0.003,1.033,0.683,-2.940,-0.096,Idle
-0.016,0.004,1.034,0.647,-2.931,-0.087,Idle
-0.016,0.004,1.034,0.674,-2.905,-0.079,Idle
-0.015,0.004,1.034,0.639,-2.922,-0.105,Idle
-0.015,0.003,1.034,0.656,-2.940,-0.140,Idle
-0.016,0.004,1.035,0.656,-2.914,-0.087,Idle
-0.015,0.004,1.033,0.744,-2.914,-0.105,Idle
-0.015,0.004,1.034,0.604,-2.940,-0.087,Idle
-0.016,0.003,1.034,0.700,-2.922,-0.123,Idle
-0.016,0.003,1.034,0.683,-2.949,-0.105,Idle
-0.015,0.004,1.035,0.683,-2.966,-0.123,Idle
-0.015,0.004,1.034,0.735,-2.905,-0.105,Idle
-0.016,0.004,1.034,0.665,-2.931,-0.079,Idle
-0.016,0.003,1.034,0.691,-2.940,-0.087,Idle
-0.017,0.004,1.033,0.665,-2.914,-0.105,Idle
-0.016,0.004,1.034,0.647,-2.931,-0.096,Idle
-0.017,0.003,1.034,0.700,-2.905,-0.087,Idle
-0.016,0.003,1.034,0.691,-2.993,-0.131,Idle
-0.015,0.004,1.034,0.656,-2.966,-0.105,Idle
-0.016,0.004,1.033,0.674,-2.940,-0.096,Idle
-0.015,0.004,1.033,0.613,-2.905,-0.079,Idle
-0.016,0.004,1.033,0.639,-2.931,-0.070,Idle
-0.016,0.004,1.034,0.656,-2.896,-0.070,Idle
-0.016,0.004,1.034,0.613,-2.966,-0.140,Idle
-0.016,0.003,1.034,0.683,-2.940,-0.105,Idle
-0.017,0.003,1.034,0.647,-2.949,-0.087,Idle
-0.017,0.005,1.034,0.656,-2.931,-0.096,Idle
-0.015,0.005,1.034,0.647,-2.949,-0.087,Idle
-0.016,0.004,1.034,0.613,-2.949,-0.105,Idle
-0.016,0.004,1.034,0.709,-2.922,-0.114,Idle
-0.016,0.003,1.033,0.665,-2.896,-0.114,Idle
-0.015,0.003,1.034,0.665,-2.905,-0.114,Idle
-0.015,0.004,1.034,0.647,-2.931,-0.123,Idle
-0.016,0.004,1.035,0.674,-2.922,-0.096,Idle
-0.016,0.003,1.034,0.717,-2.940,-0.157,Idle
-0.015,0.004,1.034,0.674,-2.922,-0.079,Idle
-0.015,0.004,1.034,0.647,-2.896,-0.114,Idle
-0.016,0.004,1.034,0.726,-2.940,-0.079,Idle
-0.016,0.003,1.034,0.656,-2.931,-0.131,Idle
-0.016,0.004,1.034,0.665,-2.931,-0.114,Idle
-0.016,0.004,1.033,0.691,-2.922,-0.096,Idle
-0.016,0.004,1.034,0.674,-2.922,-0.105,Idle
-0.016,0.004,1.034,0.647,-2.966,-0.123,Idle
-0.016,0.004,1.033,0.700,-2.914,-0.087,Idle
-0.016,0.004,1.035,0.683,-2.922,-0.105,Idle
-0.015,0.003,1.034,0.647,-2.940,-0.105,Idle
-0.016,0.003,1.034,0.674,-2.931,-0.114,Idle
-0.015,0.004,1.034,0.656,-2.922,-0.105,Idle
-0.016,0.004,1.034,0.647,-2.940,-0.123,Idle
-0.017,0.004,1.034,0.665,-2.888,-0.105,Idle
-0.016,0.003,1.034,0.647,-2.905,-0.123,Idle
-0.016,0.004,1.034,0.665,-2.931,-0.114,Idle
-0.016,0.003,1.035,0.656,-2.940,-0.149,Idle
-0.016,0.003,1.034,0.674,-2.940,-0.105,Idle
-0.015,0.004,1.034,0.656,-2.914,-0.070,Idle
-0.015,0.004,1.034,0.665,-2.966,-0.131,Idle
-0.015,0.005,1.034,0.683,-2.905,-0.096,Idle
-0.016,0.004,1.033,0.656,-2.949,-0.087,Idle
-0.016,0.004,1.034,0.674,-2.940,-0.087,Idle
-0.017,0.004,1.034,0.639,-2.922,-0.131,Idle
-0.017,0.003,1.033,0.700,-2.914,-0.105,Idle
-0.015,0.003,1.034,0.647,-2.931,-0.087,Idle
-0.016,0.005,1.034,0.674,-2.905,-0.096,Idle
-0.015,0.005,1.034,0.683,-2.922,-0.105,Idle
-0.015,0.004,1.033,0.665,-2.914,-0.096,Idle
-0.015,0.003,1.035,0.639,-2.949,-0.114,Idle
-0.015,0.003,1.034,0.691,-2.949,-0.105,Idle
-0.016,0.004,1.033,0.656,-2.922,-0.105,Idle
-0.016,0.003,1.035,0.674,-2.949,-0.114,Idle
-0.015,0.004,1.033,0.683,-2.922,-0.105,Idle
-0.015,0.004,1.033,0.656,-2.922,-0.131,Idle
-0.016,0.004,1.033,0.674,-2.905,-0.087,Idle
-0.016,0.003,1.034,0.621,-2.931,-0.105,Idle
-0.016,0.003,1.034,0.621,-2.914,-0.096,Idle
-0.016,0.004,1.034,0.639,-2.949,-0.079,Idle
-0.016,0.004,1.034,0.700,-2.922,-0.131,Idle
-0.016,0.003,1.034,0.674,-2.888,-0.096,Idle
-0.016,0.004,1.033,0.683,-2.922,-0.105,Idle
-0.015,0.004,1.033,0.647,-2.905,-0.087,Idle
-0.017,0.003,1.034,0.700,-2.914,-0.114,Idle
-0.016,0.005,1.033,0.717,-2.922,-0.149,Idle
-0.016,0.004,1.034,0.709,-2.905,-0.096,Idle
-0.016,0.004,1.034,0.726,-2.957,-0.105,Idle
-0.016,0.004,1.034,0.691,-2.949,-0.114,Idle
-0.016,0.004,1.033,0.656,-2.957,-0.114,Idle
-0.016,0.003,1.034,0.656,-2.922,-0.105,Idle
-0.016,0.003,1.033,0.656,-2.914,-0.079,Idle
-0.016,0.003,1.034,0.630,-2.949,-0.105,Idle
-0.016,0.004,1.034,0.726,-2.914,-0.123,Idle
-0.016,0.004,1.034,0.717,-2.940,-0.131,Idle
-0.015,0.005,1.035,0.674,-2.940,-0.131,Idle
-0.015,0.004,1.034,0.683,-2.914,-0.114,Idle
-0.016,0.003,1.034,0.691,-2.914,-0.079,Idle
-0.016,0.005,1.033,0.639,-2.914,-0.087,Idle
-0.017,0.004,1.034,0.691,-2.940,-0.123,Idle
-0.016,0.004,1.033,0.656,-2.905,-0.131,Idle
-0.015,0.004,1.034,0.665,-2.922,-0.114,Idle
-0.016,0.003,1.034,0.665,-2.993,-0.123,Idle
-0.017,0.003,1.034,0.717,-2.914,-0.131,Idle
-0.015,0.004,1.034,0.647,-2.931,-0.131,Idle
-0.016,0.004,1.035,0.700,-2.922,-0.114,Idle
-0.016,0.005,1.034,0.674,-2.957,-0.096,Idle
-0.016,0.004,1.034,0.647,-2.914,-0.096,Idle
-0.016,0.004,1.034,0.647,-2.949,-0.114,Idle
-0.016,0.004,1.034,0.683,-2.879,-0.131,Idle
-0.015,0.004,1.034,0.691,-2.914,-0.123,Idle
-0.016,0.004,1.033,0.683,-2.931,-0.096,Idle
-0.015,0.005,1.033,0.665,-2.888,-0.114,Idle
-0.016,0.004,1.033,0.683,-2.914,-0.087,Idle
-0.016,0.005,1.032,0.639,-2.931,-0.087,Idle
-0.015,0.004,1.034,0.656,-2.931,-0.061,Idle
-0.017,0.004,1.034,0.630,-2.905,-0.087,Idle
-0.016,0.003,1.034,0.665,-2.914,-0.123,Idle
-0.015,0.003,1.035,0.647,-2.922,-0.114,Idle
-0.016,0.004,1.033,0.647,-2.922,-0.096,Idle
-0.015,0.004,1.033,0.717,-2.931,-0.087,Idle
-0.016,0.003,1.034,0.683,-2.940,-0.114,Idle
-0.015,0.003,1.033,0.639,-2.905,-0.105,Idle
-0.015,0.005,1.035,0.639,-2.914,-0.114,Idle
-0.016,0.004,1.034,0.665,-2.949,-0.096,Idle
-0.016,0.004,1.034,0.691,-2.940,-0.149,Idle
-0.016,0.004,1.033,0.691,-2.931,-0.105,Idle
-0.016,0.004,1.034,0.665,-2.914,-0.079,Idle
-0.015,0.004,1.033,0.647,-2.905,-0.114,Idle
-0.016,0.003,1.034,0.656,-2.940,-0.096,Idle
-0.016,0.004,1.034,0.700,-2.914,-0.140,Idle
-0.016,0.004,1.034,0.691,-2.896,-0.105,Idle
-0.016,0.004,1.034,0.656,-2.949,-0.105,Idle
-0.015,0.004,1.035,0.683,-2.931,-0.131,Idle
-0.016,0.005,1.034,0.735,-2.922,-0.096,Idle
-0.016,0.004,1.034,0.647,-2.922,-0.096,Idle
-0.016,0.005,1.034,0.630,-2.896,-0.131,Idle
-0.016,0.004,1.034,0.691,-2.914,-0.140,Idle
-0.016,0.005,1.035,0.683,-2.922,-0.096,Idle
-0.015,0.004,1.033,0.665,-2.922,-0.105,Idle
-0.017,0.004,1.033,0.709,-2.896,-0.087,Idle
-0.015,0.004,1.034,0.639,-2.896,-0.123,Idle
-0.016,0.004,1.034,0.683,-2.931,-0.087,Idle
-0.016,0.004,1.034,0.656,-2.896,-0.114,Idle
-0.016,0.004,1.034,0.752,-2.949,-0.087,Idle
-0.014,0.004,1.034,0.665,-2.940,-0.079,Idle
-0.016,0.004,1.034,0.656,-2.922,-0.123,Idle
-0.016,0.004,1.033,0.691,-2.914,-0.096,Idle
-0.016,0.003,1.033,0.683,-2.914,-0.123,Idle
-0.017,0.003,1.033,0.665,-2.922,-0.149,Idle
-0.016,0.003,1.034,0.674,-2.905,-0.114,Idle
-0.016,0.004,1.033,0.647,-2.940,-0.087,Idle
-0.016,0.004,1.033,0.656,-2.949,-0.105,Idle
-0.016,0.005,1.034,0.665,-2.914,-0.087,Idle
-0.015,0.004,1.035,0.700,-2.949,-0.096,Idle
-0.016,0.004,1.033,0.709,-2.931,-0.114,Idle
0.003,0.086,1.045,-3.701,-6.387,1.960,Pitch
0.002,0.078,1.038,-3.342,-6.956,1.286,Pitch
-0.008,0.084,1.036,-4.069,-4.568,0.271,Pitch
-0.004,0.109,1.044,-3.780,-3.334,3.351,Pitch
-0.023,0.079,1.033,-0.201,-10.456,8.759,Pitch
-0.034,0.047,1.008,2.555,-9.100,7.490,Pitch
-0.043,0.037,0.984,12.031,-4.270,3.019,Pitch
-0.039,0.106,0.982,28.192,3.369,-1.295,Pitch
-0.020,0.168,0.984,40.434,9.852,3.229,Pitch
-0.023,0.160,0.955,54.390,9.800,11.384,Pitch
-0.006,0.144,1.043,72.677,16.485,16.144,Pitch
0.012,0.185,1.087,84.621,11.708,15.977,Pitch
0.076,0.219,0.974,135.179,8.094,28.490,Pitch
0.026,0.213,0.984,185.430,12.714,35.254,Pitch
-0.005,0.264,0.909,232.295,15.435,5.810,Pitch
0.004,0.445,0.896,239.960,27.519,-27.510,Pitch
-0.017,0.590,0.872,224.700,20.851,-35.236,Pitch
-0.371,0.614,1.149,188.501,7.665,-31.938,Pitch
0.221,1.067,0.714,81.497,-189.438,-58.354,Pitch
0.065,0.749,0.716,-227.010,-72.056,-53.340,Pitch
0.009,0.813,1.144,-286.685,5.714,-79.266,Pitch
0.236,0.597,0.713,-286.685,35.577,-57.855,Pitch
-0.101,-0.118,0.363,-286.685,-67.699,43.741,Pitch
-0.317,-0.197,0.703,-286.685,-74.445,30.809,Pitch
0.001,-0.333,0.722,-286.685,-48.195,-26.442,Pitch
-0.105,-0.271,0.822,-193.165,-25.183,1.890,Pitch
-0.134,-0.409,0.698,-90.676,7.122,29.916,Pitch
-0.133,-0.799,0.824,41.221,23.091,-6.659,Pitch
0.019,-0.961,0.897,195.562,5.784,-16.704,Pitch
0.092,-0.349,0.661,286.685,20.493,-0.543,Pitch
0.003,0.778,1.425,286.685,45.412,14.656,Pitch
0.047,0.963,1.350,286.685,82.014,15.855,Pitch
-0.318,1.118,0.815,286.685,114.301,22.199,Pitch
-0.426,0.773,0.477,286.685,21.079,9.861,Pitch
-0.045,0.718,0.386,247.905,-22.759,-32.498,Pitch
-0.116,0.944,0.496,92.015,-27.431,-14.420,Pitch
-0.302,0.650,0.694,-185.421,-81.463,-8.164,Pitch
0.099,1.026,0.748,-286.685,-174.029,-22.776,Pitch
0.005,1.657,0.693,-286.685,-46.454,45.159,Pitch
-0.341,0.878,0.540,-286.685,25.358,61.626,Pitch
0.153,-0.699,-0.904,-286.685,-67.585,27.029,Pitch
0.025,-0.966,1.120,-274.829,8.453,12.985,Pitch
-0.131,-0.216,1.097,-188.230,13.746,-28.122,Pitch
-0.342,-0.288,1.031,-196.717,10.526,6.904,Pitch
0.040,-0.812,1.063,-90.195,-10.789,-18.979,Pitch
-0.039,-0.750,1.097,64.829,-7.884,-27.983,Pitch
0.025,-0.681,1.201,254.914,3.763,-32.664,Pitch
0.161,-0.476,1.045,286.685,33.197,-29.514,Pitch
0.082,-0.135,0.784,286.685,141.417,16.511,Pitch
-0.231,0.559,0.125,286.685,147.271,83.414,Pitch
-0.525,1.195,0.008,286.685,118.046,94.964,Pitch
-0.277,1.337,0.671,286.685,-15.750,88.331,Pitch
-0.212,1.242,1.241,270.060,-79.581,28.420,Pitch
-0.238,0.727,0.371,-184.992,-73.141,18.594,Pitch
-0.131,0.629,-0.117,-286.606,-107.625,-8.225,Pitch
0.021,1.010,0.571,-286.685,-104.230,-35.420,Pitch
0.325,1.347,0.713,-286.685,-18.603,28.017,Pitch
-0.251,-0.144,0.463,-286.685,42.193,71.820,Pitch
-0.132,-0.309,0.223,-286.685,-45.561,5.731,Pitch
0.036,-0.345,0.765,-286.685,-79.651,27.720,Pitch
-0.175,-0.598,0.885,-187.451,-10.631,27.099,Pitch
-0.094,-0.694,1.219,-102.961,-19.714,15.409,Pitch
-0.059,-0.788,1.048,-54.889,-16.940,14.315,Pitch
-0.022,-0.814,0.846,83.668,-18.147,3.010,Pitch
-0.038,-0.646,0.955,286.659,-7.499,1.251,Pitch
-0.104,-0.256,1.023,286.685,-11.550,1.592,Pitch
-0.095,0.332,0.754,286.685,18.532,-7.927,Pitch
-0.208,0.748,1.066,286.685,-6.860,-42.551,Pitch
0.061,0.755,0.704,286.685,21.254,-35.507,Pitch
-0.033,0.764,0.433,286.685,71.505,-29.811,Pitch
0.049,0.708,0.465,286.685,49.507,-45.719,Pitch
-0.226,0.986,0.667,51.118,-6.738,-17.692,Pitch
-0.082,1.153,0.873,-258.326,-25.917,-9.389,Pitch
-0.130,1.403,0.925,-286.685,-38.176,-2.625,Pitch
-0.145,1.140,0.267,-286.685,-52.019,8.059,Pitch
0.245,-0.499,-0.095,-286.685,-148.435,11.646,Pitch
0.156,-0.572,0.531,-286.685,-117.897,74.620,Pitch
-0.124,-0.526,0.601,-286.492,-90.169,70.429,Pitch
-0.479,0.069,1.280,-128.083,5.311,-7.332,Pitch
0.103,-0.962,0.850,-14.735,-41.178,30.249,Pitch
0.033,-0.796,0.927,14.411,38.868,-13.221,Pitch
0.070,-0.712,1.103,79.643,16.266,-18.532,Pitch
0.129,-0.686,0.862,281.461,18.987,-31.885,Pitch
0.110,-0.204,0.426,286.685,115.036,-10.903,Pitch
-0.296,0.514,1.089,286.685,107.581,28.858,Pitch
-0.253,1.380,1.182,286.685,46.025,8.575,Pitch
-0.247,0.657,0.765,286.685,21.884,-43.776,Pitch
-0.042,0.764,0.403,286.685,-62.204,-44.415,Pitch
-0.031,1.115,0.263,279.055,-41.921,-26.635,Pitch
-0.423,1.105,0.659,-209.633,-51.205,16.756,Pitch
0.157,1.256,0.637,-286.685,-159.136,70.709,Pitch
0.180,1.070,0.300,-286.685,-117.478,131.871,Pitch
0.013,0.792,0.545,-286.685,-105.166,213.640,Pitch
-0.156,-0.055,-0.439,-286.685,-26.031,180.337,Pitch
0.017,-0.756,0.148,-286.151,61.346,86.188,Pitch
-0.180,-0.479,1.687,-212.161,136.273,29.776,Pitch
-0.296,-0.657,1.210,-192.369,77.175,11.226,Pitch
-0.241,-0.788,1.264,-94.211,-52.412,1.846,Pitch
0.163,-1.025,0.690,70.026,-19.766,21.263,Pitch
0.070,-0.960,0.926,286.685,62.939,-30.222,Pitch
-0.071,-0.187,1.307,286.685,45.535,-18.646,Pitch
-0.312,0.474,1.289,286.685,15.444,-51.459,Pitch
-0.067,0.382,0.852,286.685,-10.342,-87.281,Pitch
0.009,0.684,0.424,286.685,15.102,-87.850,Pitch
-0.036,0.722,0.309,286.685,54.469,-77.779,Pitch
-0.079,0.728,0.246,176.050,28.840,-38.763,Pitch
0.048,0.925,0.727,-201.591,-1.391,-7.499,Pitch
-0.185,1.301,1.124,-286.685,-50.645,39.130,Pitch
-0.310,1.671,1.090,-286.685,-117.967,59.535,Pitch
-0.067,0.562,0.079,-286.685,-151.742,68.425,Pitch
0.074,-0.559,-0.575,-286.685,-76.020,86.590,Pitch
0.113,-1.585,-0.330,-286.195,56.752,129.080,Pitch
-0.535,-0.826,1.288,-38.728,44.958,58.572,Pitch
0.023,-1.026,0.622,46.226,41.711,16.625,Pitch
-0.137,-0.694,0.627,146.650,-12.880,55.825,Pitch
-0.149,-1.079,0.490,192.010,-54.425,45.202,Pitch
0.038,-0.572,0.658,286.685,-35.298,18.629,Pitch
-0.087,0.109,0.882,286.685,-80.334,25.891,Pitch
-0.142,0.500,1.011,286.685,-119.534,26.757,Pitch
-0.078,1.240,0.726,286.685,-126.761,2.030,Pitch
0.063,0.955,0.401,286.685,-63.726,-51.240,Pitch
0.070,0.989,0.640,286.589,-24.946,-23.511,Pitch
-0.004,1.020,0.695,135.065,-19.766,8.977,Pitch
0.056,1.396,1.194,-279.807,-20.256,22.006,Pitch
0.114,1.682,0.692,-286.685,-2.074,20.843,Pitch
-0.031,1.225,0.891,-286.685,37.371,-27.493,Pitch
0.075,0.140,-0.521,-286.685,82.329,-19.058,Pitch
-0.130,-1.191,-0.439,-286.685,86.424,18.716,Pitch
-0.337,-0.645,1.054,-71.934,-97.501,24.622,Pitch
-0.091,-0.860,0.494,22.251,-26.355,-22.347,Pitch
0.025,-0.889,0.547,47.189,-1.977,-34.807,Pitch
0.185,-1.066,0.638,81.349,1.540,-18.042,Pitch
0.076,-0.801,0.396,285.128,35.516,35.796,Pitch
-0.052,-0.419,1.014,286.685,-6.851,34.396,Pitch
-0.026,-0.133,1.073,286.685,-4.664,46.655,Pitch
-0.160,0.470,0.691,286.685,-58.607,14.009,Pitch
0.043,1.064,-0.157,286.685,-21.149,-17.894,Pitch
0.021,1.370,0.502,286.685,8.759,-0.236,Pitch
0.029,1.256,0.472,282.809,17.290,23.931,Pitch
-0.167,1.158,0.677,-36.339,-6.125,33.408,Pitch
-0.119,1.326,0.829,-286.685,-54.801,15.076,Pitch
0.263,1.570,0.851,-286.685,-48.388,3.832,Pitch
0.065,1.891,1.288,-286.685,-31.456,63.954,Pitch
-0.148,0.569,-0.274,-286.685,21.577,35.472,Pitch
0.037,-0.906,-1.019,-286.685,78.645,54.451,Pitch
-0.324,-0.910,0.159,-205.476,25.253,40.031,Pitch
-0.022,-0.850,1.099,105.473,-16.844,-47.880,Pitch
0.050,-0.966,0.647,80.789,-9.520,-45.307,Pitch
0.181,-0.996,0.527,259.753,-51.415,-27.099,Pitch
0.246,-0.697,0.264,286.685,-1.435,-25.130,Pitch
0.116,-0.036,0.537,286.685,65.415,-18.603,Pitch
-0.171,0.441,0.527,286.685,0.577,29.907,Pitch
-0.082,1.153,0.530,286.685,-36.995,12.460,Pitch
-0.044,1.189,0.066,286.685,-36.330,6.606,Pitch
-0.054,1.612,0.693,286.685,-10.413,-54.513,Pitch
0.015,1.368,0.506,-25.051,4.909,-67.812,Pitch
0.501,1.603,1.176,-219.441,2.249,4.979,Pitch
0.150,1.439,0.933,-286.685,45.404,62.597,Pitch
0.253,1.517,0.732,-286.685,58.083,64.689,Pitch
-0.531,1.001,0.911,-286.685,18.708,23.083,Pitch
0.212,-0.084,-0.729,-286.685,14.087,-26.154,Pitch
-0.286,-0.709,-0.212,-245.621,8.837,38.255,Pitch
0.049,-0.803,0.689,79.520,5.994,-2.336,Pitch
-0.005,-1.034,0.754,67.244,16.319,7.193,Pitch
-0.076,-0.785,0.589,165.366,-45.351,-8.514,Pitch
-0.037,-0.388,0.397,286.685,-47.897,-26.101,Pitch
0.096,-0.435,0.265,286.685,19.609,-56.210,Pitch
0.117,0.307,0.979,286.685,-8.216,-34.886,Pitch
-0.097,1.177,1.023,286.685,-72.118,-11.847,Pitch
-0.024,1.139,0.441,286.685,-41.562,-84.158,Pitch
0.012,1.356,0.762,286.283,-7.901,-67.961,Pitch
-0.003,0.879,0.571,111.037,4.340,-37.450,Pitch
0.023,1.065,0.799,-136.307,10.920,44.625,Pitch
0.081,1.489,1.005,-286.685,12.618,47.294,Pitch
-0.085,1.651,1.392,-286.685,-19.740,70.796,Pitch
-0.317,1.626,1.370,-286.685,-92.899,39.935,Pitch
-0.069,0.154,-1.070,-286.685,-87.412,-68.241,Pitch
-0.203,-1.390,-0.875,-250.583,-35.446,-1.470,Pitch
0.438,-0.528,1.383,164.334,-4.506,-43.400,Pitch
0.154,-1.122,0.861,24.141,10.701,-7.438,Pitch
0.177,-0.866,0.261,202.982,-45.859,-45.281,Pitch
0.321,-0.342,0.263,286.685,41.484,-38.509,Pitch
0.013,-0.032,0.334,286.685,131.408,-12.740,Pitch
-0.393,0.643,0.889,286.685,97.143,-77.507,Pitch
-0.138,1.334,1.025,286.685,-12.985,-119.674,Pitch
0.063,1.361,0.683,286.685,12.924,-170.275,Pitch
0.084,1.132,0.534,269.203,71.120,-160.598,Pitch
0.060,0.947,0.341,90.501,43.111,-62.860,Pitch
-0.023,1.258,1.034,-221.926,6.738,41.370,Pitch
-0.045,1.777,1.150,-286.685,-10.019,82.364,Pitch
-0.226,1.563,0.918,-286.685,-27.361,104.379,Pitch
-0.304,0.784,0.094,-286.685,-31.789,-2.214,Pitch
0.356,-1.239,-0.622,-286.685,-53.533,-6.702,Pitch
-0.103,-0.727,0.881,-130.182,-112.954,35.647,Pitch
0.031,-0.833,1.041,44.625,-29.522,24.229,Pitch
0.030,-0.681,0.752,41.396,-20.667,40.232,Pitch
0.096,-1.034,0.475,128.616,-42.368,44.362,Pitch
0.002,-0.798,0.222,286.685,77.621,31.517,Pitch
-0.027,-0.051,0.570,286.685,113.619,50.426,Pitch
-0.218,0.394,1.117,286.685,17.439,68.119,Pitch
-0.144,0.925,1.113,286.685,-106.348,54.950,Pitch
0.169,0.962,0.383,286.685,-59.850,17.640,Pitch
0.157,0.996,0.437,286.685,-12.889,24.185,Pitch
0.085,1.086,0.703,146.169,22.610,23.949,Pitch
-0.051,1.433,1.228,-210.114,17.272,29.934,Pitch
0.034,1.646,1.037,-286.685,-11.305,-6.177,Pitch
-0.066,1.790,1.430,-286.685,-19.399,51.520,Pitch
-0.111,0.642,-1.091,-286.685,-27.624,19.976,Pitch
-0.398,-1.608,-0.820,-286.685,148.137,199.719,Pitch
-0.728,-0.570,1.025,101.281,71.689,55.659,Pitch
-0.234,-0.854,1.392,142.678,-45.964,-14.586,Pitch
0.009,-1.334,0.443,200.235,-51.861,-8.776,Pitch
-0.264,-0.616,0.433,286.685,-22.942,-22.321,Pitch
-0.045,-0.128,0.560,286.685,-35.079,-87.552,Pitch
0.038,0.005,0.643,286.685,-28.175,-55.335,Pitch
-0.219,0.805,0.700,286.685,-47.950,-44.485,Pitch
-0.009,1.155,0.632,286.685,-101.902,-61.906,Pitch
0.146,1.192,0.508,286.685,-79.319,-61.924,Pitch
0.198,1.225,0.599,192.544,13.913,-54.005,Pitch
0.011,1.458,1.318,-214.077,54.373,-7.332,Pitch
-0.117,1.578,0.861,-286.685,-15.304,30.327,Pitch
-0.134,1.474,0.981,-286.685,-16.056,28.919,Pitch
-0.543,0.986,-0.053,-286.685,-6.633,-11.847,Pitch
0.164,-1.188,-1.988,-286.685,51.818,-15.680,Pitch
0.128,-0.960,0.382,-14.507,25.751,-22.164,Pitch
-0.003,-0.727,1.700,174.799,-68.994,-16.004,Pitch
0.135,-1.257,0.706,91.061,-44.240,12.049,Pitch
0.235,-0.962,0.640,279.449,-7.359,25.069,Pitch
0.154,-0.749,0.575,286.685,58.380,70.639,Pitch
-0.168,-0.424,0.635,286.685,76.527,63.131,Pitch
-0.385,0.436,0.895,286.685,-7.656,16.739,Pitch
0.098,0.825,0.572,286.685,-26.801,-1.916,Pitch
0.039,1.286,0.770,286.685,-17.929,57.715,Pitch
-0.073,1.196,0.532,285.092,-11.524,77.674,Pitch
0.048,0.806,0.293,141.977,12.250,12.618,Pitch
-0.082,1.272,1.073,-118.484,10.570,23.599,Pitch
0.028,1.773,1.133,-286.685,3.369,8.505,Pitch
0.108,1.594,0.900,-286.685,17.894,58.424,Pitch
-0.313,1.082,0.303,-286.685,-20.212,30.284,Pitch
0.115,-0.001,-1.287,-286.685,79.152,-12.469,Pitch
-0.366,-1.773,-0.480,-286.177,157.325,-25.183,Pitch
-0.032,-0.767,1.271,90.991,12.320,-34.956,Pitch
-0.128,-0.889,0.963,146.449,-65.966,-25.655,Pitch
0.156,-0.999,0.673,276.036,-41.536,-73.185,Pitch
0.182,-0.677,0.676,286.685,-16.520,-55.466,Pitch
0.160,-0.113,0.643,286.685,81.113,-27.729,Pitch
-0.239,0.603,0.554,286.685,107.082,-48.186,Pitch
-0.297,1.202,0.683,286.685,46.296,-68.784,Pitch
-0.094,1.136,0.375,286.685,30.188,-56.026,Pitch
-0.063,1.157,0.615,272.029,61.801,-35.542,Pitch
-0.019,1.542,0.837,-114.616,85.111,-22.356,Pitch
-0.472,1.597,1.207,-286.685,32.112,-7.429,Pitch
-0.344,1.392,0.599,-286.685,-59.815,-23.835,Pitch
-0.547,0.540,0.552,-286.685,-83.107,-39.130,Pitch
0.167,-0.359,-0.490,-286.685,-85.199,-132.904,Pitch
0.167,-1.014,0.148,-286.685,-90.090,-44.695,Pitch
0.033,-0.887,0.815,-16.747,-80.246,-16.118,Pitch
0.084,-0.931,0.962,138.408,-27.624,-25.007,Pitch
0.295,-0.935,0.937,254.887,-25.961,11.664,Pitch
0.167,-0.891,0.675,286.685,17.535,31.710,Pitch
-0.050,-0.076,0.508,286.685,97.387,27.921,Pitch
-0.252,0.609,0.711,286.685,52.876,-0.166,Pitch
-0.139,1.159,0.672,286.685,-15.488,-21.779,Pitch
-0.100,1.294,0.424,286.685,-41.571,-11.550,Pitch
0.166,1.157,0.448,279.396,-7.927,-9.380,Pitch
0.107,1.339,0.772,-135.879,46.139,14.595,Pitch
-0.084,1.665,1.028,-286.685,12.110,39.349,Pitch
-0.176,1.423,0.559,-286.685,-33.696,49.840,Pitch
-0.259,0.869,0.731,-286.685,-112.158,20.869,Pitch
0.151,-0.200,-0.545,-286.685,-77.875,32.034,Pitch
-0.183,-1.074,-0.290,-286.685,2.686,102.384,Pitch
-0.018,-0.753,0.648,-48.877,34.562,-14.551,Pitch
-0.020,-0.963,0.853,106.059,21.761,-10.824,Pitch
0.028,-0.944,0.961,118.265,58.415,-13.422,Pitch
0.264,-0.997,0.907,181.335,18.611,7.534,Pitch
0.123,-0.900,0.290,286.685,53.970,54.162,Pitch
-0.211,-0.002,0.684,286.685,78.041,61.443,Pitch
-0.292,0.484,0.953,286.685,-31.465,38.763,Pitch
-0.042,0.776,0.708,286.685,-68.644,58.013,Pitch
0.014,1.028,0.064,286.685,-40.880,55.807,Pitch
0.120,0.836,0.765,270.699,48.790,23.091,Pitch
0.177,1.413,1.202,34.939,117.539,-6.134,Pitch
-0.289,1.711,1.356,-286.685,65.118,-11.716,Pitch
-0.324,1.600,1.348,-286.685,-31.587,-49.744,Pitch
-0.401,0.698,-0.136,-286.685,-83.589,-145.548,Pitch
0.301,-0.543,-0.458,-286.685,7.341,-117.679,Pitch
0.048,-1.178,0.175,-223.440,56.717,-36.041,Pitch
0.059,-0.787,0.867,-4.944,-24.062,-28.149,Pitch
0.011,-0.889,0.674,130.585,9.756,-18.961,Pitch
-0.039,-0.895,0.624,227.780,21.184,-20.799,Pitch
0.081,-0.586,0.727,286.685,17.806,-43.899,Pitch
0.132,-0.051,0.870,286.685,62.606,-20.440,Pitch
-0.089,-0.029,0.629,286.685,67.156,9.467,Pitch
-0.134,0.494,0.735,286.685,28.892,15.680,Pitch
-0.117,1.063,0.405,286.685,-1.680,33.250,Pitch
-0.003,1.036,0.076,286.685,28.647,32.471,Pitch
0.043,1.103,0.408,249.051,60.970,46.874,Pitch
-0.201,1.578,1.037,44.975,27.659,60.987,Pitch
-0.084,1.909,1.390,-286.685,-53.069,36.208,Pitch
-0.174,1.535,0.860,-286.685,-18.681,28.157,Pitch
-0.281,1.250,0.928,-286.685,-24.736,-73.482,Pitch
0.268,-0.612,-0.857,-286.685,48.842,-31.999,Pitch
-0.203,-0.566,0.332,-279.720,66.229,1.173,Pitch
0.055,-0.726,0.499,43.750,-51.485,-13.265,Pitch
-0.035,-0.930,0.768,143.920,-24.019,0.534,Pitch
-0.062,-0.848,0.971,138.110,-4.629,-0.333,Pitch
0.001,-0.803,0.568,266.674,-6.965,-17.780,Pitch
0.121,-0.475,0.594,286.685,57.400,-34.825,Pitch
0.086,-0.265,0.659,286.685,67.410,-11.865,Pitch
-0.137,0.299,0.709,286.685,14.087,28.840,Pitch
-0.188,1.050,0.599,286.685,-71.181,59.176,Pitch
-0.148,1.452,0.270,286.685,-11.559,-14.394,Pitch
0.093,1.036,0.113,286.685,42.123,-17.185,Pitch
-0.052,0.937,0.193,286.685,55.982,29.522,Pitch
-0.025,1.092,0.261,183.654,28.394,25.261,Pitch
-0.019,1.328,0.385,82.049,49.481,-5.206,Pitch
-0.014,1.689,0.943,-238.341,41.344,-26.005,Pitch
-0.037,1.881,0.593,-286.685,20.606,-64.173,Pitch
-0.279,1.424,0.627,-286.685,7.367,-102.996,Pitch
-0.394,1.211,1.311,-286.685,-38.141,-133.254,Pitch
0.066,-0.005,-0.016,-286.685,-72.056,-94.570,Pitch
-0.131,-0.282,-0.407,-286.274,-58.118,52.360,Pitch
-0.264,-0.297,0.077,-84.499,30.126,34.318,Pitch
-0.221,-0.665,0.959,87.719,-30.371,-70.438,Pitch
0.236,-0.629,1.225,120.811,-13.825,-63.989,Pitch
0.104,-1.697,-0.115,238.044,41.720,9.354,Pitch
0.031,-0.191,0.583,286.685,154.000,43.426,Pitch
-0.153,0.440,0.769,286.685,114.214,109.183,Pitch
-0.268,0.820,0.728,286.685,50.111,138.740,Pitch
-0.202,1.095,0.305,286.685,-28.298,153.064,Pitch
0.065,1.229,0.144,286.685,-47.049,177.756,Pitch
0.044,0.997,0.082,286.685,-15.120,153.633,Pitch
-0.057,0.799,0.223,229.189,7.385,119.683,Pitch
0.163,1.322,0.346,1.138,43.978,52.281,Pitch
0.049,1.683,0.928,-284.804,13.965,-0.481,Pitch
0.165,1.733,0.684,-286.685,18.165,-48.230,Pitch
0.074,1.783,1.046,-286.685,67.585,-20.895,Pitch
0.236,1.365,1.370,-286.685,52.080,-21.236,Pitch
0.197,0.359,1.040,-286.685,132.773,-40.967,Pitch
0.156,-0.132,0.088,-286.685,172.926,38.115,Pitch
-0.072,-0.347,-1.039,-43.304,64.680,67.034,Pitch
-0.532,-0.800,0.960,49.726,46.769,-13.493,Pitch
-0.351,-0.945,0.719,147.525,-15.610,-50.155,Pitch
-0.017,-0.550,0.419,248.439,-45.833,-36.899,Pitch
-0.094,-0.365,0.028,286.685,-27.851,-64.400,Pitch
0.140,-0.042,0.562,286.685,26.819,-84.009,Pitch
0.214,0.631,0.771,286.685,74.043,13.212,Pitch
-0.196,1.458,0.781,286.685,43.592,110.959,Pitch
-0.072,1.272,0.171,286.685,11.086,81.865,Pitch
0.027,1.120,0.227,286.685,34.291,65.914,Pitch
-0.091,1.223,0.361,241.378,17.159,88.366,Pitch
-0.137,1.081,0.329,-80.579,-15.557,61.110,Pitch
0.040,1.184,0.603,-285.311,-22.076,23.774,Pitch
0.227,1.534,0.684,-286.685,-4.812,24.929,Pitch
-0.016,1.668,1.090,-286.685,13.597,39.261,Pitch
0.156,1.692,1.797,-286.685,-74.086,73.220,Pitch
0.061,0.059,-0.370,-286.685,35.070,-3.911,Pitch
0.438,-0.798,-0.899,-271.985,184.056,151.139,Pitch
0.118,-0.426,-0.400,71.444,154.569,58.292,Pitch
-0.438,-0.680,1.162,201.845,37.809,-20.711,Pitch
-0.004,-0.851,0.932,96.521,-40.443,-61.451,Pitch
-0.153,-0.765,0.054,89.548,12.486,17.220,Pitch
-0.163,-0.542,-0.239,286.685,21.254,-70.779,Pitch
0.112,0.432,0.830,286.685,30.459,-75.232,Pitch
0.038,1.074,1.285,286.685,0.035,0.691,Pitch
-0.151,1.187,0.899,286.685,-41.379,37.853,Pitch
0.077,0.953,-0.091,286.685,-0.245,-6.764,Pitch
-0.017,1.040,0.199,286.685,39.357,-19.836,Pitch
-0.049,1.419,0.466,239.645,26.364,39.812,Pitch
-0.079,1.177,0.209,24.806,18.804,32.384,Pitch
-0.030,1.236,0.588,-198.074,34.624,-7.429,Pitch
-0.070,1.740,0.534,-286.685,21.665,-23.494,Pitch
-0.341,1.997,1.145,-286.685,-23.835,-21.927,Pitch
-0.052,1.997,1.463,-286.685,-87.876,13.011,Pitch
0.294,0.580,-0.307,-286.685,-52.780,54.836,Pitch
-0.361,-1.019,-1.894,-274.041,12.145,130.900,Pitch
0.185,-0.008,1.180,155.444,-123.095,46.917,Pitch
-0.338,-0.490,1.593,91.884,-153.904,-31.421,Pitch
0.246,-1.223,0.533,33.390,-5.793,-92.934,Pitch
0.222,-0.756,0.504,93.091,36.295,-55.729,Pitch
-0.028,-0.577,0.582,285.635,105.814,-69.151,Pitch
0.003,-0.501,0.709,286.685,168.201,-132.072,Pitch
-0.073,0.389,1.203,286.685,94.588,-69.668,Pitch
-0.231,0.659,0.613,286.685,44.222,-73.456,Pitch
-0.082,0.857,-0.097,286.685,46.996,-75.618,Pitch
0.013,1.226,0.062,286.685,78.260,-81.655,Pitch
-0.201,1.039,0.260,286.685,121.975,-89.058,Pitch
-0.183,1.055,0.301,161.464,90.484,-54.206,Pitch
-0.210,1.030,0.419,-99.680,19.994,32.882,Pitch
-0.239,1.581,0.716,-281.733,-14.411,67.979,Pitch
-0.331,1.915,0.663,-286.685,-74.681,117.460,Pitch
-0.165,1.738,1.124,-286.685,-105.936,129.246,Pitch
-0.476,1.420,1.171,-286.685,-147.350,86.853,Pitch
0.028,-0.593,-1.271,-286.685,-160.562,-27.466,Pitch
-0.168,-0.611,-0.223,-284.358,2.555,8.225,Pitch
-0.107,-0.457,0.951,13.020,1.908,-36.496,Pitch
0.054,-0.823,0.745,-21.814,30.739,-32.060,Pitch
0.281,-0.810,0.451,-4.270,44.135,-17.185,Pitch
-0.043,-1.643,-0.373,117.670,38.535,64.505,Pitch
-0.176,-0.441,0.295,286.685,106.916,-9.188,Pitch
-0.225,0.391,0.777,286.685,146.807,-26.337,Pitch
0.129,0.131,1.009,286.685,117.451,22.522,Pitch
-0.236,0.952,0.554,286.685,13.913,68.486,Pitch
-0.125,1.099,0.266,286.685,-29.951,67.095,Pitch
-0.020,1.208,0.413,286.685,-25.218,40.827,Pitch
0.057,1.230,0.685,110.609,-9.196,44.975,Pitch
-0.137,1.247,0.830,-179.261,-4.550,28.280,Pitch
0.040,1.473,1.136,-286.685,-42.814,20.755,Pitch
-0.008,1.322,1.004,-286.685,-43.715,31.517,Pitch
0.081,1.045,1.313,-286.685,14.158,-6.449,Pitch
0.340,0.310,0.345,-286.685,106.829,-40.836,Pitch
0.017,-1.121,-1.085,-285.329,30.336,89.827,Pitch
-0.246,-0.455,0.317,-23.835,-40.101,111.125,Pitch
-0.377,-0.829,0.737,1.418,-13.475,-10.089,Pitch
-0.005,-1.239,0.453,55.195,14.613,-27.431,Pitch
0.209,-1.163,0.321,158.130,-39.419,38.763,Pitch
-0.001,-0.845,0.084,286.685,-14.455,87.658,Pitch
-0.338,0.287,0.242,286.685,11.629,17.763,Pitch
0.049,0.576,0.981,286.685,-33.049,52.124,Pitch
0.070,0.832,0.742,286.685,-43.540,73.456,Pitch
0.097,1.181,0.218,286.685,-55.125,103.775,Pitch
0.345,1.490,0.328,286.685,-59.220,81.016,Pitch
0.084,1.278,0.459,186.200,-1.295,107.152,Pitch
-0.106,1.018,0.412,65.406,9.712,72.730,Pitch
-0.154,1.183,0.567,-82.582,7.000,12.792,Pitch
0.014,1.613,1.041,-286.685,-21.997,-71.715,Pitch
0.229,1.864,1.283,-286.685,-10.762,-60.987,Pitch
-0.009,1.985,1.411,-286.685,26.241,-66.614,Pitch
0.218,0.900,0.348,-286.685,126.420,-109.113,Pitch
0.071,-0.569,-1.623,-286.685,126.621,24.955,Pitch
-0.170,-0.633,-1.088,-221.708,66.272,59.290,Pitch
-0.419,-0.409,1.113,53.620,-25.532,-7.604,Pitch
0.055,-0.928,0.659,39.191,-8.908,-95.314,Pitch
0.283,-1.323,0.012,174.982,-18.524,16.888,Pitch
0.134,-1.145,-0.059,286.685,26.915,25.025,Pitch
-0.151,0.500,0.568,286.685,124.241,108.885,Pitch
-0.111,0.713,1.448,286.685,-14.341,132.790,Pitch
-0.097,1.030,0.573,286.685,-115.386,153.055,Pitch
-0.127,0.950,0.246,286.685,-108.876,130.051,Pitch
0.063,1.409,0.394,286.685,-89.591,45.474,Pitch
0.263,1.202,0.751,76.886,-44.485,7.052,Pitch
0.113,0.839,0.727,-194.057,-6.221,19.609,Pitch
-0.047,1.027,0.749,-286.545,1.347,2.301,Pitch
0.037,1.327,1.119,-286.685,38.736,-11.340,Pitch
-0.345,1.538,1.726,-286.685,28.770,-9.188,Pitch
0.205,1.306,1.431,-286.685,42.647,-103.749,Pitch
0.381,-0.096,-0.515,-286.685,166.504,-31.124,Pitch
0.021,-0.845,-1.157,-123.699,-37.118,109.620,Pitch
-0.581,-0.853,0.998,109.226,33.364,-12.206,Pitch
0.046,-1.346,0.753,35.857,43.260,-67.874,Pitch
0.027,-0.866,0.389,109.104,-3.246,-25.121,Pitch
0.138,-0.885,0.302,286.668,-46.051,14.516,Pitch
-0.223,-0.659,-0.259,286.685,44.240,55.072,Pitch
-0.027,0.629,0.722,286.685,22.365,94.789,Pitch
-0.073,0.779,1.045,286.685,-20.449,125.991,Pitch
-0.038,1.134,0.507,286.685,-73.474,128.327,Pitch
-0.045,1.362,0.605,286.685,-112.079,115.999,Pitch
0.220,1.326,0.698,228.261,-84.052,50.059,Pitch
0.284,0.807,0.273,6.020,-1.102,31.229,Pitch
0.095,0.961,0.508,-87.736,49.035,27.466,Pitch
0.232,1.342,1.075,-286.440,87.780,1.645,Pitch
-0.140,1.666,1.669,-286.685,109.620,-24.316,Pitch
0.062,1.930,1.535,-286.685,41.536,-50.969,Pitch
0.478,0.519,0.624,-286.685,137.261,-171.141,Pitch
0.075,-0.929,-1.986,-286.641,176.146,39.165,Pitch
-0.189,-1.173,-0.948,12.661,49.096,9.835,Pitch
-0.176,-0.742,1.321,121.476,-25.279,-39.708,Pitch
0.013,-1.258,0.263,18.909,-16.686,-29.120,Pitch
0.096,-1.183,0.167,284.515,-41.772,-13.773,Pitch
0.019,-0.448,0.318,286.685,-5.941,-2.494,Pitch
0.194,-0.112,0.542,286.685,45.693,21.971,Pitch
-0.153,0.671,0.922,286.685,10.605,94.281,Pitch
-0.355,1.006,0.624,286.685,-11.996,60.655,Pitch
-0.090,1.242,0.374,286.685,-94.132,36.111,Pitch
0.093,1.192,0.577,284.401,-97.982,40.268,Pitch
0.222,1.338,0.827,54.801,-3.316,8.855,Pitch
0.146,1.463,0.877,-196.333,28.683,30.196,Pitch
0.216,1.781,1.031,-286.685,10.675,46.681,Pitch
0.025,1.208,0.769,-286.685,53.331,15.295,Pitch
-0.545,1.301,0.592,-286.685,-31.938,-48.055,Pitch
0.365,-0.054,-1.064,-286.685,6.668,6.825,Pitch
0.125,-1.119,-1.026,-280.114,72.179,120.094,Pitch
-0.594,-0.744,0.920,87.246,32.629,50.391,Pitch
-0.355,-0.957,1.076,53.891,2.905,-53.743,Pitch
0.093,-1.038,0.311,89.128,-21.481,-42.954,Pitch
0.231,-1.124,0.333,286.650,-36.461,5.827,Pitch
-0.015,-0.320,0.741,286.685,69.283,41.667,Pitch
0.090,-0.053,0.650,286.685,58.537,68.171,Pitch
-0.262,0.778,0.643,286.685,-17.229,119.088,Pitch
-0.138,1.206,0.180,286.685,-94.561,54.399,Pitch
0.013,1.380,0.112,286.685,-111.598,21.131,Pitch
0.261,1.250,0.353,282.432,-63.499,-22.715,Pitch
0.049,1.228,0.778,18.480,-3.316,16.739,Pitch
-0.060,1.405,0.716,-286.676,12.495,35.577,Pitch
0.129,1.430,0.745,-286.685,6.449,31.763,Pitch
-0.208,1.440,1.365,-286.685,37.704,6.886,Pitch
-0.057,1.134,0.357,-286.685,78.732,-42.700,Pitch
0.334,-1.165,-0.414,-286.685,92.024,0.866,Pitch
-0.120,-1.223,-0.672,-267.610,21.219,86.065,Pitch
-0.501,-0.652,0.977,105.814,-17.587,9.879,Pitch
0.038,-1.114,0.583,12.486,8.137,-47.583,Pitch
0.108,-0.693,0.447,49.350,-27.904,-12.749,Pitch
0.356,-0.789,0.610,126.140,-72.695,70.228,Pitch
0.016,-0.803,0.248,286.685,14.516,-2.529,Pitch
-0.084,0.760,0.804,286.685,58.249,69.974,Pitch
-0.469,0.906,0.775,286.685,-43.050,71.969,Pitch
-0.230,1.208,0.358,286.685,-103.232,1.286,Pitch
0.087,1.443,0.388,286.685,-134.549,-20.851,Pitch
0.267,1.502,0.818,269.920,-83.624,-26.136,Pitch
0.196,1.121,0.587,-37.555,-17.176,5.819,Pitch
0.122,0.956,0.660,-226.284,12.355,41.641,Pitch
0.007,1.227,0.775,-286.685,52.911,58.170,Pitch
-0.231,1.378,1.297,-286.685,72.144,15.015,Pitch
-0.446,1.489,1.400,-286.685,29.881,-116.550,Pitch
0.249,0.816,0.086,-286.685,99.741,-154.893,Pitch
0.555,-1.446,-1.435,-261.231,-16.494,-52.150,Pitch
0.212,-0.343,1.000,286.685,-21.315,70.613,Pitch
-0.209,-1.149,1.373,89.897,-7.989,49.228,Pitch
-0.069,-1.053,0.624,103.609,-10.754,21.219,Pitch
0.078,-0.834,0.435,283.404,-37.021,29.321,Pitch
-0.083,-0.271,0.373,286.685,22.978,39.296,Pitch
-0.105,0.302,0.710,286.685,55.449,34.396,Pitch
-0.104,0.925,0.909,286.685,2.328,72.581,Pitch
-0.162,1.270,0.490,286.685,-65.310,54.845,Pitch
0.078,1.272,0.338,286.685,-72.214,54.224,Pitch
0.020,1.305,0.475,281.794,-37.923,40.303,Pitch
-0.087,0.865,0.492,48.554,6.177,15.855,Pitch
0.065,1.326,0.787,-212.940,39.095,34.834,Pitch
-0.101,1.533,0.830,-286.685,47.871,-4.725,Pitch
-0.078,1.609,0.921,-286.685,52.946,-53.147,Pitch
-0.213,1.447,1.618,-286.685,36.592,-98.954,Pitch
0.354,0.051,-1.015,-286.685,104.641,-144.891,Pitch
0.149,-1.037,-1.047,-215.154,7.446,16.503,Pitch
-0.015,-0.487,0.692,144.637,-15.068,48.641,Pitch
-0.091,-1.241,0.993,11.384,-24.719,24.413,Pitch
-0.030,-0.782,0.485,-38.036,-8.426,39.891,Pitch
0.031,-0.580,0.556,42.061,-54.915,48.930,Pitch
0.109,-0.994,0.700,286.685,-54.722,-5.731,Pitch
-0.023,-0.133,0.878,286.685,6.965,63.577,Pitch
-0.264,0.703,0.801,286.685,-54.626,100.783,Pitch
-0.120,0.847,0.431,286.685,-105.674,35.219,Pitch
0.038,1.067,0.135,286.685,-133.508,12.040,Pitch
0.112,1.229,0.661,286.685,-100.257,31.255,Pitch
0.169,1.675,1.509,-14.578,-29.067,15.698,Pitch
0.025,1.909,1.244,-286.685,-8.488,19.985,Pitch
0.145,1.841,0.738,-286.685,6.606,-36.260,Pitch
0.327,0.775,0.318,-286.685,60.174,-59.395,Pitch
0.031,-0.102,-0.037,-286.685,188.519,26.250,Pitch
-0.383,-0.917,-1.189,-286.685,141.890,90.816,Pitch
-0.183,-0.756,0.616,-2.336,6.318,40.451,Pitch
-0.304,-0.943,0.452,77.298,-62.309,-39.305,Pitch
0.149,-1.238,0.526,191.345,-26.250,-49.359,Pitch
0.100,-0.977,0.266,286.685,-21.945,-7.971,Pitch
0.053,-0.289,0.202,286.685,33.670,60.638,Pitch
-0.184,0.679,0.698,286.685,13.641,116.926,Pitch
-0.158,1.266,0.446,286.685,-69.361,81.769,Pitch
-0.015,1.588,0.731,286.685,-114.555,85.067,Pitch
0.172,1.092,0.318,286.685,-104.738,78.522,Pitch
0.042,1.398,0.678,112.823,-34.344,60.279,Pitch
0.076,1.480,0.831,-168.193,-22.120,25.830,Pitch
0.075,1.397,0.402,-286.685,8.767,35.569,Pitch
0.217,1.196,0.587,-286.685,39.987,5.145,Pitch
-0.154,0.850,0.887,-286.685,44.196,-14.726,Pitch
0.480,0.267,0.870,-286.685,117.469,-39.874,Pitch
-0.187,-0.916,-0.438,-286.685,146.869,65.739,Pitch
0.002,-0.860,-0.179,-23.441,-1.155,66.281,Pitch
-0.241,-0.952,0.652,196.000,-22.907,-0.560,Pitch
-0.265,-1.209,0.957,147.805,2.914,-34.904,Pitch
-0.096,-1.026,0.432,0.954,-17.868,-13.335,Pitch
0.183,-0.776,0.489,286.685,-22.208,-13.064,Pitch
0.057,0.052,0.440,286.685,60.882,40.434,Pitch
-0.015,0.630,0.683,286.685,30.739,101.561,Pitch
-0.236,1.236,0.566,286.685,-25.961,58.905,Pitch
-0.033,1.368,0.307,286.685,-98.683,67.235,Pitch
-0.007,1.222,0.557,285.101,-79.284,42.446,Pitch
0.053,1.299,0.608,114.677,-43.627,21.814,Pitch
0.133,1.259,0.703,-243.758,-20.571,36.978,Pitch
0.262,1.428,0.771,-286.685,28.175,28.368,Pitch
0.087,1.187,0.779,-286.685,71.006,36.111,Pitch
-0.282,1.227,1.207,-286.685,56.411,-16.791,Pitch
0.072,0.290,-0.062,-286.685,127.628,-49.333,Pitch
-0.103,-1.078,-0.663,-286.650,73.675,3.509,Pitch
-0.061,-0.890,-0.169,-29.733,26.556,17.299,Pitch
-0.135,-1.153,0.751,224.831,-28.464,-22.759,Pitch
0.221,-1.061,0.882,281.802,-45.850,-10.894,Pitch
0.011,-0.597,0.466,286.685,-4.751,17.255,Pitch
-0.001,-0.158,0.573,286.685,17.062,19.871,Pitch
0.042,0.327,0.549,286.685,-30.266,69.247,Pitch
-0.221,0.857,0.393,286.685,-50.015,39.987,Pitch
-0.149,1.069,0.003,286.685,-100.310,0.228,Pitch
0.179,1.659,0.718,286.685,-95.996,-24.622,Pitch
0.230,1.726,0.715,147.035,-27.344,-52.658,Pitch
0.102,1.244,0.393,-254.546,0.779,-23.642,Pitch
-0.071,1.261,0.703,-286.685,-5.871,-12.722,Pitch
0.132,1.433,0.659,-286.685,4.191,9.153,Pitch
-0.328,1.101,1.066,-286.685,-2.284,46.200,Pitch
0.074,0.523,0.698,-286.685,11.349,-25.034,Pitch
0.051,-0.047,0.285,-286.685,130.883,-58.958,Pitch
0.174,-1.064,-1.110,-231.236,-26.801,-18.874,Pitch
0.088,-0.739,0.566,171.045,-79.476,-4.445,Pitch
0.129,-1.625,0.885,113.103,-38.237,4.077,Pitch
0.292,-1.293,0.781,229.784,-28.219,52.106,Pitch
-0.083,-0.775,0.436,286.685,33.154,103.941,Pitch
-0.062,-0.106,0.104,286.685,74.419,46.515,Pitch
-0.077,0.624,0.299,286.685,-5.171,47.206,Pitch
-0.201,1.192,0.499,286.685,-35.805,26.574,Pitch
0.060,1.316,0.319,286.685,-110.661,39.296,Pitch
0.230,1.309,0.546,228.462,-94.876,75.740,Pitch
0.106,1.313,0.949,-136.780,-24.413,21.621,Pitch
0.113,1.235,0.613,-286.685,-4.331,8.260,Pitch
0.075,1.489,0.918,-286.685,-7.429,14.017,Pitch
0.056,1.314,1.270,-286.685,4.725,4.043,Pitch
0.027,1.018,0.794,-286.685,113.505,-39.051,Pitch
-0.074,-0.892,-1.033,-286.685,87.762,27.029,Pitch
-0.089,-1.005,-0.451,-215.941,18.847,26.924,Pitch
-0.254,-0.888,0.838,196.210,-48.597,-16.651,Pitch
-0.007,-1.327,1.015,183.417,-38.623,-54.399,Pitch
0.391,-1.058,0.697,285.163,9.783,2.809,Pitch
0.132,-0.418,0.358,286.685,59.938,91.262,Pitch
-0.278,0.260,0.992,286.685,65.809,95.646,Pitch
-0.222,0.348,0.462,286.685,-0.455,47.994,Pitch
-0.071,0.899,0.136,286.685,-73.439,57.881,Pitch
0.065,1.384,0.214,286.685,-99.662,68.705,Pitch
0.179,1.360,0.492,262.360,-49.105,33.583,Pitch
0.118,1.224,0.479,69.493,-23.301,27.562,Pitch
0.042,1.402,0.845,-244.107,3.430,13.493,Pitch
0.108,1.477,0.765,-286.685,23.931,-21.306,Pitch
0.116,1.386,0.908,-286.685,48.711,-24.780,Pitch
-0.140,1.091,1.298,-286.685,19.066,-40.268,Pitch
0.178,0.256,0.378,-286.685,118.125,-94.605,Pitch
-0.014,-1.209,-1.072,-265.685,-10.526,53.471,Pitch
-0.212,-0.561,-0.214,218.041,-29.855,35.175,Pitch
-0.235,-1.125,0.964,191.503,-23.564,-13.405,Pitch
0.251,-1.206,0.906,146.633,9.835,-5.924,Pitch
0.114,-0.710,0.329,286.685,24.605,72.030,Pitch
-0.058,-0.491,0.136,286.685,54.705,87.360,Pitch
-0.184,0.021,0.169,286.685,22.304,70.910,Pitch
-0.132,0.860,0.896,286.685,-87.806,90.387,Pitch
0.034,0.974,0.232,286.685,-138.486,54.119,Pitch
0.277,1.095,0.101,286.685,-118.772,61.784,Pitch
0.250,1.338,0.583,274.418,-30.975,80.544,Pitch
0.173,1.645,0.981,-73.832,21.612,17.946,Pitch
0.031,1.768,0.778,-286.685,31.614,17.806,Pitch
0.100,1.794,1.031,-286.685,24.299,-12.014,Pitch
0.141,1.608,1.050,-286.685,32.786,-38.911,Pitch
0.057,0.348,-0.479,-286.685,177.467,-15.627,Pitch
-0.057,-0.839,-0.946,-286.545,133.857,42.805,Pitch
-0.085,-0.833,-0.144,14.472,-1.986,37.607,Pitch
-0.265,-1.049,0.842,207.051,-102.043,-41.667,Pitch
0.269,-1.386,0.700,284.051,-81.401,-44.065,Pitch
0.135,-0.470,0.385,286.685,2.432,-13.186,Pitch
0.224,0.054,0.731,286.685,40.268,13.974,Pitch
-0.122,0.010,0.050,286.685,2.424,63.560,Pitch
-0.221,1.274,0.230,286.685,-75.994,19.302,Pitch
0.041,1.575,0.701,286.685,-114.546,-10.150,Pitch
0.277,1.464,0.396,266.525,-91.604,-23.599,Pitch
0.143,1.235,0.479,41.493,-25.112,0.044,Pitch
-0.042,0.910,0.442,-123.865,-17.036,20.353,Pitch
0.039,0.838,0.406,-250.967,5.084,17.106,Pitch
0.284,1.240,0.983,-286.685,59.719,45.237,Pitch
0.006,1.414,1.511,-286.685,89.495,35.998,Pitch
-0.270,1.022,1.175,-286.685,16.844,-68.031,Pitch
0.246,0.677,0.742,-286.685,41.405,-112.394,Pitch
0.326,-1.234,-1.529,-286.422,73.666,-31.272,Pitch
0.099,-0.804,0.119,153.212,0.026,54.460,Pitch
-0.060,-1.182,1.024,119.262,14.333,46.576,Pitch
0.102,-1.280,0.668,136.587,3.045,33.714,Pitch
-0.075,-0.842,0.361,286.685,-23.345,66.019,Pitch
-0.093,-0.157,0.598,286.685,-0.674,48.011,Pitch
-0.046,-0.012,0.622,286.685,-9.538,50.925,Pitch
-0.063,0.478,0.469,286.685,-45.386,58.529,Pitch
-0.143,0.941,0.428,286.685,-112.787,103.565,Pitch
0.068,1.136,0.215,286.685,-132.974,59.649,Pitch
0.232,1.000,0.481,268.896,-87.806,44.074,Pitch
0.353,1.340,1.244,-16.476,-19.163,55.772,Pitch
0.437,1.897,1.394,-286.685,44.266,69.930,Pitch
0.071,1.784,1.175,-286.685,28.630,74.025,Pitch
0.225,1.741,1.187,-286.685,2.660,50.015,Pitch
0.399,-0.180,0.164,-286.685,173.705,91.332,Pitch
-0.378,-1.380,-1.215,-286.527,235.690,199.342,Pitch
-0.247,-0.754,0.378,163.459,8.295,43.190,Pitch
-0.322,-0.757,0.978,193.375,-83.948,-19.442,Pitch
-0.063,-1.137,0.779,180.434,-27.948,-65.056,Pitch
-0.058,-0.876,0.364,286.685,4.445,-79.643,Pitch
0.133,-0.360,0.415,286.685,34.300,-72.126,Pitch
0.023,0.146,0.375,286.685,55.037,-38.386,Pitch
-0.164,0.862,0.817,286.685,18.541,-6.020,Pitch
-0.129,1.456,0.840,286.685,-77.192,1.374,Pitch
0.017,0.980,0.114,286.685,-77.980,-7.455,Pitch
0.097,0.920,0.174,286.685,-22.225,-10.404,Pitch
0.010,1.260,0.677,150.710,-2.896,12.731,Pitch
-0.008,1.845,1.220,-278.897,-8.278,40.539,Pitch
0.191,1.924,0.586,-286.685,10.552,37.424,Pitch
-0.167,1.178,1.059,-286.685,24.106,4.812,Pitch
-0.394,0.928,0.300,-286.685,53.156,-48.221,Pitch
0.126,-1.082,-1.782,-286.685,69.921,-29.558,Pitch
0.264,-0.841,0.255,-273.079,26.583,-13.326,Pitch
-0.038,-0.827,0.886,109.961,-60.568,38.570,Pitch
-0.034,-1.133,1.081,74.830,-92.374,31.859,Pitch
0.129,-1.180,0.510,159.066,-63.123,20.948,Pitch
0.087,-0.972,0.464,285.635,-26.049,35.770,Pitch
-0.078,-0.291,0.588,286.685,61.539,19.862,Pitch
-0.071,0.472,0.822,286.685,32.533,35.201,Pitch
-0.063,0.483,0.397,286.685,-46.322,64.724,Pitch
-0.026,0.776,0.334,286.685,-85.715,93.161,Pitch
-0.166,1.318,0.461,286.685,-109.716,87.071,Pitch
0.187,1.168,0.769,172.226,-99.689,12.373,Pitch
0.302,1.330,1.222,-33.232,-34.011,13.414,Pitch
0.530,1.603,1.192,-286.685,31.237,37.450,Pitch
0.114,1.387,0.989,-286.685,115.430,58.704,Pitch
-0.337,0.905,0.418,-286.685,115.202,-65.196,Pitch
0.258,-0.490,0.529,-286.685,203.525,-94.439,Pitch
0.117,-0.931,0.359,-286.685,39.550,-23.809,Pitch
0.108,-0.804,0.075,-50.627,-100.949,33.460,Pitch
-0.233,-1.001,0.499,127.514,0.026,36.321,Pitch
-0.220,-0.994,0.702,149.651,16.669,-28.831,Pitch
0.215,-0.901,0.690,286.685,-23.004,-16.135,Pitch
-0.065,-0.487,0.179,286.685,67.410,-12.267,Pitch
-0.107,-0.049,0.484,286.685,27.204,-17.789,Pitch
-0.085,0.788,0.524,286.685,-5.985,-24.850,Pitch
0.019,1.276,0.593,286.685,-42.053,-26.329,Pitch
0.066,1.276,0.345,286.685,-50.295,-6.221,Pitch
0.072,1.180,0.304,286.685,-2.835,6.492,Pitch
0.002,1.111,0.460,130.681,18.261,17.421,Pitch
-0.096,1.482,0.891,-241.762,-0.779,42.831,Pitch
0.114,1.701,0.607,-286.685,-20.370,56.026,Pitch
0.190,1.402,0.784,-286.685,-4.716,76.317,Pitch
-0.716,1.480,1.069,-286.685,-26.722,31.885,Pitch
0.210,0.041,-0.252,-286.685,18.218,-20.493,Pitch
0.193,-0.721,0.455,-286.685,38.377,59.202,Pitch
-0.023,-0.751,-0.203,-157.439,2.275,92.444,Pitch
-0.092,-0.834,0.641,178.360,-35.998,23.354,Pitch
0.094,-1.178,0.865,211.321,-27.808,-7.193,Pitch
0.170,-0.947,0.773,286.685,5.512,13.230,Pitch
-0.138,-0.283,0.488,286.685,47.941,-5.381,Pitch
-0.121,0.134,0.605,286.685,13.781,1.890,Pitch
0.005,0.689,-0.387,286.685,-37.896,-21.534,Pitch
0.175,1.359,0.386,286.685,-31.325,26.364,Pitch
0.283,1.314,0.631,286.685,-35.263,84.088,Pitch
0.092,1.313,0.361,179.550,9.467,143.106,Pitch
-0.183,1.000,0.094,26.302,57.435,70.490,Pitch
0.063,1.334,-0.069,-10.203,25.743,7.954,Pitch
0.168,1.470,0.964,-216.274,-20.825,-37.161,Pitch
0.303,1.427,0.752,-286.685,26.241,-11.261,Pitch
-0.029,1.381,1.302,-286.685,56.831,-0.761,Pitch
-0.347,1.460,1.155,-286.685,34.178,-73.701,Pitch
0.625,0.390,0.745,-286.685,130.655,-86.327,Pitch
-0.175,-0.660,-1.911,-282.669,155.505,79.389,Pitch
0.311,-0.256,0.182,210.875,-6.186,26.653,Pitch
-0.346,-0.765,0.917,218.619,-74.891,23.651,Pitch
0.105,-1.518,1.085,208.512,-58.345,-65.126,Pitch
-0.069,-1.402,-0.017,246.864,29.120,23.608,Pitch
0.018,-0.159,0.518,286.685,67.077,8.041,Pitch
0.040,0.235,0.299,286.685,77.857,37.292,Pitch
-0.244,0.985,0.807,286.685,-1.558,81.952,Pitch
-0.099,1.163,0.544,286.685,-51.345,45.561,Pitch
0.121,1.049,0.075,286.685,-23.179,38.789,Pitch
0.032,1.010,0.191,270.961,-7.070,41.799,Pitch
-0.153,1.184,0.415,67.165,-14.350,39.664,Pitch
-0.065,1.376,0.870,-267.138,-39.909,11.366,Pitch
0.087,1.531,0.634,-286.685,-46.638,21.210,Pitch
-0.111,1.333,1.219,-286.685,-53.471,44.319,Pitch
0.018,1.096,0.704,-286.685,-82.967,17.859,Pitch
0.241,-0.855,-0.648,-286.685,53.952,19.740,Pitch
0.050,-1.001,-0.256,-271.084,94.080,72.643,Pitch
-0.169,-0.702,0.621,124.075,58.292,64.094,Pitch
0.066,-1.284,0.987,110.740,-25.139,29.339,Pitch
0.082,-1.152,0.742,234.027,-1.033,11.191,Pitch
-0.055,-0.766,0.613,286.685,5.469,-0.892,Pitch
0.100,-0.226,0.574,286.685,22.015,14.648,Pitch
-0.129,0.326,0.573,286.685,20.913,10.019,Pitch
-0.268,0.419,0.099,286.685,8.934,-45.780,Pitch
-0.071,0.848,0.214,286.685,-20.606,-77.805,Pitch
0.158,1.135,0.444,286.685,-24.964,-44.459,Pitch
-0.160,1.161,0.565,103.915,-14.936,-8.295,Pitch
-0.085,1.233,0.732,-106.409,-25.392,-29.978,Pitch
-0.105,1.394,1.138,-286.685,-78.295,23.196,Pitch
-0.168,1.247,0.821,-286.685,-115.124,70.621,Pitch
-0.245,0.477,0.767,-286.685,-127.942,51.397,Pitch
0.585,-0.416,0.874,-286.685,-66.658,10.894,Pitch
0.240,-0.528,1.787,-286.685,35.525,39.673,Pitch
-0.067,-1.236,0.008,-237.886,66.185,98.210,Pitch
-0.195,-1.061,-0.233,12.154,54.311,63.919,Pitch
0.041,-0.769,0.594,57.750,62.379,8.304,Pitch
-0.043,-1.559,0.028,117.574,-1.216,47.889,Pitch
0.026,-0.624,0.744,286.685,-12.171,106.838,Pitch
-0.263,-0.417,0.196,286.685,-16.468,88.069,Pitch
-0.020,0.062,0.516,286.685,-49.709,66.194,Pitch
0.150,0.332,0.626,286.685,-59.255,102.646,Pitch
-0.082,0.750,0.388,286.685,-98.744,141.811,Pitch
0.104,0.995,0.331,286.685,-105.499,124.302,Pitch
0.140,1.168,0.244,265.772,-87.771,97.099,Pitch
0.258,1.302,0.907,83.519,-32.104,41.134,Pitch
0.049,1.451,1.221,-267.794,-35.857,31.920,Pitch
0.231,1.480,1.217,-286.685,-42.971,7.429,Pitch
0.337,1.535,1.086,-286.685,2.494,2.362,Pitch
0.490,0.937,0.594,-286.685,55.729,2.765,Pitch
0.751,-0.124,0.166,-286.685,269.071,115.185,Pitch
-0.343,-1.038,-0.399,-286.624,286.685,141.102,Pitch
-0.144,-0.870,0.081,-13.046,77.385,48.702,Pitch
-0.438,-1.185,0.369,128.625,-39.340,5.233,Pitch
-0.357,-1.167,0.924,268.984,-58.065,-7.508,Pitch
-0.200,-0.652,0.672,286.685,-48.947,0.595,Pitch
0.007,-0.710,-0.151,286.685,-42.928,5.198,Pitch
-0.096,0.595,-0.007,286.685,-110.302,51.432,Pitch
0.096,1.222,0.602,286.685,-122.561,53.996,Pitch
0.075,1.243,0.356,286.685,-141.592,36.978,Pitch
0.278,1.406,0.516,286.685,-71.216,10.903,Pitch
0.131,1.396,0.906,76.370,12.880,-28.542,Pitch
0.123,1.598,1.056,-188.799,15.111,-26.171,Pitch
0.131,1.539,0.763,-286.685,-20.956,-11.384,Pitch
-0.035,1.485,0.973,-286.685,-8.977,-38.334,Pitch
-0.168,0.801,0.783,-286.685,51.406,-56.647,Pitch
0.473,-0.162,-0.221,-286.685,137.375,-85.715,Pitch
-0.201,-0.877,-0.355,-286.641,130.944,28.000,Pitch
-0.306,-0.614,0.602,-29.680,-41.274,-2.984,Pitch
-0.147,-1.273,0.578,61.556,-77.158,-46.944,Pitch
0.021,-1.421,0.535,110.022,-67.174,-64.522,Pitch
0.441,-1.019,0.606,284.095,-36.794,-30.529,Pitch
0.274,-0.613,0.443,286.685,105.735,106.085,Pitch
-0.249,0.395,0.814,286.685,131.871,113.312,Pitch
-0.493,0.246,0.379,286.685,65.170,60.419,Pitch
-0.204,0.790,0.277,286.685,-36.873,-9.284,Pitch
0.037,1.050,0.339,286.685,-101.754,-5.495,Pitch
0.149,1.384,0.640,282.730,-41.694,40.801,Pitch
-0.100,1.300,0.646,119.271,-4.707,57.111,Pitch
-0.171,1.122,0.733,-195.405,-38.500,50.417,Pitch
0.031,1.531,1.007,-286.685,-99.409,57.978,Pitch
0.067,1.508,1.228,-286.685,-122.141,97.475,Pitch
0.255,1.292,0.876,-286.685,-126.131,122.045,Pitch
0.243,0.178,-0.504,-286.685,59.342,76.396,Pitch
-0.258,-1.281,-0.592,-284.891,154.499,127.855,Pitch
-0.268,-0.889,0.411,107.957,30.756,43.321,Pitch
0.103,-1.401,0.743,169.785,-32.541,26.241,Pitch
-0.004,-1.045,0.848,286.405,33.180,25.532,Pitch
-0.035,-0.496,0.741,286.685,80.264,10.675,Pitch
0.034,-0.123,0.778,286.685,59.299,48.361,Pitch
-0.185,0.251,0.285,286.685,20.554,45.386,Pitch
-0.246,0.998,0.448,286.685,-44.975,11.121,Pitch
-0.006,1.121,0.527,286.685,-127.838,20.720,Pitch
0.065,1.271,0.624,254.126,-112.683,25.130,Pitch
0.145,1.240,0.922,-30.966,-38.623,16.406,Pitch
0.057,1.217,0.844,-286.685,-32.401,29.006,Pitch
0.212,1.078,0.688,-286.685,-47.854,86.152,Pitch
-0.031,1.394,1.544,-286.685,-40.355,146.116,Pitch
0.017,1.458,0.476,-286.685,-25.436,51.424,Pitch
0.101,-1.287,-1.020,-286.685,124.092,54.644,Pitch
-0.172,-0.906,0.094,-113.006,141.636,74.979,Pitch
-0.261,-0.830,0.833,92.514,46.393,27.851,Pitch
-0.087,-1.316,0.463,50.759,-7.508,-41.046,Pitch
0.278,-1.285,0.729,219.852,-10.211,-11.226,Pitch
0.143,-0.872,0.641,286.685,53.489,77.061,Pitch
-0.353,-0.997,-0.354,286.685,89.241,142.818,Pitch
-0.180,0.462,0.752,286.685,2.599,59.404,Pitch
-0.359,0.773,0.597,286.685,-98.980,-0.271,Pitch
-0.292,0.977,0.120,286.685,-171.859,-39.375,Pitch
0.223,1.341,0.257,286.685,-165.480,-59.658,Pitch
0.141,1.233,0.439,262.413,-52.290,1.628,Pitch
0.135,1.343,0.777,-6.116,-2.249,22.698,Pitch
0.158,1.566,0.698,-192.553,7.718,60.524,Pitch
0.183,1.587,0.763,-286.685,15.085,106.960,Pitch
-0.166,1.159,1.567,-286.685,-18.139,159.688,Pitch
0.176,1.315,0.289,-286.685,-119.709,74.244,Pitch
0.505,0.208,-0.671,-286.685,-8.015,32.498,Pitch
-0.209,-1.244,-0.876,-275.021,99.628,180.766,Pitch
-0.095,-0.855,0.214,134.417,42.053,74.427,Pitch
0.066,-1.474,1.109,184.564,-46.594,51.546,Pitch
-0.025,-1.097,0.909,211.934,15.444,39.769,Pitch
-0.202,-0.652,0.510,286.685,45.981,-8.181,Pitch
-0.116,-0.232,0.137,286.685,52.841,-24.255,Pitch
-0.173,0.624,0.562,286.685,19.320,-19.259,Pitch
-0.154,0.949,0.455,286.685,1.102,-53.550,Pitch
-0.098,1.415,0.494,286.685,-74.034,-35.053,Pitch
0.156,1.446,0.547,269.500,-77.595,-23.940,Pitch
0.160,1.245,0.786,-24.903,-13.921,16.616,Pitch
-0.217,0.841,0.661,-222.023,-2.118,43.444,Pitch
0.134,1.461,0.690,-286.685,-21.989,62.475,Pitch
0.222,1.063,1.016,-286.685,-14.438,117.206,Pitch
-0.113,0.686,1.129,-286.685,-5.495,99.654,Pitch
0.091,0.493,0.419,-286.685,-31.684,17.246,Pitch
0.124,-0.535,-0.069,-286.685,73.500,19.731,Pitch
-0.165,-1.189,-0.335,-127.155,62.484,60.952,Pitch
-0.108,-1.048,0.566,154.560,7.324,32.550,Pitch
0.012,-1.331,0.861,196.639,-44.975,1.995,Pitch
-0.048,-0.646,0.926,286.685,12.792,6.046,Pitch
-0.077,-0.352,0.420,286.685,58.196,-16.861,Pitch
0.002,0.075,0.400,286.685,36.278,-6.834,Pitch
-0.104,0.884,0.659,286.685,-9.590,-10.246,Pitch
-0.173,1.430,0.574,286.685,-69.081,-25.786,Pitch
0.111,1.289,0.168,286.685,-77.761,-37.686,Pitch
0.156,0.938,0.404,240.887,-40.600,-8.426,Pitch
0.019,0.992,0.720,48.606,1.514,26.714,Pitch
0.023,1.372,0.868,-243.976,34.291,37.739,Pitch
-0.009,1.611,0.902,-286.685,52.115,35.429,Pitch
-0.247,1.296,1.152,-286.685,56.158,-8.680,Pitch
-0.064,0.738,0.814,-286.685,20.764,-65.791,Pitch
0.181,-0.562,-0.701,-286.685,108.448,-79.651,Pitch
-0.161,-1.291,-0.978,-132.414,45.658,19.372,Pitch
-0.111,-0.870,0.521,161.822,0.647,40.232,Pitch
-0.076,-1.182,0.979,248.211,-87.535,20.772,Pitch
0.101,-1.000,0.838,286.685,-22.006,36.033,Pitch
0.018,-0.369,0.579,286.685,36.768,74.961,Pitch
-0.068,0.347,0.422,286.685,67.620,99.846,Pitch
-0.187,0.998,0.575,286.685,-9.922,96.775,Pitch
-0.088,1.425,0.531,286.685,-132.326,99.225,Pitch
0.059,1.330,0.407,286.685,-131.066,59.535,Pitch
0.156,0.910,0.420,170.450,-71.146,44.292,Pitch
0.003,1.021,0.524,15.776,-20.003,61.355,Pitch
-0.054,1.594,1.076,-269.413,7.831,24.552,Pitch
0.080,1.943,1.147,-286.685,1.138,6.108,Pitch
0.052,1.623,1.195,-286.685,15.916,-22.304,Pitch
0.103,0.941,0.281,-286.685,93.135,-48.904,Pitch
0.242,-0.700,-0.821,-286.685,123.375,34.772,Pitch
0.029,-1.014,-0.498,-225.068,59.719,76.143,Pitch
-0.267,-0.879,0.646,147.875,-11.209,33.443,Pitch
-0.163,-1.071,0.942,63.595,-7.324,-21.954,Pitch
0.031,-0.924,0.700,40.057,-10.789,-25.489,Pitch
0.149,-1.217,-0.205,173.268,6.073,2.398,Pitch
0.075,-0.172,0.304,286.685,82.206,29.382,Pitch
-0.268,0.877,0.811,286.685,58.721,89.241,Pitch
-0.353,1.052,0.726,286.685,-1.067,72.494,Pitch
-0.148,1.334,0.418,286.685,-40.189,34.493,Pitch
0.099,1.491,0.761,286.685,11.244,47.478,Pitch
-0.051,1.267,0.514,75.311,32.629,68.714,Pitch
-0.199,1.162,0.551,-127.103,13.055,27.116,Pitch
-0.118,1.295,0.562,-286.685,-26.731,-21.674,Pitch
-0.255,1.441,1.097,-286.685,-17.535,-68.504,Pitch
-0.313,1.193,1.137,-286.685,-29.085,-104.702,Pitch
0.095,0.432,-0.416,-286.685,-30.013,-111.283,Pitch
0.214,-1.155,-0.675,-286.685,-10.614,2.170,Pitch
-0.317,-0.885,0.489,-0.306,1.610,30.914,Pitch
-0.256,-1.108,0.768,68.766,-15.627,-65.284,Pitch
0.099,-1.093,0.653,72.293,-13.781,-84.735,Pitch
0.422,-1.127,0.677,247.870,-14.691,-34.370,Pitch
-0.101,-0.574,0.145,286.685,83.466,34.886,Pitch
-0.009,0.593,0.625,286.685,122.106,31.019,Pitch
0.037,0.673,0.829,286.685,97.055,86.467,Pitch
-0.515,1.088,0.061,286.685,40.119,87.220,Pitch
-0.093,1.621,0.753,286.685,17.080,54.355,Pitch
-0.093,1.469,0.564,190.234,-12.057,41.151,Pitch
-0.222,1.129,0.451,-27.580,-41.064,33.022,Pitch
-0.080,1.007,0.540,-282.161,-69.624,14.971,Pitch
-0.063,0.985,0.585,-286.685,-94.369,30.336,Pitch
-0.188,1.249,1.412,-286.685,-87.098,21.989,Pitch
-0.171,1.116,1.243,-286.685,-53.874,-53.699,Pitch
0.107,-0.499,0.008,-286.685,-15.496,-57.522,Pitch
0.072,-0.830,-0.241,-274.251,14.009,44.835,Pitch
-0.023,-0.932,0.014,-34.046,19.731,48.143,Pitch
-0.019,-1.318,0.797,13.597,31.526,-25.130,Pitch
0.215,-0.924,0.554,15.943,28.157,-6.169,Pitch
0.068,-0.791,0.384,127.768,-29.164,49.429,Pitch
0.402,-1.021,0.155,263.935,-47.539,121.905,Pitch
-0.129,-0.402,0.497,286.685,89.600,100.188,Pitch
-0.262,0.389,0.959,286.685,64.872,115.789,Pitch
-0.242,0.571,0.748,286.685,43.662,75.040,Pitch
0.023,0.922,0.191,286.685,5.040,91.691,Pitch
-0.015,1.211,0.367,286.685,-59.386,134.689,Pitch
0.013,1.209,0.470,274.592,-61.399,139.860,Pitch
-0.233,1.113,0.552,106.260,-61.679,119.796,Pitch
-0.182,1.332,1.044,-233.441,-79.301,52.876,Pitch
0.133,1.509,1.014,-286.685,-89.232,8.715,Pitch
-0.036,1.674,1.537,-286.685,-53.340,9.940,Pitch
0.089,1.328,0.557,-286.685,-21.131,-33.171,Pitch
0.454,-0.621,-0.310,-286.685,138.268,5.661,Pitch
0.078,-1.150,-0.326,-184.214,122.938,105.604,Pitch
-0.254,-0.645,0.716,77.884,47.154,39.182,Pitch
-0.297,-1.084,0.592,-10.972,44.686,-20.484,Pitch
-0.039,-0.832,0.434,51.459,10.605,-53.603,Pitch
0.230,-0.961,0.336,238.604,-38.623,-39.366,Pitch
0.156,-0.650,0.215,286.685,54.250,11.165,Pitch
-0.054,0.118,0.699,286.685,146.318,29.531,Pitch
-0.157,0.916,1.228,286.685,103.635,102.226,Pitch
-0.265,1.055,0.701,286.685,45.202,81.725,Pitch
-0.093,0.961,0.235,286.685,-47.775,90.562,Pitch
0.054,1.051,0.142,286.685,-70.893,112.814,Pitch
-0.028,1.164,0.565,113.890,-48.772,106.067,Pitch
0.034,1.178,0.760,-175.542,12.871,44.669,Pitch
0.060,1.431,0.566,-286.685,43.365,6.685,Pitch
-0.130,1.295,0.946,-286.685,52.062,-42.971,Pitch
-0.260,1.076,1.441,-286.685,56.053,-129.299,Pitch
0.272,-0.108,0.328,-286.685,78.181,-181.589,Pitch
0.338,-1.173,-0.773,-286.685,23.336,-46.480,Pitch
0.084,-0.515,-0.250,91.709,57.925,104.825,Pitch
-0.697,-0.990,1.065,31.054,14.875,-15.969,Pitch
0.087,-1.000,0.708,-4.261,16.590,-79.669,Pitch
0.128,-0.658,0.535,-21.630,-2.406,-22.470,Pitch
0.187,-1.016,0.418,159.372,-62.991,2.572,Pitch
0.057,-1.006,0.682,286.685,9.993,79.835,Pitch
-0.227,-0.509,0.642,286.685,76.790,80.762,Pitch
-0.152,0.474,0.754,286.685,10.483,62.842,Pitch
0.029,0.554,0.285,286.685,-44.415,69.921,Pitch
-0.015,1.136,0.251,286.685,-88.952,132.064,Pitch
0.028,1.335,0.475,286.685,-94.526,147.604,Pitch
-0.074,1.633,0.895,160.423,-29.881,82.985,Pitch
-0.063,1.435,0.907,-277.620,-18.839,15.330,Pitch
0.036,1.601,0.766,-286.685,-61.075,-9.301,Pitch
0.252,1.771,0.951,-286.685,-63.604,14.210,Pitch
-0.093,1.175,0.263,-286.685,30.257,33.653,Pitch
0.261,-1.232,-1.742,-286.685,25.445,38.360,Pitch
0.042,-0.691,0.088,27.816,102.147,52.710,Pitch
-0.154,-0.525,1.111,161.333,32.217,46.086,Pitch
-0.178,-1.293,0.867,12.906,5.740,-44.371,Pitch
0.404,-1.071,0.636,228.051,46.568,-16.310,Pitch
0.165,-0.589,0.299,286.685,107.643,62.991,Pitch
-0.093,-0.139,0.245,286.685,115.036,85.671,Pitch
-0.259,0.729,0.778,286.685,43.006,75.390,Pitch
-0.268,1.146,0.784,286.685,-34.711,49.140,Pitch
-0.142,1.311,0.458,286.685,-51.301,23.153,Pitch
0.236,1.217,0.179,286.685,-14.184,19.442,Pitch
-0.123,1.017,0.310,112.674,-2.039,69.431,Pitch
-0.260,1.522,1.080,-184.704,-24.176,73.150,Pitch
0.106,1.757,1.349,-286.685,-46.139,62.580,Pitch
0.154,1.547,1.242,-286.685,-38.430,96.863,Pitch
-0.334,1.227,0.459,-286.685,10.176,39.629,Pitch
0.194,0.573,-0.902,-286.685,128.398,-21.385,Pitch
-0.013,-1.496,-1.038,-275.231,179.681,15.759,Pitch
-0.126,-0.887,0.779,127.881,54.110,12.880,Pitch
-0.130,-1.090,0.909,143.509,-28.403,-28.665,Pitch
0.239,-0.960,0.608,285.171,-11.375,25.874,Pitch
-0.074,-0.527,0.409,286.685,40.574,89.688,Pitch
-0.302,0.105,-0.097,286.685,69.387,74.909,Pitch
0.095,1.213,1.064,286.685,-25.042,88.603,Pitch
-0.079,1.255,1.190,286.685,-123.734,138.906,Pitch
-0.066,1.331,0.416,286.685,-125.143,98.332,Pitch
0.239,1.345,0.212,88.996,-64.776,31.946,Pitch
0.033,0.941,0.431,-130.935,12.845,21.070,Pitch
0.044,1.054,0.702,-281.741,30.888,-19.469,Pitch
0.010,1.763,1.427,-286.685,64.776,-15.531,Pitch
-0.241,1.821,1.462,-286.685,119.018,-120.846,Pitch
0.318,0.008,-1.560,-286.685,78.715,-163.984,Pitch
0.230,-1.318,-1.907,-211.925,-8.986,-12.784,Pitch
-0.134,-0.795,0.777,131.250,-4.524,55.860,Pitch
-0.420,-1.522,1.106,118.746,-27.458,-35.149,Pitch
0.285,-0.998,0.627,182.560,-29.864,-33.232,Pitch
0.076,-0.911,0.294,286.492,10.115,21.805,Pitch
0.001,-0.120,0.388,286.685,72.669,56.368,Pitch
-0.178,0.281,1.193,286.685,11.130,123.926,Pitch
-0.279,0.941,0.818,286.685,-111.177,78.916,Pitch
0.012,1.280,0.679,286.685,-116.471,24.649,Pitch
0.350,1.069,0.227,286.685,-78.146,19.329,Pitch
0.241,1.006,0.252,229.189,-55.388,74.611,Pitch
0.067,1.106,0.779,9.047,-20.274,62.230,Pitch
-0.021,1.512,1.175,-247.336,-5.198,17.010,Pitch
0.284,1.997,1.449,-286.685,-19.871,-0.543,Pitch
0.335,1.997,0.750,-286.685,42.464,-12.985,Pitch
0.082,1.024,-1.227,-286.685,176.523,61.276,Pitch
0.433,-1.515,-1.903,-285.443,132.309,63.744,Pitch
0.021,-0.589,1.132,215.224,31.719,98.893,Pitch
-0.673,-1.418,1.007,60.279,-44.214,-17.833,Pitch
-0.240,-1.394,0.677,67.305,-0.840,-64.382,Pitch
0.146,-0.905,0.239,256.865,25.130,-56.857,Pitch
0.412,-0.630,0.660,286.685,32.077,30.354,Pitch
-0.293,-0.420,0.314,286.685,34.886,82.836,Pitch
-0.132,0.203,0.633,286.685,-10.894,83.073,Pitch
-0.178,1.264,0.925,286.685,65.896,38.920,Pitch
-0.024,1.062,-0.094,286.685,15.111,20.580,Pitch
0.189,1.075,0.362,281.304,-34.737,90.107,Pitch
-0.107,1.278,0.731,142.459,-26.189,97.020,Pitch
-0.128,1.155,0.834,-233.730,-29.820,27.151,Pitch
-0.014,1.265,0.893,-286.685,-83.213,46.209,Pitch
-0.040,1.456,1.183,-286.685,-83.003,80.124,Pitch
-0.183,1.513,1.049,-286.685,-42.359,59.763,Pitch
0.282,-0.475,-1.016,-286.685,85.356,-19.556,Pitch
0.019,-1.423,-0.544,-249.559,91.683,80.614,Pitch
-0.244,-1.054,0.117,94.491,73.911,30.782,Pitch
-0.291,-1.207,0.899,118.930,41.842,-24.526,Pitch
0.089,-1.125,0.589,120.942,-30.056,-55.300,Pitch
0.128,-1.019,0.355,283.973,-3.474,11.778,Pitch
0.130,-0.508,0.454,286.685,64.059,27.790,Pitch
-0.060,-0.192,0.508,286.685,124.696,45.255,Pitch
-0.216,0.782,0.863,286.685,89.031,46.734,Pitch
-0.264,0.891,0.379,286.685,-7.298,42.385,Pitch
-0.063,1.175,0.238,286.685,-50.732,44.345,Pitch
-0.029,1.502,0.770,258.650,-71.006,56.665,Pitch
-0.007,1.525,1.346,-158.804,-44.581,31.211,Pitch
-0.174,1.620,1.270,-286.685,-49.639,34.099,Pitch
0.001,1.822,1.266,-286.685,-85.444,9.993,Pitch
-0.019,1.357,0.185,-286.685,7.254,-10.448,Pitch
-0.218,-0.717,-1.792,-286.685,-11.909,82.232,Pitch
-0.146,-1.177,-0.791,-172.226,57.908,23.459,Pitch
-0.397,-1.101,1.041,109.629,-28.814,-5.180,Pitch
-0.073,-1.212,0.612,85.645,-11.602,-81.524,Pitch
0.313,-1.319,0.429,219.791,43.943,-53.708,Pitch
0.290,-0.999,0.693,286.685,71.225,1.951,Pitch
-0.083,-0.221,0.409,286.685,98.350,79.896,Pitch
-0.199,0.412,0.707,286.685,50.768,66.588,Pitch
-0.003,0.820,0.533,286.685,-1.890,51.083,Pitch
0.016,0.916,0.197,286.685,-42.998,70.586,Pitch
0.156,1.065,0.307,282.529,-60.559,116.104,Pitch
0.126,1.136,0.645,84.280,-22.698,136.850,Pitch
0.011,1.647,1.124,-188.790,36.838,89.933,Pitch
0.021,1.984,1.401,-286.685,72.012,34.449,Pitch
-0.283,1.969,1.826,-286.685,126.543,-164.509,Pitch
0.212,1.033,-0.520,-286.685,160.886,-202.790,Pitch
-0.065,-1.198,-1.860,-283.439,170.546,-27.440,Pitch
0.591,-1.021,1.052,88.952,23.406,90.764,Pitch
-0.867,-1.103,0.447,-16.406,-93.590,51.931,Pitch
-0.070,-1.345,0.619,168.884,-54.084,-70.341,Pitch
0.055,-0.921,0.472,258.379,-38.964,-5.162,Pitch
-0.092,-0.869,0.151,286.685,33.775,11.305,Pitch
0.068,-0.109,0.545,286.685,83.694,6.720,Pitch
-0.166,0.534,1.352,286.685,75.539,64.558,Pitch
-0.217,0.842,0.734,286.685,15.382,67.515,Pitch
-0.137,0.916,0.327,286.685,-30.126,59.535,Pitch
-0.086,0.872,0.278,252.000,-69.466,85.304,Pitch
-0.282,1.084,1.077,54.329,-85.872,38.736,Pitch
0.062,1.213,1.571,-286.510,-98.254,17.692,Pitch
-0.084,1.221,1.293,-286.685,-131.057,65.835,Pitch
-0.110,0.888,0.310,-286.685,-145.976,56.866,Pitch
0.385,-0.199,-0.595,-286.685,-55.869,37.432,Pitch
0.002,-1.679,-0.419,-254.030,66.850,98.446,Pitch
-0.317,-1.245,0.887,100.223,36.225,29.470,Pitch
-0.112,-1.239,0.766,101.168,23.625,-30.695,Pitch
0.166,-1.090,0.694,84.341,28.052,-11.996,Pitch
0.137,-1.112,0.530,165.375,-4.130,20.676,Pitch
0.183,-0.809,0.332,286.685,34.711,41.781,Pitch
-0.112,0.080,1.174,286.685,87.946,45.955,Pitch
-0.480,-0.181,-0.178,286.685,53.944,0.385,Pitch
0.164,0.391,0.375,286.685,28.604,-49.368,Pitch
-0.146,1.382,0.453,286.685,-51.765,-9.966,Pitch
0.201,1.082,0.529,286.606,-72.957,9.905,Pitch
-0.011,1.697,1.311,58.467,-31.202,42.376,Pitch
-0.068,1.829,1.676,-275.756,-47.127,39.191,Pitch
0.038,1.676,0.792,-286.685,-87.465,3.369,Pitch
-0.387,1.169,-0.178,-286.685,-15.243,-16.826,Pitch
0.084,-0.908,-1.397,-286.685,-2.074,-49.368,Pitch
-0.016,-1.191,-0.486,-275.082,26.250,-9.398,Pitch
0.253,-1.267,0.972,63.910,-28.962,21.735,Pitch
0.012,-1.148,0.976,108.150,-23.380,31.981,Pitch
0.004,-1.114,0.703,164.316,19.495,-2.494,Pitch
0.202,-0.993,0.629,285.469,58.984,-2.266,Pitch
0.023,-0.206,0.874,286.685,147.044,54.897,Pitch
-0.047,0.073,0.870,286.685,94.448,83.668,Pitch
-0.175,0.295,0.417,286.685,39.970,97.396,Pitch
-0.025,0.700,0.342,286.685,-6.851,113.566,Pitch
0.101,0.981,0.529,286.685,-51.266,180.740,Pitch
0.048,1.473,0.941,130.751,-40.757,166.416,Pitch
0.098,1.529,1.410,-150.675,-23.791,119.927,Pitch
0.120,1.630,1.182,-286.685,-11.716,57.452,Pitch
0.198,1.626,1.006,-286.685,-25.769,34.151,Pitch
0.502,1.179,0.279,-286.685,84.009,-5.215,Pitch
0.183,-0.281,-0.904,-286.685,226.223,83.589,Pitch
-0.689,-1.249,-0.639,-191.879,224.446,53.357,Pitch
-0.290,-0.931,0.497,127.111,37.721,-61.092,Pitch
-0.318,-1.236,0.645,104.554,32.594,-93.494,Pitch
-0.265,-1.038,0.570,147.236,-0.490,-109.716,Pitch
0.345,-0.999,0.614,286.685,-35.980,-82.040,Pitch
0.296,-0.431,1.023,286.685,112.709,-13.466,Pitch
0.260,-0.034,0.782,286.685,138.617,67.603,Pitch
-0.279,0.534,1.079,286.685,88.725,125.851,Pitch
-0.257,0.787,0.546,286.685,41.886,51.686,Pitch
0.087,0.864,0.216,286.685,40.066,53.069,Pitch
-0.018,1.006,0.346,264.976,28.263,81.944,Pitch
-0.295,1.451,0.641,92.426,14.717,4.576,Pitch
-0.198,1.021,1.106,-248.509,-80.798,-14.691,Pitch
0.059,1.098,0.935,-286.685,-166.005,11.034,Pitch
0.045,0.957,1.075,-286.685,-141.041,80.342,Pitch
-0.197,1.167,0.555,-286.685,-118.746,47.443,Pitch
-0.013,-0.779,-0.804,-286.685,-0.569,32.865,Pitch
0.010,-1.371,0.326,-230.615,111.668,42.910,Pitch
-0.314,-0.954,0.459,6.142,49.219,4.200,Pitch
0.016,-1.273,0.490,129.500,3.439,-79.511,Pitch
0.281,-1.225,0.834,286.685,31.535,-6.064,Pitch
0.086,-0.689,0.627,286.685,111.598,55.580,Pitch
-0.110,0.050,0.539,286.685,142.809,42.857,Pitch
-0.172,0.291,0.657,286.685,107.240,46.812,Pitch
-0.211,1.006,0.791,286.685,76.501,51.476,Pitch
-0.174,1.059,0.717,286.685,27.571,45.500,Pitch
-0.197,1.261,0.823,197.514,12.967,18.690,Pitch
-0.195,1.125,0.912,-221.253,-54.495,-1.680,Pitch
-0.233,1.238,0.991,-286.685,-111.387,-4.812,Pitch
-0.180,1.138,0.926,-286.685,-98.849,-50.759,Pitch
-0.053,0.759,0.408,-286.685,-35.158,-64.076,Pitch
-0.297,-0.780,-0.957,-286.685,-7.901,-43.934,Pitch
-0.029,-1.147,0.313,-219.625,-17.264,-69.501,Pitch
0.034,-1.386,0.748,61.565,-77.262,-48.002,Pitch
0.088,-1.284,0.772,80.780,-15.873,-32.541,Pitch
0.166,-1.128,0.826,42.350,24.946,6.562,Pitch
0.243,-1.419,0.246,252.735,47.906,72.765,Pitch
-0.050,-0.983,0.366,286.685,166.941,120.820,Pitch
-0.217,0.401,0.910,286.685,156.800,142.520,Pitch
-0.177,0.824,0.518,286.685,62.650,161.280,Pitch
-0.143,0.942,0.228,286.685,-41.869,152.906,Pitch
-0.063,0.997,0.196,286.685,-75.854,103.696,Pitch
0.029,1.033,0.500,230.545,-69.510,90.615,Pitch
-0.060,0.941,0.586,18.708,-47.591,54.836,Pitch
-0.065,0.999,0.789,-195.003,-36.452,11.252,Pitch
-0.151,1.393,1.008,-286.685,-35.026,-29.400,Pitch
-0.110,1.659,1.470,-286.685,-32.261,-91.490,Pitch
0.055,1.396,1.196,-286.685,14.639,-184.275,Pitch
0.150,-0.600,-1.285,-286.685,7.376,-101.132,Pitch
0.090,-0.997,-0.877,-286.676,35.368,-30.021,Pitch
0.028,-0.994,0.704,-5.469,-46.165,15.505,Pitch
-0.122,-1.239,0.454,-54.521,-38.553,-32.681,Pitch
0.102,-1.034,0.473,46.603,-17.692,-39.287,Pitch
0.283,-1.119,0.519,119.324,-19.364,4.384,Pitch
0.205,-1.237,0.445,285.189,9.879,90.020,Pitch
-0.238,-0.386,0.345,286.685,123.681,89.329,Pitch
-0.137,0.209,0.767,286.685,116.305,71.514,Pitch
-0.155,0.686,0.781,286.685,62.904,109.594,Pitch
-0.105,0.684,-0.122,286.685,8.908,120.339,Pitch
0.032,1.231,0.139,286.685,-55.807,147.455,Pitch
0.103,1.446,0.618,286.685,-76.213,178.115,Pitch
-0.095,1.576,0.930,106.059,-41.737,127.942,Pitch
-0.033,1.360,0.904,-282.284,-25.996,24.500,Pitch
0.142,1.669,0.913,-286.685,-42.577,-5.731,Pitch
0.164,1.787,1.101,-286.685,-15.855,-46.401,Pitch
0.217,0.934,0.327,-286.685,70.385,-60.244,Pitch
0.135,-0.504,-0.296,-286.685,157.386,9.100,Pitch
-0.141,-1.005,-0.750,-233.616,42.919,44.476,Pitch
-0.303,-0.828,0.251,63.560,-0.516,-4.419,Pitch
-0.264,-1.304,0.656,94.762,-11.349,-80.211,Pitch
0.241,-0.964,0.570,181.352,-38.430,-64.969,Pitch
0.532,-0.981,0.382,286.685,20.195,54.565,Pitch
0.161,-0.478,0.584,286.685,67.113,112.262,Pitch
-0.209,0.429,0.822,286.685,61.574,127.601,Pitch
-0.281,0.878,0.838,286.685,-28.997,79.686,Pitch
-0.115,0.950,0.517,286.685,-42.140,26.513,Pitch
0.046,0.884,0.270,286.685,-69.265,25.900,Pitch
0.076,1.255,0.900,196.236,-52.763,34.554,Pitch
-0.021,1.264,0.964,-135.686,-26.731,4.769,Pitch
-0.038,1.382,1.166,-286.606,-36.662,-16.546,Pitch
0.196,1.405,0.819,-286.685,-46.603,-5.390,Pitch
-0.074,1.037,1.162,-286.685,2.888,-8.347,Pitch
0.022,0.613,0.296,-286.685,78.802,-7.289,Pitch
0.130,-0.873,-1.010,-286.685,44.844,-28.831,Pitch
-0.233,-1.027,-0.224,-72.853,-50.251,40.626,Pitch
-0.256,-1.211,0.670,111.598,-33.303,-12.810,Pitch
0.041,-1.507,0.606,253.846,-29.584,-16.144,Pitch
0.183,-1.016,0.596,286.685,12.740,33.268,Pitch
-0.152,-0.639,-0.256,286.685,86.118,14.105,Pitch
-0.018,0.719,0.368,286.685,39.428,23.914,Pitch
-0.030,1.108,0.687,286.685,21.858,30.231,Pitch
-0.061,1.227,0.667,286.685,-45.421,40.827,Pitch
0.061,1.284,0.447,286.589,-29.173,9.056,Pitch
0.073,1.057,0.342,126.105,5.294,-23.056,Pitch
0.054,0.869,0.496,3.938,13.650,-20.536,Pitch
-0.118,1.115,0.793,-211.137,-13.641,14.446,Pitch
-0.133,1.724,1.084,-286.685,-69.090,-2.214,Pitch
-0.217,1.372,1.259,-286.685,-94.089,-10.920,Pitch
-0.175,1.116,1.088,-286.685,-88.716,-34.851,Pitch
0.068,-0.069,-0.561,-286.685,-27.169,-44.467,Pitch
0.228,-1.133,-1.151,-257.066,91.884,9.660,Pitch
0.018,-0.796,0.780,188.440,-2.371,54.836,Pitch
0.037,-1.034,1.400,154.744,-46.436,55.283,Pitch
0.136,-1.253,0.768,65.511,-23.021,53.410,Pitch
0.077,-0.974,0.347,286.169,27.808,105.394,Pitch
-0.211,-0.574,0.331,286.685,74.673,125.974,Pitch
-0.303,0.546,0.821,286.685,16.494,105.088,Pitch
-0.123,0.357,0.062,286.685,-88.086,37.713,Pitch
0.073,0.944,0.595,286.685,-80.579,29.916,Pitch
0.189,1.072,0.512,286.685,-61.722,50.951,Pitch
0.104,1.100,0.789,112.831,-32.121,49.411,Pitch
0.004,1.271,1.347,-191.004,-6.886,28.954,Pitch
0.074,1.561,1.357,-286.685,-35.149,-10.815,Pitch
0.185,1.680,0.918,-286.685,-45.509,-4.568,Pitch
0.310,1.186,0.582,-286.685,-1.768,-0.446,Pitch
0.352,0.454,0.054,-286.685,218.663,11.856,Pitch
-0.684,-1.914,-1.829,-285.582,150.080,-4.253,Pitch
-0.249,-1.356,0.098,24.036,17.728,-90.195,Pitch
-0.025,-1.143,0.634,84.963,-31.246,-52.806,Pitch
0.164,-1.304,0.523,158.200,-60.524,-21.236,Pitch
0.165,-1.258,0.021,285.862,1.925,68.854,Pitch
-0.058,-0.757,0.142,286.685,56.963,56.980,Pitch
0.114,0.280,0.569,286.685,84.647,55.895,Pitch
-0.203,0.996,1.011,286.685,-1.689,109.690,Pitch
-0.155,1.051,0.355,286.685,-69.904,62.143,Pitch
0.042,1.155,0.189,286.685,-80.211,23.214,Pitch
0.137,1.073,0.524,284.462,-72.039,25.261,Pitch
0.070,1.441,1.210,9.459,-38.990,31.036,Pitch
-0.049,1.389,1.217,-286.685,-55.265,12.775,Pitch
0.102,1.540,1.159,-286.685,-74.848,-11.935,Pitch
0.127,1.395,1.209,-286.685,-6.580,-44.266,Pitch
0.295,0.532,0.133,-286.685,146.571,-22.269,Pitch
-0.274,-1.023,-1.167,-286.685,151.428,22.540,Pitch
-0.073,-0.770,-0.093,-258.983,55.143,5.329,Pitch
-0.079,-0.951,0.517,2.678,-50.461,1.041,Pitch
-0.114,-1.253,0.537,14.674,-22.864,-7.726,Pitch
-0.035,-0.960,0.490,41.213,-67.357,-6.965,Pitch
0.189,-1.166,0.415,244.466,-55.353,28.079,Pitch
-0.046,-0.801,0.183,286.685,93.844,67.786,Pitch
-0.118,0.491,0.740,286.685,99.942,66.990,Pitch
-0.248,0.912,1.081,286.685,85.024,91.359,Pitch
-0.100,0.786,0.494,286.685,-6.510,73.290,Pitch
-0.046,1.317,0.553,286.685,-53.375,84.586,Pitch
-0.067,1.360,0.726,277.226,-35.420,68.198,Pitch
-0.035,1.311,0.787,91.420,-8.374,30.931,Pitch
-0.153,1.369,1.218,-277.760,-16.581,-0.822,Pitch
-0.092,1.790,0.906,-286.685,-62.309,-36.243,Pitch
-0.101,1.474,0.687,-286.685,-25.086,-77.289,Pitch
0.170,0.784,-0.633,-286.685,24.378,-74.069,Pitch
-0.201,-1.022,-0.989,-286.685,93.739,-5.294,Pitch
-0.051,-0.973,0.748,-165.016,-11.349,-31.517,Pitch
-0.142,-1.329,0.592,-15.225,-54.276,-55.440,Pitch
0.053,-1.291,0.436,89.346,-41.256,-60.856,Pitch
0.399,-1.134,0.715,286.624,-4.174,0.831,Pitch
0.155,-0.685,0.721,286.685,102.253,94.894,Pitch
-0.131,-0.136,0.630,286.685,110.600,90.694,Pitch
-0.155,0.627,0.483,286.685,43.916,107.704,Pitch
-0.194,1.037,0.551,286.685,9.721,87.666,Pitch
-0.077,1.260,0.410,286.685,-47.399,94.762,Pitch
0.012,1.349,0.519,286.177,-63.761,78.645,Pitch
-0.057,1.144,0.411,80.115,-56.359,60.454,Pitch
-0.048,1.190,0.853,-163.432,-77.262,22.006,Pitch
0.026,1.265,0.934,-286.685,-117.338,6.449,Pitch
0.274,1.390,0.747,-286.685,-101.115,18.261,Pitch
0.011,1.370,1.533,-286.685,-2.520,52.990,Pitch
-0.159,0.306,-0.477,-286.685,182.849,17.780,Pitch
0.112,-1.480,-1.002,-283.159,57.033,-12.635,Pitch
0.159,-0.975,0.325,15.890,-2.678,-10.001,Pitch
-0.051,-1.266,0.922,111.387,-22.181,32.480,Pitch
-0.097,-1.133,0.889,103.338,2.966,-4.891,Pitch
0.068,-1.005,0.695,262.316,14.709,-4.060,Pitch
0.051,-0.666,0.718,286.685,46.812,24.929,Pitch
-0.149,-0.340,0.521,286.685,54.967,11.200,Pitch
-0.021,0.646,0.736,286.685,33.127,26.381,Pitch
-0.216,0.873,0.734,286.685,14.726,52.631,Pitch
-0.100,1.053,0.465,286.685,-32.025,51.432,Pitch
0.143,1.200,0.296,286.685,-53.428,58.222,Pitch
0.050,1.267,0.634,168.919,-17.124,40.224,Pitch
-0.019,1.311,0.823,-114.844,-11.209,30.362,Pitch
0.009,1.695,1.018,-286.685,-63.306,40.757,Pitch
0.010,1.996,1.094,-286.685,-116.253,83.624,Pitch
0.141,0.903,-1.383,-286.685,-40.224,151.550,Pitch
-0.564,-1.239,-1.248,-286.685,136.456,134.374,Pitch
-0.167,-1.090,-0.216,-254.520,122.290,51.502,Pitch
-0.054,-1.470,0.987,54.714,-8.444,-22.146,Pitch
-0.057,-1.221,0.996,115.762,31.946,-23.940,Pitch
-0.056,-1.083,0.718,193.786,79.817,-50.155,Pitch
0.123,-0.732,0.912,286.685,49.612,-43.409,Pitch
0.069,-0.295,0.773,286.685,17.622,5.338,Pitch
-0.389,0.390,1.128,286.685,40.180,-27.878,Pitch
-0.356,0.554,1.004,286.685,41.904,-77.613,Pitch
-0.108,1.338,0.956,286.685,1.741,-31.535,Pitch
0.220,0.643,0.450,271.775,4.235,13.895,Pitch
0.112,0.673,0.399,110.250,52.211,12.915,Pitch
-0.109,0.943,0.456,-11.401,19.959,45.465,Pitch
-0.201,0.911,0.912,-278.460,-8.146,54.731,Pitch
-0.123,0.733,0.904,-286.685,-19.163,42.516,Pitch
-0.272,0.509,1.155,-286.685,-81.629,-51.345,Pitch
-0.671,-0.731,1.402,-286.685,-178.019,-165.086,Pitch
0.953,0.269,-0.834,-286.274,-155.785,-248.159,Pitch
-0.266,-1.357,0.037,-200.113,-40.950,18.471,Pitch
0.490,-1.852,0.687,2.608,-32.611,-26.644,Pitch
0.788,-1.623,0.806,115.098,-62.501,-18.497,Pitch
0.489,-1.192,0.792,268.397,32.200,73.902,Pitch
0.229,-0.792,0.749,286.685,177.179,72.607,Pitch
0.031,-0.458,1.027,286.685,174.466,47.434,Pitch
-0.333,0.192,0.894,286.685,113.715,17.369,Pitch
-0.087,0.443,0.461,286.685,57.540,-38.342,Pitch
0.096,0.503,0.759,216.895,32.515,-6.562,Pitch
0.158,0.299,0.564,99.820,59.474,35.928,Pitch
-0.204,0.641,0.686,77.166,69.781,48.650,Pitch
-0.240,0.411,1.063,-64.006,9.993,69.878,Pitch
-0.210,0.250,0.939,-275.739,18.401,18.865,Pitch
-0.243,-0.048,0.941,-286.685,-89.967,-68.162,Pitch
0.118,0.240,0.433,-286.685,-176.383,-53.147,Pitch
-0.054,-0.868,0.462,-286.685,-106.732,30.354,Pitch
-0.234,-1.367,0.760,-286.685,-51.056,-8.864,Pitch
0.299,-1.621,0.211,-118.423,-30.301,-24.421,Pitch
0.260,-1.556,0.989,30.188,-4.585,29.111,Pitch
0.158,-1.558,0.717,97.387,11.279,65.082,Pitch
-0.031,-1.049,0.864,286.309,58.581,44.826,Pitch
-0.041,-0.577,0.950,286.685,22.103,35.481,Pitch
-0.091,-0.209,0.896,286.685,-17.334,22.199,Pitch
0.028,0.103,0.470,286.685,8.050,-28.665,Pitch
-0.055,0.404,0.496,286.685,-37.678,-23.021,Pitch
0.017,0.570,0.736,286.685,-94.631,-8.137,Pitch
-0.012,0.762,0.604,217.035,-62.370,8.846,Pitch
-0.001,0.561,0.289,67.935,-9.677,36.689,Pitch
0.187,0.530,1.028,-218.794,34.230,64.199,Pitch
0.255,0.284,1.221,-286.685,77.893,69.641,Pitch
-0.286,-0.006,0.642,-286.685,97.956,23.625,Pitch
-0.216,-0.611,0.605,-286.685,2.109,-9.083,Pitch
0.289,-0.996,0.242,-283.622,-42.035,29.190,Pitch
-0.424,-1.126,0.594,-111.545,20.904,59.876,Pitch
-0.279,-1.140,1.092,46.130,58.188,-5.521,Pitch
-0.068,-1.250,1.121,50.592,39.970,-35.674,Pitch
-0.052,-0.918,0.910,56.945,34.230,-3.841,Pitch
-0.011,-0.888,0.695,102.209,17.911,-4.419,Pitch
0.024,-1.031,0.703,285.486,45.763,35.114,Pitch
-0.114,-0.077,1.044,286.685,30.292,15.698,Pitch
-0.195,0.189,0.838,286.685,-10.264,29.916,Pitch
-0.053,0.438,0.542,286.685,-25.392,36.890,Pitch
0.070,0.669,0.656,286.685,-30.222,54.950,Pitch
-0.001,0.827,0.858,244.562,-13.142,70.884,Pitch
-0.023,0.885,1.173,-181.816,-7.411,43.208,Pitch
-0.067,0.714,0.591,-286.685,1.916,1.549,Pitch
-0.271,0.521,0.752,-286.685,29.417,-50.452,Pitch
0.038,-0.314,0.091,-286.685,16.704,-64.059,Pitch
-0.134,-0.319,0.318,-286.685,32.077,-16.739,Pitch
-0.143,-1.126,0.368,-268.686,-13.466,-17.692,Pitch
-0.184,-1.277,0.708,-31.010,-16.503,-51.380,Pitch
-0.151,-1.210,0.897,60.357,20.125,-81.209,Pitch
-0.053,-1.134,1.100,113.942,13.974,-80.859,Pitch
0.407,-1.136,0.990,245.306,16.616,-22.006,Pitch
0.145,-0.687,1.135,286.685,79.363,52.237,Pitch
0.026,-0.485,0.925,286.685,136.833,75.049,Pitch
-0.160,-0.141,0.578,286.685,119.963,88.506,Pitch
-0.304,0.712,0.481,286.685,-5.810,90.641,Pitch
-0.178,0.950,0.468,286.685,-88.585,49.499,Pitch
-0.015,0.968,0.486,166.556,-80.622,40.661,Pitch
0.042,0.542,0.496,-47.871,-33.766,22.111,Pitch
-0.276,0.894,0.860,-286.676,-2.791,10.509,Pitch
-0.135,0.653,0.859,-286.685,-4.139,-66.561,Pitch
-0.098,0.236,0.489,-286.685,7.324,-100.450,Pitch
-0.054,-0.329,0.290,-286.685,-59.229,-75.399,Pitch
0.048,-1.395,0.043,-286.685,-61.714,-90.099,Pitch
0.076,-1.435,0.508,-119.122,-25.944,-41.816,Pitch
0.130,-1.470,0.597,-11.060,20.466,-40.241,Pitch
0.303,-1.454,0.859,88.349,6.274,-24.920,Pitch
0.184,-1.084,1.161,271.355,18.804,50.680,Pitch
-0.022,-0.816,1.171,286.685,58.074,71.190,Pitch
-0.073,-0.496,1.040,286.685,71.645,39.681,Pitch
0.125,-0.131,0.447,286.685,75.714,36.785,Pitch
-0.169,0.381,0.327,286.685,43.505,53.952,Pitch
-0.159,1.102,0.389,286.685,-44.039,33.303,Pitch
-0.005,1.262,0.734,239.741,-53.515,26.285,Pitch
-0.005,1.075,0.824,-237.081,6.282,20.834,Pitch
-0.135,0.887,0.865,-286.685,-32.655,14.954,Pitch
-0.118,0.787,0.591,-286.685,-63.403,-35.035,Pitch
-0.092,0.212,0.021,-286.685,-27.055,-27.755,Pitch
-0.147,-0.660,-0.307,-286.685,-2.205,-18.007,Pitch
0.085,-1.408,0.718,-201.819,-34.764,11.392,Pitch
-0.053,-1.280,0.682,-38.115,1.934,24.106,Pitch
-0.043,-1.268,0.407,-12.241,7.779,1.050,Pitch
0.035,-1.324,0.845,79.503,-4.375,-1.295,Pitch
0.010,-0.988,0.990,275.616,0.009,38.535,Pitch
-0.052,-0.595,1.132,286.685,14.542,56.954,Pitch
-0.099,-0.747,1.080,286.685,35.026,26.425,Pitch
0.183,-0.225,0.602,286.685,11.121,22.015,Pitch
-0.089,0.196,0.406,286.685,34.816,30.345,Pitch
-0.203,0.694,0.514,286.685,-2.039,13.746,Pitch
0.001,1.114,0.784,276.693,-17.780,18.646,Pitch
-0.001,0.975,1.055,-108.500,53.279,28.858,Pitch
-0.124,0.951,1.060,-286.685,-10.719,11.909,Pitch
-0.117,0.922,1.060,-286.685,-29.129,-34.291,Pitch
-0.019,0.471,0.220,-286.685,14.901,-84.543,Pitch
-0.331,-0.320,-0.362,-286.685,112.438,-56.639,Pitch
0.070,-1.490,0.094,-206.911,-30.336,-60.077,Pitch
0.038,-1.186,0.739,1.916,-67.104,-21.805,Pitch
-0.073,-1.258,0.778,12.451,-32.524,-27.475,Pitch
0.180,-1.407,0.727,151.611,-17.859,-4.025,Pitch
0.034,-1.065,0.855,286.685,42.306,77.114,Pitch
-0.252,-0.497,0.806,286.685,61.679,91.254,Pitch
-0.197,0.033,0.504,286.685,18.462,46.786,Pitch
-0.031,0.256,0.428,286.685,-9.485,38.106,Pitch
-0.065,0.709,0.860,286.685,-58.004,60.559,Pitch
-0.135,1.385,0.984,286.396,-73.220,80.045,Pitch
-0.007,1.170,0.361,51.870,-49.551,4.051,Pitch
0.016,0.842,0.445,-53.594,-24.106,-22.864,Pitch
0.056,0.761,0.676,-136.911,-18.594,-18.209,Pitch
-0.077,0.944,0.923,-286.685,-18.349,-4.235,Pitch
-0.174,1.052,1.228,-286.685,-34.764,-31.911,Pitch
0.082,0.163,0.222,-286.685,23.039,-76.046,Pitch
0.068,-0.596,-0.178,-286.685,43.129,-54.740,Pitch
0.156,-1.495,0.067,-258.151,-4.025,-40.495,Pitch
-0.101,-1.227,0.887,47.548,-26.504,50.522,Pitch
-0.053,-1.238,0.826,84.639,-58.153,41.055,Pitch
0.060,-1.200,0.807,160.860,-57.435,50.645,Pitch
-0.059,-0.940,0.747,286.685,38.430,36.838,Pitch
-0.139,-0.339,0.674,286.685,63.324,25.191,Pitch
-0.064,0.012,0.649,286.685,28.525,18.734,Pitch
-0.035,0.473,0.527,286.685,14.262,25.156,Pitch
-0.119,0.885,0.721,286.011,-21.823,19.565,Pitch
-0.036,1.053,0.872,84.586,-30.214,-7.691,Pitch
-0.063,0.961,0.807,-93.476,-36.304,-17.491,Pitch
-0.088,0.976,1.141,-286.475,-42.507,-39.235,Pitch
-0.067,0.716,1.144,-286.685,-46.261,-81.497,Pitch
0.048,0.422,0.359,-286.685,22.426,-97.702,Pitch
-0.290,-0.734,-1.176,-286.685,49.079,-120.426,Pitch
0.079,-1.421,0.663,-203.000,-66.631,-133.158,Pitch
0.488,-1.538,0.679,-10.920,-50.487,-26.775,Pitch
0.209,-1.182,0.369,10.920,-4.436,29.794,Pitch
0.210,-1.326,0.554,119.254,-14.227,63.455,Pitch
0.285,-1.305,0.716,279.361,31.360,106.374,Pitch
-0.267,-0.636,0.736,286.685,95.664,142.931,Pitch
-0.107,-0.359,0.790,286.685,61.609,72.686,Pitch
-0.017,-0.038,0.551,286.685,33.574,82.565,Pitch
-0.017,0.340,0.423,286.685,15.286,81.235,Pitch
-0.028,0.899,0.688,286.685,-11.970,74.296,Pitch
0.006,1.120,0.767,129.745,-19.600,55.107,Pitch
-0.040,1.102,0.762,-43.111,0.630,36.846,Pitch
-0.216,1.040,0.865,-283.229,-19.670,-13.720,Pitch
-0.070,0.897,0.925,-286.685,-87.815,-72.966,Pitch
-0.026,0.272,0.455,-286.685,-6.055,-90.335,Pitch
0.184,-0.276,0.388,-286.685,80.229,-79.056,Pitch
-0.230,-1.325,-0.098,-286.685,-0.700,-69.265,Pitch
0.016,-1.468,0.531,-105.630,-51.056,-42.490,Pitch
0.133,-1.532,0.484,68.434,-12.836,21.070,Pitch
0.074,-1.480,0.737,151.016,-6.151,45.745,Pitch
-0.008,-1.247,0.859,286.685,52.535,113.330,Pitch
-0.327,-0.500,0.794,286.685,82.941,120.094,Pitch
-0.238,-0.176,0.818,286.685,0.481,62.388,Pitch
-0.134,0.096,0.673,286.685,-28.122,62.939,Pitch
-0.023,0.527,0.501,286.685,-39.778,33.066,Pitch
-0.011,1.114,0.706,277.226,-65.503,19.040,Pitch
0.063,1.169,0.600,26.731,-58.013,-6.300,Pitch
0.002,0.888,0.380,-81.891,-48.178,-12.854,Pitch
0.063,0.616,0.702,-210.586,-21.884,-21.157,Pitch
-0.150,0.769,1.290,-286.685,-9.993,-47.022,Pitch
-0.166,0.585,1.014,-286.685,-30.844,-96.565,Pitch
0.106,-0.322,0.285,-286.685,-5.722,-90.353,Pitch
-0.193,-1.455,-0.027,-286.685,-27.554,-8.873,Pitch
0.013,-1.477,0.694,-75.618,-70.997,-2.013,Pitch
0.035,-1.406,0.610,28.149,-24.045,30.844,Pitch
-0.007,-1.474,0.691,135.485,24.509,31.894,Pitch
-0.028,-1.031,0.884,286.615,58.826,57.234,Pitch
-0.123,-0.855,0.571,286.685,74.244,69.632,Pitch
-0.236,-0.313,0.803,286.685,45.736,72.039,Pitch
-0.162,0.243,0.928,286.685,0.936,55.536,Pitch
-0.106,0.388,0.553,286.685,10.876,45.482,Pitch
0.045,0.764,0.178,280.551,-14.980,28.753,Pitch
0.132,0.955,0.241,217.516,-25.104,29.382,Pitch
0.016,0.958,0.542,79.249,-31.587,38.693,Pitch
-0.005,1.088,0.961,-135.887,-53.926,2.389,Pitch
-0.071,1.215,1.278,-286.685,-44.450,-42.989,Pitch
-0.118,1.081,1.096,-286.685,-32.786,-93.214,Pitch
0.068,-0.007,0.186,-286.685,17.351,-121.870,Pitch
-0.378,-1.320,-1.044,-286.685,87.132,-71.391,Pitch
0.038,-1.606,0.962,-47.959,-59.728,-11.078,Pitch
0.030,-1.431,0.683,54.224,-75.976,31.159,Pitch
-0.063,-1.434,0.783,133.429,-37.511,33.749,Pitch
0.001,-1.198,0.867,274.453,6.510,65.853,Pitch
-0.145,-0.938,0.642,286.685,54.757,57.146,Pitch
-0.112,-0.475,0.736,286.685,22.540,41.396,Pitch
0.002,0.240,0.777,286.685,29.925,55.991,Pitch
-0.146,0.509,0.474,286.685,5.591,57.960,Pitch
-0.067,0.884,0.554,286.685,-28.901,30.100,Pitch
0.049,1.103,0.614,146.396,-53.760,-2.572,Pitch
-0.010,0.971,0.539,-45.045,-47.381,-24.334,Pitch
0.012,0.760,0.738,-236.206,-69.081,-28.175,Pitch
0.051,0.726,0.960,-286.685,-74.191,-27.370,Pitch
-0.079,0.559,0.990,-286.685,-25.935,-39.506,Pitch
0.067,-0.350,0.340,-286.685,20.895,-22.321,Pitch
-0.121,-1.045,-0.137,-286.685,21.691,-11.699,Pitch
-0.023,-1.463,0.718,-140.490,-57.969,28.438,Pitch
-0.049,-1.416,0.882,87.736,-77.875,71.768,Pitch
-0.117,-1.489,1.043,187.399,-0.717,49.893,Pitch
-0.157,-0.911,1.008,286.685,54.924,50.347,Pitch
-0.157,-0.575,0.915,286.685,99.452,37.940,Pitch
-0.244,-0.130,0.870,286.685,83.283,19.600,Pitch
-0.105,0.473,0.778,286.685,-2.214,18.218,Pitch
-0.060,0.461,0.600,286.685,-50.890,15.111,Pitch
0.026,0.684,0.542,234.447,-64.059,11.480,Pitch
0.016,0.776,0.439,77.096,-58.607,18.375,Pitch
0.068,0.776,0.446,12.092,-53.533,10.211,Pitch
0.067,0.864,0.589,-24.299,-25.480,-2.450,Pitch
-0.065,1.073,1.107,-222.766,9.091,-16.301,Pitch
-0.173,0.859,1.147,-286.685,-47.513,-85.601,Pitch
0.129,-0.255,-0.088,-286.685,-5.915,-103.784,Pitch
-0.188,-1.243,-0.648,-286.685,-16.065,-33.880,Pitch
-0.116,-1.577,0.873,-206.316,-60.751,-24.272,Pitch
0.007,-1.386,0.810,-1.295,-64.391,15.654,Pitch
0.077,-1.228,0.439,41.860,-16.739,27.711,Pitch
0.053,-1.286,0.903,162.426,6.781,34.799,Pitch
-0.052,-1.160,0.789,285.766,59.264,51.835,Pitch
-0.085,-0.604,0.865,286.685,139.212,69.440,Pitch
-0.224,0.146,0.956,286.685,98.481,82.976,Pitch
-0.141,0.269,0.513,286.685,12.390,52.710,Pitch
0.029,0.671,0.269,286.685,-36.759,51.660,Pitch
-0.075,0.868,0.320,286.685,-82.478,57.619,Pitch
-0.099,0.926,0.607,136.054,-95.541,29.374,Pitch
0.042,0.880,0.830,-56.210,-95.743,12.547,Pitch
0.024,0.924,0.994,-284.323,-68.390,27.239,Pitch
-0.029,0.889,0.848,-286.685,-47.443,1.286,Pitch
0.112,0.050,0.372,-286.685,-24.237,-44.704,Pitch
0.072,-0.853,-0.002,-286.685,6.790,-37.065,Pitch
0.079,-1.504,0.438,-282.966,2.196,-23.459,Pitch
0.028,-1.224,0.816,2.223,-57.540,51.695,Pitch
0.002,-1.228,0.605,21.542,-23.415,46.165,Pitch
0.011,-1.163,0.772,14.516,1.094,17.850,Pitch
0.118,-1.169,0.915,98.936,-25.410,23.642,Pitch
-0.070,-0.976,0.528,286.090,27.423,51.607,Pitch
-0.231,-0.620,0.725,286.685,66.194,36.339,Pitch
-0.074,0.009,0.667,286.685,70.088,12.556,Pitch
-0.007,0.480,0.504,286.685,61.740,10.955,Pitch
0.087,0.799,0.355,286.685,3.640,34.020,Pitch
-0.074,1.199,0.738,286.685,-31.404,74.034,Pitch
0.011,1.319,0.787,-14.595,-61.530,14.831,Pitch
0.076,0.989,0.735,-286.685,-18.532,13.431,Pitch
-0.045,1.003,0.858,-286.685,-104.589,25.410,Pitch
0.089,0.733,0.720,-286.685,-115.911,2.284,Pitch
0.373,0.140,-0.473,-286.685,3.763,-28.875,Pitch
-0.130,-1.060,-0.225,-286.685,50.129,79.205,Pitch
-0.245,-1.235,0.595,-59.684,-10.430,44.450,Pitch
-0.130,-1.410,0.972,93.231,-62.361,23.459,Pitch
-0.151,-1.358,0.820,203.656,-21.017,5.661,Pitch
-0.077,-1.024,0.871,286.685,40.495,-12.915,Pitch
-0.053,-0.332,0.965,286.685,53.996,-17.080,Pitch
0.069,0.031,1.061,286.685,52.500,-14.534,Pitch
0.056,0.195,0.355,286.685,53.620,16.450,Pitch
-0.137,0.991,0.659,286.685,51.931,26.346,Pitch
-0.085,1.271,0.751,286.440,-30.380,32.594,Pitch
0.005,1.018,0.494,76.309,-76.431,18.944,Pitch
0.115,0.712,0.475,-59.903,-54.530,11.979,Pitch
0.091,0.807,0.681,-190.295,-15.365,24.649,Pitch
0.106,1.069,0.946,-286.519,-10.815,49.123,Pitch
-0.265,1.011,1.375,-286.685,2.118,15.829,Pitch
-0.061,0.283,0.518,-286.685,68.652,-68.232,Pitch
0.195,-0.832,-0.142,-286.685,50.190,-85.120,Pitch
0.106,-1.433,-0.043,-281.321,13.230,1.575,Pitch
-0.136,-1.115,0.778,86.555,-15.671,67.174,Pitch
-0.308,-1.308,0.893,114.616,-31.561,5.871,Pitch
-0.144,-1.075,0.946,272.212,-62.965,-35.324,Pitch
0.126,-0.803,0.841,286.685,-26.644,-15.120,Pitch
-0.097,-0.265,0.228,286.685,56.481,1.881,Pitch
0.075,0.480,0.408,286.685,47.801,0.998,Pitch
-0.013,0.803,0.546,286.685,53.174,32.104,Pitch
-0.220,1.334,0.858,286.685,-5.679,18.191,Pitch
0.032,1.243,0.812,32.270,-67.996,-22.216,Pitch
0.037,0.706,0.441,-173.652,-33.014,2.922,Pitch
0.096,0.861,0.569,-202.440,9.100,16.625,Pitch
-0.043,1.216,1.047,-286.685,37.581,13.449,Pitch
-0.215,0.652,1.119,-286.685,27.711,-66.255,Pitch
-0.095,0.089,0.622,-286.685,43.470,-105.332,Pitch
0.111,-0.149,0.235,-286.685,35.228,-95.200,Pitch
-0.141,-1.080,-0.173,-264.241,-40.206,-12.180,Pitch
-0.122,-1.281,0.679,-8.540,-50.138,-13.930,Pitch
0.030,-1.211,0.791,120.811,-32.252,-5.731,Pitch
0.148,-1.125,0.777,270.209,-16.345,13.930,Pitch
0.002,-0.724,0.771,286.685,33.434,108.561,Pitch
-0.073,-0.043,0.408,286.685,58.257,61.889,Pitch
0.085,0.655,0.629,286.685,50.505,88.620,Pitch
-0.214,0.654,0.612,286.685,14.052,78.881,Pitch
-0.172,1.109,0.919,284.848,-18.847,25.480,Pitch
0.132,1.242,0.740,-7.726,-43.724,-20.528,Pitch
-0.047,0.847,0.880,-146.458,-66.649,14.350,Pitch
-0.080,0.971,0.714,-286.685,-55.772,6.151,Pitch
-0.182,1.144,1.455,-286.685,-40.889,-13.318,Pitch
-0.126,0.464,0.704,-286.685,53.305,-86.240,Pitch
0.082,-0.183,0.295,-286.685,102.217,-101.859,Pitch
-0.011,-1.152,-0.320,-286.090,34.519,-57.024,Pitch
0.084,-1.109,0.512,38.159,-35.289,25.996,Pitch
-0.197,-1.392,0.820,99.636,-59.071,31.649,Pitch
-0.061,-1.201,0.741,284.104,-67.147,18.611,Pitch
-0.086,-0.802,0.778,286.685,-34.799,43.846,Pitch
-0.075,-0.196,0.708,286.685,21.577,61.469,Pitch
0.042,0.296,0.547,286.685,-7.980,48.037,Pitch
-0.079,0.477,0.468,286.685,-7.569,61.154,Pitch
-0.134,0.996,0.517,286.685,-29.785,25.751,Pitch
0.084,1.401,0.616,186.139,-64.304,-12.320,Pitch
0.102,1.097,0.665,-69.729,-35.385,-20.834,Pitch
0.193,1.072,1.033,-240.844,-25.218,-10.640,Pitch
0.120,1.403,1.024,-286.685,-49.639,7.438,Pitch
0.061,1.218,0.843,-286.685,23.879,10.929,Pitch
-0.016,0.018,0.171,-286.685,140.726,-69.177,Pitch
-0.179,-0.701,-0.113,-286.685,103.128,-60.025,Pitch
-0.070,-0.926,0.035,-281.540,-27.597,-41.475,Pitch
-0.053,-1.204,0.428,16.485,-54.504,2.537,Pitch
-0.063,-1.320,0.696,212.861,-88.594,24.622,Pitch
0.075,-1.151,0.962,286.685,-69.536,42.044,Pitch
-0.197,-0.465,1.039,286.685,23.056,39.996,Pitch
0.063,0.175,0.814,286.685,59.815,14.962,Pitch
0.030,0.335,0.660,286.685,52.763,56.604,Pitch
-0.235,0.610,0.663,286.685,35.219,62.029,Pitch
-0.169,1.228,0.610,273.166,-33.705,5.731,Pitch
0.123,1.075,0.392,19.189,-53.681,-21.595,Pitch
0.076,0.717,0.397,-85.872,-37.949,-5.302,Pitch
0.085,0.784,0.822,-204.557,-45.868,17.246,Pitch
-0.039,1.268,1.265,-286.685,-40.075,35.149,Pitch
-0.061,1.078,1.367,-286.685,-28.726,-38.439,Pitch
0.157,0.648,0.947,-286.685,134.242,-83.370,Pitch
0.040,-0.685,-0.511,-286.685,150.701,-112.893,Pitch
0.303,-1.165,0.011,-130.874,-0.403,-0.271,Pitch
-0.214,-1.071,0.892,116.454,-40.127,63.717,Pitch
-0.356,-1.255,0.888,153.527,-46.305,-2.852,Pitch
-0.021,-1.054,0.810,282.712,-16.336,5.486,Pitch
-0.117,-0.546,0.747,286.685,16.275,46.296,Pitch
-0.047,0.206,0.660,286.685,31.736,38.150,Pitch
0.083,0.584,0.678,286.685,15.575,56.289,Pitch
-0.194,0.643,0.600,286.685,-5.749,64.592,Pitch
-0.066,1.017,0.786,285.399,-39.952,46.463,Pitch
-0.020,1.076,0.494,34.904,-78.864,21.420,Pitch
0.082,0.894,0.485,-85.768,-85.628,22.234,Pitch
-0.058,0.927,0.978,-282.196,-80.036,13.983,Pitch
0.119,1.129,1.164,-286.685,-57.312,0.954,Pitch
0.115,0.787,1.179,-286.685,4.515,-65.380,Pitch
0.115,0.077,0.615,-286.685,100.607,-60.305,Pitch
0.123,-1.195,-0.336,-286.685,77.980,-12.092,Pitch
0.155,-1.154,0.167,38.605,-8.575,77.402,Pitch
-0.042,-1.209,0.716,271.617,-47.189,110.302,Pitch
-0.328,-0.915,1.161,286.685,-51.844,62.493,Pitch
-0.203,-0.562,1.239,286.685,-14.061,23.817,Pitch
-0.056,-0.123,0.732,286.685,3.771,17.824,Pitch
-0.029,0.208,0.537,286.685,23.135,17.981,Pitch
0.057,0.490,0.260,286.685,21.805,9.651,Pitch
-0.016,0.935,0.430,286.685,-27.606,24.220,Pitch
0.032,1.226,0.647,100.503,-84.901,34.361,Pitch
0.113,1.075,0.423,-72.774,-93.616,21.744,Pitch
0.158,0.872,0.659,-224.262,-51.739,33.425,Pitch
0.299,1.286,1.115,-286.685,-65.231,76.003,Pitch
0.189,0.976,1.202,-286.685,-34.729,81.690,Pitch
0.162,0.300,0.626,-286.685,7.700,57.881,Pitch
-0.036,-0.562,0.427,-286.685,141.584,33.110,Pitch
-0.203,-1.322,0.287,-280.849,110.232,57.243,Pitch
-0.192,-1.476,-0.001,40.399,9.118,53.182,Pitch
-0.315,-0.960,0.661,168.000,-2.975,41.790,Pitch
-0.221,-0.917,0.824,286.492,35.131,-1.418,Pitch
-0.150,-0.280,1.024,286.685,35.333,-12.819,Pitch
-0.116,-0.384,0.424,286.685,16.608,-24.561,Pitch
0.081,0.431,0.410,286.685,-8.514,-9.389,Pitch
-0.002,0.731,0.668,286.685,-8.995,16.616,Pitch
-0.196,1.301,1.079,272.318,-12.031,5.215,Pitch
-0.004,1.384,0.954,32.322,-55.072,-1.120,Pitch
-0.011,0.826,0.508,-219.572,-48.493,-5.582,Pitch
-0.057,0.717,0.652,-286.685,-49.429,-6.370,Pitch
-0.078,0.632,1.219,-286.685,-91.332,-24.491,Pitch
0.115,0.332,0.908,-286.685,-92.181,-38.412,Pitch
-0.159,-0.209,0.252,-286.685,22.584,-20.064,Pitch
0.109,-1.264,0.010,-279.790,15.619,-0.613,Pitch
0.186,-1.374,0.397,94.544,-34.764,58.065,Pitch
-0.060,-1.256,1.093,191.634,-31.421,75.040,Pitch
-0.078,-0.921,1.173,286.685,94.194,32.690,Pitch
-0.081,-0.481,1.172,286.685,157.789,50.068,Pitch
-0.114,-0.253,0.861,286.685,150.386,67.804,Pitch
-0.191,0.354,0.528,286.685,123.524,78.059,Pitch
-0.140,0.741,0.473,286.685,4.121,83.344,Pitch
-0.210,0.889,0.477,264.215,-75.635,60.699,Pitch
-0.175,0.914,0.414,120.619,-90.956,24.124,Pitch
-0.001,0.737,0.371,-21.341,-95.323,-1.286,Pitch
0.106,0.756,0.781,-151.944,-52.561,18.226,Pitch
-0.238,1.227,1.319,-286.685,-61.880,54.119,Pitch
-0.317,1.320,1.383,-286.685,-111.116,5.486,Pitch
-0.036,0.511,0.177,-286.685,-99.934,-69.554,Pitch
0.275,-1.052,-0.371,-286.685,-41.072,-54.880,Pitch
0.105,-1.315,0.409,-208.329,-20.326,45.246,Pitch
0.061,-1.400,0.766,-37.835,-21.210,56.989,Pitch
0.061,-1.440,0.848,72.695,-13.160,50.697,Pitch
-0.107,-1.122,0.639,283.133,50.706,45.736,Pitch
-0.101,-0.937,1.027,286.685,98.289,28.595,Pitch
-0.123,-0.389,0.976,286.685,90.405,17.850,Pitch
0.000,0.145,0.444,286.685,79.643,34.571,Pitch
0.030,0.459,0.330,286.685,92.995,62.318,Pitch
-0.084,0.674,0.338,286.685,36.015,82.854,Pitch
-0.225,1.190,0.615,196.149,-24.132,71.610,Pitch
-0.135,1.282,1.035,-215.057,-102.699,3.640,Pitch
0.029,1.159,0.814,-286.685,-157.736,-25.830,Pitch
-0.058,0.884,0.733,-286.685,-160.842,-22.741,Pitch
0.115,0.043,0.315,-286.685,-74.821,-6.720,Pitch
-0.032,-0.530,0.442,-286.685,127.768,-3.465,Pitch
0.048,-1.564,0.325,-284.296,38.028,22.339,Pitch
-0.063,-1.235,0.389,-96.941,13.422,44.406,Pitch
-0.224,-1.109,0.452,59.220,17.255,24.299,Pitch
-0.095,-1.114,0.717,162.225,17.071,-3.176,Pitch
0.053,-1.092,0.726,285.075,21.718,35.018,Pitch
-0.095,-0.800,0.652,286.685,67.357,74.874,Pitch
-0.117,-0.013,0.574,286.685,68.548,93.223,Pitch
0.070,0.533,0.942,286.685,50.024,122.482,Pitch
-0.236,0.724,0.842,286.685,7.472,170.012,Pitch
-0.370,1.062,0.640,286.685,-33.731,139.702,Pitch
-0.090,1.255,0.613,188.519,-70.473,26.049,Pitch
0.083,0.825,0.510,-43.391,-43.321,-30.774,Pitch
0.057,0.766,0.710,-275.065,-24.106,-43.654,Pitch
-0.144,1.219,0.896,-286.685,-50.033,-48.195,Pitch
-0.117,1.176,0.928,-286.685,-47.722,-88.497,Pitch
-0.072,0.298,0.209,-286.685,50.592,-146.571,Pitch
-0.169,-0.881,-0.776,-286.685,37.109,-105.280,Pitch
0.101,-0.958,-0.047,-208.924,-19.451,-52.482,Pitch
0.034,-1.228,0.748,66.614,-55.484,-0.884,Pitch
-0.106,-1.445,0.876,117.959,-62.615,2.678,Pitch
0.020,-1.253,1.032,286.571,34.361,28.455,Pitch
-0.113,-0.724,0.809,286.685,94.264,53.471,Pitch
-0.055,0.100,0.815,286.685,116.882,35.779,Pitch
-0.157,0.257,0.632,286.685,70.420,45.824,Pitch
-0.185,0.582,0.601,286.685,19.556,66.719,Pitch
-0.169,0.905,0.728,286.685,-9.354,57.417,Pitch
-0.038,1.143,0.756,102.463,-54.425,32.261,Pitch
-0.026,0.788,0.448,-137.673,-54.705,14.770,Pitch
0.018,0.699,0.473,-213.378,-34.510,17.299,Pitch
-0.034,0.882,0.903,-286.685,3.255,19.583,Pitch
-0.239,0.938,1.302,-286.685,-22.155,-37.126,Pitch
-0.049,0.347,1.119,-286.685,-3.255,-117.959,Pitch
-0.056,-0.262,0.344,-286.685,31.885,-113.838,Pitch
-0.018,-1.158,-0.829,-264.478,4.156,-28.954,Pitch
0.290,-1.188,0.433,147.131,-28.245,18.856,Pitch
-0.228,-1.371,1.179,157.395,-33.889,66.272,Pitch
-0.183,-1.286,1.104,235.655,1.934,77.228,Pitch
-0.202,-0.751,0.634,286.685,68.451,107.747,Pitch
-0.023,-0.241,0.480,286.685,62.615,108.299,Pitch
-0.082,0.417,0.678,286.685,65.345,157.570,Pitch
-0.339,0.681,0.642,286.685,23.266,167.099,Pitch
-0.181,0.961,0.399,286.685,-87.868,129.622,Pitch
-0.062,1.104,0.544,178.351,-115.421,64.505,Pitch
0.020,1.109,0.661,-68.478,-68.652,-11.769,Pitch
-0.008,0.989,1.018,-275.800,-45.412,-31.150,Pitch
0.002,1.370,0.974,-286.685,-76.965,-59.010,Pitch
-0.061,1.125,0.863,-286.685,2.739,-118.221,Pitch
0.006,0.401,0.213,-286.685,113.759,-151.734,Pitch
0.092,-1.344,-0.727,-286.685,64.330,-101.526,Pitch
0.103,-0.989,0.409,-106.033,-3.596,-18.340,Pitch
-0.177,-1.304,0.686,107.249,-80.395,23.844,Pitch
-0.104,-1.279,1.010,226.852,-49.560,18.944,Pitch
-0.016,-0.962,1.070,282.380,-3.920,34.186,Pitch
-0.036,-0.617,0.696,286.685,28.569,55.283,Pitch
-0.305,0.338,0.622,286.685,57.715,56.656,Pitch
-0.057,0.273,0.847,286.685,30.100,37.914,Pitch
-0.121,0.676,0.576,286.685,19.198,54.565,Pitch
-0.085,1.025,0.571,286.685,41.965,35.394,Pitch
-0.025,1.359,0.620,93.861,-15.155,34.632,Pitch
0.044,1.247,0.659,-107.835,-11.401,14.403,Pitch
0.032,1.147,0.972,-286.685,-10.911,-3.561,Pitch
-0.181,1.497,0.756,-286.685,10.054,-37.896,Pitch
-0.199,1.275,0.911,-286.685,54.556,-136.658,Pitch
-0.256,0.081,-0.100,-286.685,110.276,-177.564,Pitch
0.121,-0.892,-0.221,-286.685,-20.317,-121.826,Pitch
0.126,-0.883,0.370,-85.776,-100.695,-36.838,Pitch
0.014,-1.399,0.601,110.950,-98.289,3.141,Pitch
-0.017,-1.379,0.988,178.614,-69.738,21.621,Pitch
-0.020,-1.108,0.868,286.589,24.028,80.868,Pitch
-0.108,-0.542,0.411,286.685,83.939,97.169,Pitch
-0.016,0.386,0.668,286.685,86.564,112.954,Pitch
-0.201,0.563,0.831,286.685,30.004,150.622,Pitch
-0.269,1.123,0.542,286.685,-74.296,124.530,Pitch
0.072,1.079,0.543,197.820,-87.509,47.854,Pitch
0.197,0.834,0.521,11.961,-23.677,15.575,Pitch
-0.021,0.885,0.558,-129.395,-5.425,46.016,Pitch
-0.125,1.186,0.854,-273.997,-35.735,38.202,Pitch
0.063,1.426,1.139,-286.685,-48.554,-50.103,Pitch
0.116,1.149,1.248,-286.685,6.755,-131.460,Pitch
0.057,-0.106,0.219,-286.685,89.679,-133.962,Pitch
0.150,-1.100,-0.175,-286.685,81.611,-80.448,Pitch
0.062,-0.866,0.332,-32.865,25.261,13.458,Pitch
-0.012,-1.083,0.683,88.086,1.426,32.673,Pitch
-0.162,-1.165,0.898,129.246,-7.761,9.398,Pitch
0.007,-0.966,0.892,271.425,-12.757,31.167,Pitch
-0.079,-0.689,0.669,286.685,18.445,77.306,Pitch
-0.041,-0.042,0.700,286.685,50.234,78.050,Pitch
-0.059,0.357,0.783,286.685,60.182,89.889,Pitch
-0.289,0.727,0.369,286.685,5.093,101.938,Pitch
-0.205,1.144,0.601,286.685,-55.221,46.533,Pitch
0.066,1.165,0.632,199.727,-65.004,35.210,Pitch
0.093,1.118,0.727,-28.630,-17.841,25.515,Pitch
-0.048,1.263,1.096,-284.043,24.071,-14.630,Pitch
-0.037,1.355,0.905,-286.685,-9.704,-54.338,Pitch
-0.157,1.406,0.776,-286.685,-3.859,-81.646,Pitch
-0.010,0.525,0.141,-286.685,61.197,-119.840,Pitch
-0.147,-1.085,-0.811,-286.685,40.294,-65.949,Pitch
-0.033,-1.163,-0.338,-71.435,-44.476,-31.395,Pitch
0.004,-1.260,0.794,159.136,-77.262,-1.680,Pitch
-0.102,-1.235,1.314,231.831,-46.681,32.112,Pitch
-0.024,-0.967,1.005,286.685,44.660,53.716,Pitch
-0.116,-0.527,0.857,286.685,102.996,60.804,Pitch
-0.053,-0.062,0.771,286.685,87.360,80.596,Pitch
-0.158,0.384,0.694,286.685,44.625,120.584,Pitch
-0.285,0.921,0.892,286.685,-74.287,130.611,Pitch
-0.180,1.018,0.836,277.734,-113.374,68.128,Pitch
0.067,0.717,0.358,78.986,-96.162,33.408,Pitch
0.166,0.621,0.125,28.927,-48.099,15.802,Pitch
0.123,0.872,0.574,17.780,-17.150,21.796,Pitch
0.057,1.292,1.108,-162.068,-1.645,18.147,Pitch
-0.019,1.416,1.210,-286.685,-1.321,-30.188,Pitch
-0.052,0.908,0.898,-286.685,19.495,-72.424,Pitch
-0.066,-0.101,0.350,-286.685,136.133,-124.924,Pitch
-0.077,-1.050,-0.341,-286.685,113.033,-104.808,Pitch
0.135,-1.084,0.021,-75.530,-18.445,-11.078,Pitch
-0.147,-1.301,0.671,169.479,-55.370,51.319,Pitch
-0.178,-1.010,1.208,285.871,-40.355,45.789,Pitch
-0.036,-0.595,1.235,286.685,14.630,48.072,Pitch
-0.090,-0.811,0.487,286.685,62.982,37.319,Pitch
0.013,0.293,0.793,286.685,21.087,112.866,Pitch
-0.257,0.593,0.570,286.685,-21.866,123.699,Pitch
-0.191,0.979,0.587,286.685,-63.000,78.015,Pitch
-0.065,1.205,0.783,231.831,-105.385,35.306,Pitch
0.183,0.864,0.556,-47.031,-81.445,-10.439,Pitch
0.114,0.625,0.505,-202.423,-53.401,-7.753,Pitch
0.201,0.915,0.758,-285.434,-39.603,-8.890,Pitch
0.188,1.420,1.063,-286.685,4.979,25.874,Pitch
0.058,0.876,0.868,-286.685,119.735,-20.414,Pitch
-0.090,0.007,-0.080,-286.685,134.864,-46.952,Pitch
-0.159,-1.286,-0.281,-286.685,60.340,-38.141,Pitch
-0.201,-1.080,0.677,-138.337,-8.102,7.070,Pitch
-0.154,-1.355,0.493,36.260,-21.315,-9.783,Pitch
-0.186,-1.220,0.601,198.030,-48.484,-0.350,Pitch
0.044,-1.068,0.795,286.685,-41.676,19.591,Pitch
-0.036,-0.419,0.966,286.685,22.365,72.126,Pitch
-0.042,0.123,0.630,286.685,14.665,50.584,Pitch
0.065,0.586,0.574,286.685,11.349,93.048,Pitch
-0.185,0.800,0.315,286.685,-23.756,95.121,Pitch
-0.020,1.222,0.778,242.130,-82.985,42.166,Pitch
0.080,1.087,0.666,36.811,-74.559,-1.295,Pitch
0.188,0.975,0.940,-270.454,-32.384,-6.064,Pitch
0.045,1.220,0.888,-286.685,-33.766,-18.086,Pitch
0.122,1.235,0.863,-286.685,-31.010,-34.571,Pitch
-0.005,0.483,0.211,-286.685,127.934,-57.680,Pitch
0.081,-0.796,-0.138,-286.685,169.689,-47.967,Pitch
-0.045,-1.125,0.226,-248.071,32.051,-18.069,Pitch
-0.101,-1.098,0.692,42.166,-57.759,9.914,Pitch
-0.192,-1.179,0.878,193.410,-46.996,-3.693,Pitch
-0.005,-0.954,1.106,272.729,-11.734,7.971,Pitch
0.106,-0.646,0.869,286.685,16.485,43.426,Pitch
-0.010,0.009,0.860,286.685,37.616,76.886,Pitch
-0.132,0.397,0.550,286.685,23.389,94.132,Pitch
-0.170,0.985,0.677,286.685,-8.199,105.525,Pitch
-0.117,1.243,0.780,286.685,-109.865,70.061,Pitch
0.128,1.043,0.346,90.519,-96.320,5.407,Pitch
0.207,0.680,0.453,-7.718,-32.716,3.876,Pitch
0.144,0.822,0.645,-118.650,3.561,12.985,Pitch
0.127,1.404,1.109,-286.685,11.060,-1.085,Pitch
0.172,1.784,1.031,-286.685,7.858,-11.515,Pitch
0.199,1.371,0.425,-286.685,85.286,-37.494,Pitch
0.048,-0.026,0.019,-286.685,183.304,-63.490,Pitch
-0.283,-1.401,-0.834,-286.685,74.786,-21.157,Pitch
0.236,-1.314,0.085,18.331,-55.737,30.406,Pitch
-0.363,-1.076,1.045,157.736,-49.298,42.735,Pitch
-0.319,-1.295,0.864,160.055,-62.125,9.222,Pitch
-0.010,-1.019,0.676,286.641,-20.790,33.075,Pitch
-0.052,-0.605,0.557,286.685,37.389,52.763,Pitch
-0.005,0.028,0.484,286.685,6.247,100.537,Pitch
-0.069,0.821,0.940,286.685,-14.140,119.341,Pitch
-0.214,1.097,0.687,286.685,-96.766,87.754,Pitch
0.028,0.973,0.486,237.274,-155.732,24.281,Pitch
0.138,0.852,0.314,102.007,-116.261,-5.101,Pitch
0.195,0.803,0.453,-12.110,-48.912,8.479,Pitch
0.101,1.111,0.904,-173.075,-7.175,16.949,Pitch
0.181,1.585,1.119,-286.685,8.636,10.833,Pitch
0.184,1.528,1.038,-286.685,33.189,5.731,Pitch
0.139,0.892,0.657,-286.685,117.766,-45.990,Pitch
0.056,-0.762,-0.416,-286.685,220.736,-60.734,Pitch
0.155,-1.505,-0.164,-201.915,60.952,24.115,Pitch
-0.062,-1.050,0.389,33.005,17.929,72.520,Pitch
-0.507,-1.131,0.850,161.674,-46.751,43.155,Pitch
-0.186,-1.089,0.779,286.641,-63.630,41.816,Pitch
-0.161,-0.089,0.615,286.685,-60.847,72.450,Pitch
-0.154,0.332,0.848,286.685,-70.018,52.938,Pitch
-0.109,0.428,0.404,286.685,-146.247,40.714,Pitch
0.129,1.194,0.973,286.685,-155.208,16.538,Pitch
0.224,1.091,0.899,161.901,-142.747,-3.378,Pitch
0.329,0.903,0.454,66.045,-90.834,-0.630,Pitch
0.238,0.753,0.416,-44.634,-11.139,33.022,Pitch
0.212,0.927,0.932,-173.574,51.144,40.950,Pitch
0.310,1.349,1.484,-285.259,91.280,45.132,Pitch
0.284,1.508,1.291,-286.685,169.636,20.737,Pitch
-0.104,0.574,0.044,-286.685,285.285,-26.766,Pitch
-0.389,-1.135,-0.596,-286.685,250.731,-65.975,Pitch
-0.131,-1.282,0.107,-235.812,57.531,-4.340,Pitch
-0.365,-0.942,0.914,11.279,23.853,-6.379,Pitch
-0.455,-0.818,1.006,42.525,-45.194,-35.656,Pitch
-0.172,-0.827,0.638,98.394,-108.666,-43.234,Pitch
0.081,-1.085,0.441,270.462,-134.479,-10.684,Pitch
-0.146,-0.237,0.522,286.685,-51.783,30.083,Pitch
0.024,1.019,1.186,286.685,-39.357,55.571,Pitch
0.004,0.635,0.698,286.685,-6.081,27.615,Pitch
-0.036,0.838,0.527,286.685,-5.548,38.229,Pitch
-0.066,0.975,0.458,197.452,-31.097,20.265,Pitch
0.016,0.964,0.623,-13.904,-32.568,-5.793,Pitch
0.029,0.963,0.952,-285.206,-27.186,-7.070,Pitch
-0.064,1.431,0.950,-286.685,-48.737,-14.595,Pitch
-0.005,1.147,0.592,-286.685,-28.718,-59.325,Pitch
0.032,-0.291,-0.195,-286.685,113.584,-98.831,Pitch
0.094,-1.599,-0.058,-286.685,83.878,-50.890,Pitch
-0.130,-1.290,0.547,-218.680,15.881,-22.015,Pitch
0.033,-1.323,0.560,-46.830,-41.632,-28.595,Pitch
-0.019,-1.193,0.766,74.217,-12.329,-11.725,Pitch
0.101,-1.160,0.670,279.335,-42.455,37.257,Pitch
0.047,-0.926,0.728,286.685,-2.861,88.384,Pitch
-0.322,-0.333,0.411,286.685,68.976,76.423,Pitch
-0.060,0.704,0.669,286.685,69.808,78.505,Pitch
-0.083,0.841,0.807,286.685,48.912,91.997,Pitch
-0.176,1.050,0.531,286.685,-18.926,84.516,Pitch
-0.064,1.355,0.656,189.945,-55.134,37.257,Pitch
0.192,1.130,0.955,-67.314,-18.690,2.503,Pitch
-0.050,1.021,0.917,-275.144,-4.497,13.597,Pitch
-0.080,1.255,0.771,-286.685,-82.101,-10.001,Pitch
0.104,1.103,0.810,-286.685,-52.868,-21.691,Pitch
-0.117,0.821,0.015,-286.685,118.790,-50.312,Pitch
-0.303,-1.105,-1.095,-286.685,121.319,-64.488,Pitch
0.032,-1.358,0.164,-208.232,-24.692,-63.271,Pitch
0.121,-1.337,0.859,90.256,-38.019,-13.632,Pitch
-0.129,-1.181,0.958,197.111,-13.125,18.690,Pitch
0.045,-1.047,0.967,284.550,-7.254,27.414,Pitch
0.042,-0.814,0.746,286.685,55.326,80.378,Pitch
-0.192,0.027,0.624,286.685,69.160,83.457,Pitch
-0.090,0.675,0.839,286.685,54.932,102.165,Pitch
-0.210,0.609,0.615,286.685,25.253,109.506,Pitch
-0.101,1.022,0.412,286.396,-52.115,88.567,Pitch
0.088,1.129,0.427,76.580,-75.994,51.249,Pitch
0.153,1.084,0.600,-137.428,-14.595,10.509,Pitch
0.098,1.284,0.871,-283.640,-4.235,5.565,Pitch
0.115,1.684,1.078,-286.685,-74.856,-6.930,Pitch
0.118,0.991,0.865,-286.685,18.165,-99.277,Pitch
-0.213,0.409,0.007,-286.685,110.329,-97.589,Pitch
0.125,-1.200,-0.580,-286.685,37.765,-26.626,Pitch
-0.155,-1.051,0.573,-128.896,-2.651,2.572,Pitch
-0.215,-1.355,0.784,-0.009,-17.378,-10.316,Pitch
-0.008,-1.347,0.517,44.074,-29.864,-21.184,Pitch
0.042,-1.121,0.563,260.487,1.242,15.295,Pitch
-0.121,-0.772,0.596,286.685,48.930,57.461,Pitch
-0.033,0.246,0.780,286.685,96.793,58.415,Pitch
-0.102,0.430,0.782,286.685,48.799,94.220,Pitch
-0.174,0.941,0.960,286.685,36.785,106.820,Pitch
-0.187,1.386,0.939,283.649,-35.236,101.622,Pitch
-0.010,1.338,0.269,1.811,-52.080,30.424,Pitch
0.072,0.887,0.276,-80.229,-34.816,4.576,Pitch
0.010,0.970,0.804,-273.997,-9.371,-5.688,Pitch
-0.092,1.517,1.114,-286.685,-30.546,-40.460,Pitch
-0.064,1.279,0.947,-286.685,44.135,-139.773,Pitch
-0.145,0.015,0.103,-286.685,112.796,-181.702,Pitch
0.033,-1.001,-0.392,-286.685,84.700,-125.073,Pitch
0.309,-1.581,-0.225,-93.406,-21.665,-71.470,Pitch
0.117,-1.281,0.957,134.803,-8.645,15.085,Pitch
-0.081,-1.230,1.100,120.496,11.016,25.532,Pitch
0.028,-1.172,0.840,231.018,-1.312,69.851,Pitch
-0.142,-0.765,0.610,286.685,17.701,149.188,Pitch
-0.345,0.174,0.665,286.685,60.007,168.779,Pitch
-0.067,0.591,0.901,286.685,64.120,160.816,Pitch
-0.181,0.752,0.514,286.685,4.086,193.139,Pitch
-0.126,0.968,0.434,286.685,-74.769,148.654,Pitch
-0.079,1.098,0.381,133.744,-119.149,77.595,Pitch
0.074,1.000,0.446,-24.833,-106.120,24.806,Pitch
0.119,0.909,0.814,-273.700,-57.636,6.125,Pitch
0.104,1.362,0.905,-286.685,-54.495,-23.835,Pitch
0.150,1.330,1.022,-286.685,-23.301,-57.715,Pitch
-0.095,0.472,0.603,-286.685,146.536,-75.539,Pitch
-0.170,-0.745,-0.083,-286.685,148.068,-118.606,Pitch
0.047,-1.329,-0.301,-282.030,18.095,-74.926,Pitch
0.163,-1.495,0.291,-46.926,-12.189,16.914,Pitch
-0.174,-1.305,0.775,98.114,4.646,32.786,Pitch
-0.109,-1.109,0.924,192.404,-12.399,16.835,Pitch
-0.087,-0.904,0.789,286.685,5.416,67.349,Pitch
-0.115,-0.546,0.677,286.685,18.970,84.175,Pitch
-0.074,0.132,0.754,286.685,30.774,108.535,Pitch
-0.031,0.502,0.601,286.685,12.145,142.975,Pitch
-0.104,1.044,0.615,286.685,-38.482,150.019,Pitch
-0.089,1.122,0.546,286.685,-85.348,136.167,Pitch
0.018,1.037,0.364,100.756,-105.674,49.438,Pitch
0.159,0.830,0.832,-109.786,-72.616,1.768,Pitch
0.080,1.012,0.942,-286.685,-53.970,-15.050,Pitch
0.264,1.610,0.829,-286.685,-41.134,-19.670,Pitch
0.170,1.300,0.835,-286.685,78.085,-15.050,Pitch
-0.056,-0.259,-0.242,-286.685,208.154,-82.136,Pitch
-0.039,-1.263,-0.002,-286.685,141.234,-52.325,Pitch
-0.182,-1.213,0.166,-201.591,57.995,-25.550,Pitch
-0.079,-1.253,0.634,78.698,-37.327,13.300,Pitch
-0.271,-1.325,0.858,151.401,-25.664,21.061,Pitch
-0.122,-0.873,0.854,286.606,-30.765,51.581,Pitch
-0.179,-0.686,0.726,286.685,-25.384,66.299,Pitch
-0.141,-0.106,0.753,286.685,-5.670,85.575,Pitch
-0.021,0.663,0.602,286.685,-31.938,105.289,Pitch
-0.082,0.624,0.696,286.685,-65.205,83.405,Pitch
0.052,0.863,0.737,286.685,-79.853,86.223,Pitch
0.185,1.087,0.424,127.286,-94.211,69.965,Pitch
0.274,1.034,0.125,21.910,-22.487,29.225,Pitch
0.260,1.055,0.292,-39.209,29.785,15.172,Pitch
0.093,1.497,1.063,-279.440,27.764,-22.881,Pitch
0.242,1.690,0.930,-286.685,-5.766,-66.658,Pitch
0.099,0.888,0.644,-286.685,130.296,-93.564,Pitch
-0.109,0.248,-0.190,-286.685,223.641,-143.491,Pitch
-0.148,-1.266,-0.712,-286.685,131.189,-115.491,Pitch
0.151,-1.281,0.148,-146.501,-21.096,-28.718,Pitch
-0.208,-1.346,0.780,45.316,-61.618,-15.523,Pitch
-0.198,-1.526,0.855,210.595,-46.296,11.454,Pitch
-0.003,-1.182,1.008,286.685,-23.844,68.110,Pitch
-0.324,-0.458,0.708,286.685,0.814,97.527,Pitch
-0.007,0.123,0.719,286.685,-5.171,56.761,Pitch
-0.033,0.509,0.558,286.685,8.417,82.836,Pitch
0.032,0.828,0.421,286.685,11.060,92.312,Pitch
-0.095,1.101,0.405,281.767,-27.501,127.243,Pitch
0.016,1.227,0.513,47.373,-54.897,77.586,Pitch
0.167,1.259,0.870,-171.106,-28.507,16.975,Pitch
0.155,1.506,0.925,-286.685,-47.801,-42.621,Pitch
0.239,1.495,0.831,-286.685,10.150,-74.410,Pitch
0.013,0.442,0.111,-286.685,156.756,-112.910,Pitch
-0.002,-0.820,-0.244,-286.685,139.283,-93.503,Pitch
-0.201,-1.372,-0.375,-281.610,30.590,-13.729,Pitch
-0.175,-1.115,0.708,11.270,-50.085,-8.234,Pitch
-0.083,-1.397,0.611,51.476,-19.819,-21.166,Pitch
-0.067,-1.302,0.658,160.615,-14.429,5.128,Pitch
0.023,-0.898,0.789,286.685,6.160,46.970,Pitch
-0.210,-0.515,0.594,286.685,17.929,87.062,Pitch
-0.040,0.573,0.526,286.685,44.021,81.515,Pitch
0.083,0.876,0.784,286.685,29.269,103.652,Pitch
-0.126,1.045,0.605,286.685,-52.412,125.746,Pitch
-0.023,1.401,0.755,262.596,-80.518,66.299,Pitch
0.174,1.108,0.631,-71.662,-41.046,7.858,Pitch
0.058,1.091,0.872,-268.144,-10.150,-5.758,Pitch
0.014,1.545,0.909,-286.685,-35.875,-35.630,Pitch
0.043,1.158,0.722,-286.685,22.260,-95.637,Pitch
-0.064,0.640,0.041,-286.685,165.988,-98.831,Pitch
-0.099,-1.062,-0.649,-286.685,164.850,-61.303,Pitch
0.009,-1.170,-0.023,-165.226,42.280,-10.833,Pitch
-0.152,-1.067,0.958,128.896,-31.754,-15.549,Pitch
-0.195,-1.314,0.808,160.291,-35.219,-10.972,Pitch
0.071,-1.180,0.825,281.330,-13.991,40.171,Pitch
-0.187,-0.519,0.575,286.685,32.489,113.488,Pitch
-0.074,0.345,0.990,286.685,34.851,116.673,Pitch
-0.195,0.453,0.895,286.685,-3.203,132.606,Pitch
-0.119,0.787,0.385,286.685,-15.496,127.391,Pitch
-0.098,1.248,0.305,286.685,-42.875,120.173,Pitch
-0.029,1.499,0.631,118.090,-92.838,61.854,Pitch
0.068,1.368,1.128,-148.146,-84.411,0.577,Pitch
0.085,1.687,1.233,-286.685,-52.535,-56.656,Pitch
0.065,1.997,1.101,-286.685,-51.643,-62.729,Pitch
0.277,1.058,-1.059,-286.685,65.984,-91.980,Pitch
-0.247,-0.563,-1.997,-286.685,137.655,-7.219,Pitch
-0.182,-1.393,-0.211,-270.305,57.312,-15.488,Pitch
-0.314,-1.336,1.058,-11.235,-83.711,-75.136,Pitch
-0.088,-1.337,0.757,61.679,-32.384,-67.200,Pitch
0.124,-1.275,0.579,157.001,23.756,-46.034,Pitch
0.282,-1.032,0.870,286.685,96.967,-1.278,Pitch
0.047,-0.494,0.787,286.685,163.678,62.011,Pitch
-0.133,0.157,0.903,286.685,133.989,101.780,Pitch
-0.103,0.696,0.672,286.685,82.110,131.425,Pitch
-0.166,0.739,0.429,286.685,29.767,159.880,Pitch
-0.158,1.023,0.145,286.685,-6.003,156.223,Pitch
0.024,1.242,0.392,202.527,-53.690,107.039,Pitch
-0.019,1.196,0.586,32.961,-77.122,87.894,Pitch
-0.050,1.217,1.010,-281.960,-67.856,27.886,Pitch
-0.007,1.397,1.021,-286.685,-33.197,-6.125,Pitch
-0.152,1.365,1.251,-286.685,27.414,-76.064,Pitch
-0.120,0.680,-0.061,-286.685,108.465,-121.809,Pitch
0.190,-1.251,-1.068,-286.685,28.481,-92.829,Pitch
0.002,-1.108,0.499,4.629,-0.989,-15.286,Pitch
-0.200,-1.252,1.139,74.349,7.210,-12.959,Pitch
-0.179,-1.153,0.859,54.154,14.271,-31.736,Pitch
0.227,-1.089,0.774,227.307,8.584,-15.050,Pitch
0.037,-0.691,0.771,286.685,55.807,48.711,Pitch
0.033,-0.235,0.831,286.685,106.173,52.684,Pitch
-0.180,0.233,0.684,286.685,102.839,64.732,Pitch
-0.379,0.866,0.911,286.685,7.586,79.730,Pitch
-0.259,1.009,0.646,286.685,-104.125,64.207,Pitch
0.020,1.078,0.467,264.136,-103.302,28.298,Pitch
0.166,0.842,0.446,102.795,-12.145,13.108,Pitch
0.084,0.974,0.869,-102.524,62.239,11.935,Pitch
-0.196,1.543,1.153,-286.685,24.675,9.914,Pitch
-0.218,1.588,0.952,-286.685,7.490,-22.881,Pitch
-0.158,0.904,0.466,-286.685,16.257,-89.040,Pitch
0.106,-0.103,-0.501,-286.685,-6.090,-74.209,Pitch
-0.059,-1.505,-0.841,-284.043,14.884,-57.855,Pitch
-0.055,-1.342,0.490,-45.693,-10.281,-34.545,Pitch
-0.075,-1.137,1.039,64.286,-37.835,-43.846,Pitch
0.099,-1.162,0.805,140.945,-7.411,-17.736,Pitch
0.152,-0.991,0.850,286.309,26.635,58.896,Pitch
-0.107,-0.583,0.747,286.685,66.876,92.085,Pitch
-0.069,-0.067,0.635,286.685,60.620,81.279,Pitch
-0.142,0.514,0.561,286.685,32.042,133.210,Pitch
-0.166,0.743,0.343,286.685,18.847,131.171,Pitch
-0.134,1.330,0.386,286.685,-36.943,143.395,Pitch
0.085,1.400,0.275,224.901,-101.159,66.255,Pitch
0.115,0.856,0.518,55.178,-71.505,24.237,Pitch
0.137,0.869,0.833,-33.504,-22.452,21.788,Pitch
-0.054,1.416,1.261,-284.804,43.820,13.685,Pitch
-0.070,1.714,1.091,-286.685,54.530,-62.178,Pitch
-0.211,1.176,0.777,-286.685,46.025,-135.835,Pitch
0.123,0.224,-0.146,-286.685,37.756,-139.606,Pitch
0.103,-1.122,-0.860,-286.685,77.753,-49.009,Pitch
-0.129,-0.935,0.076,57.811,0.420,31.666,Pitch
-0.220,-1.181,0.978,148.890,-44.389,-15.802,Pitch
0.042,-1.266,1.103,206.404,-42.411,-11.261,Pitch
-0.056,-0.668,0.964,286.685,-1.925,59.920,Pitch
-0.120,-0.387,0.787,286.685,19.093,46.533,Pitch
-0.008,-0.227,0.611,286.685,82.871,67.664,Pitch
-0.201,0.627,0.830,286.685,70.805,105.035,Pitch
-0.194,0.951,0.346,286.685,-5.407,119.306,Pitch
0.121,1.384,0.150,286.685,-82.408,89.075,Pitch
0.182,1.223,0.310,217.945,-94.316,57.943,Pitch
0.084,0.823,0.416,73.272,-67.471,48.860,Pitch
0.024,1.125,0.573,-87.255,5.224,12.504,Pitch
0.015,1.730,1.151,-286.685,9.441,-51.678,Pitch
-0.043,1.874,1.017,-286.685,49.140,-106.339,Pitch
-0.181,1.018,0.615,-286.685,64.277,-178.482,Pitch
0.281,-0.280,-0.867,-286.685,33.154,-138.189,Pitch
0.038,-1.372,-0.731,-258.615,57.925,-11.839,Pitch
-0.245,-1.151,0.504,65.389,16.179,8.925,Pitch
-0.074,-1.331,1.100,207.874,-85.592,-16.949,Pitch
0.026,-1.122,0.899,286.685,-24.176,33.320,Pitch
0.017,-0.293,0.812,286.685,10.307,86.651,Pitch
-0.036,0.228,0.481,286.685,41.169,86.004,Pitch
-0.130,0.701,0.593,286.685,35.114,99.881,Pitch
-0.255,1.093,0.588,286.685,-7.271,79.546,Pitch
-0.079,1.386,0.697,214.174,-54.285,9.660,Pitch
0.155,1.084,0.533,28.350,-51.958,-0.096,Pitch
0.053,0.969,0.765,-160.003,10.141,4.769,Pitch
-0.132,1.545,1.090,-286.685,16.039,-28.997,Pitch
-0.244,1.778,1.150,-286.685,27.737,-127.838,Pitch
-0.108,1.073,0.611,-286.685,74.410,-188.466,Pitch
0.128,-0.811,-0.652,-286.685,73.806,-159.469,Pitch
-0.080,-0.931,-0.338,-219.161,-29.452,-24.001,Pitch
-0.065,-1.119,0.816,89.845,-95.988,-28.753,Pitch
-0.053,-1.418,0.890,122.552,-89.967,-22.645,Pitch
0.092,-1.142,0.681,278.215,-20.361,38.176,Pitch
-0.029,-0.448,0.616,286.685,24.981,98.997,Pitch
-0.090,0.273,0.371,286.685,29.417,64.899,Pitch
-0.038,0.253,0.455,286.685,23.993,95.524,Pitch
-0.289,1.360,0.952,286.685,3.658,110.889,Pitch
-0.063,1.274,0.472,286.685,-54.329,78.514,Pitch
0.056,1.285,0.295,285.845,-62.947,54.276,Pitch
0.099,1.033,0.301,127.181,-26.827,28.114,Pitch
-0.038,1.066,0.763,-47.425,-3.045,16.257,Pitch
-0.057,1.675,1.002,-286.685,-21.017,-23.677,Pitch
0.032,1.745,0.757,-286.685,-21.394,-45.062,Pitch
-0.356,1.568,1.109,-286.685,31.378,-93.065,Pitch
0.318,0.223,-0.353,-286.685,7.035,-123.244,Pitch
0.237,-1.111,-1.151,-286.685,93.415,-44.546,Pitch
0.204,-0.850,0.000,-118.073,86.161,17.868,Pitch
-0.278,-0.785,1.259,73.570,-36.803,14.105,Pitch
0.026,-1.166,0.972,107.012,-76.186,-10.386,Pitch
0.168,-1.025,0.706,286.685,-0.157,47.329,Pitch
-0.054,-0.312,0.823,286.685,28.026,85.872,Pitch
-0.200,0.639,1.095,286.685,35.945,114.109,Pitch
-0.185,0.657,0.561,286.685,23.083,70.298,Pitch
-0.002,0.789,0.639,286.685,29.006,97.694,Pitch
-0.064,1.126,0.405,286.598,-44.161,100.012,Pitch
0.114,1.112,0.124,96.521,-81.497,41.764,Pitch
0.041,0.937,0.537,-23.030,-73.027,31.360,Pitch
0.143,0.905,0.677,-183.146,-46.926,7.779,Pitch
0.040,1.430,1.089,-286.685,16.503,-24.421,Pitch
0.041,1.683,1.110,-286.685,51.765,-105.009,Pitch
-0.117,0.433,0.375,-286.685,74.156,-163.065,Pitch
0.170,-0.471,-0.178,-286.685,3.342,-133.735,Pitch
0.321,-1.231,-0.320,-274.610,-57.522,-18.331,Pitch
-0.134,-1.281,0.502,50.138,-60.961,55.764,Pitch
-0.131,-1.288,0.845,245.429,-48.589,24.080,Pitch
0.041,-0.839,1.045,286.685,-4.349,29.032,Pitch
0.029,-0.350,1.167,286.685,47.022,52.666,Pitch
-0.136,0.071,0.282,286.685,71.890,49.787,Pitch
0.003,0.753,0.714,286.685,74.174,79.669,Pitch
-0.162,0.828,0.434,286.685,31.386,78.041,Pitch
-0.024,1.083,0.290,284.874,-54.189,57.382,Pitch
0.035,1.130,0.492,70.446,-61.906,7.061,Pitch
0.079,1.015,0.603,-96.556,-15.129,-26.058,Pitch
0.050,1.287,0.995,-286.685,27.169,-39.909,Pitch
-0.187,1.579,1.071,-286.685,90.921,-94.526,Pitch
-0.067,0.854,0.388,-286.685,92.540,-201.521,Pitch
-0.168,0.124,-0.256,-286.685,33.845,-178.176,Pitch
0.105,-1.294,-0.140,-286.685,-58.888,-123.629,Pitch
-0.179,-1.325,0.492,-119.997,-47.967,-31.439,Pitch
0.193,-1.188,0.637,31.657,-50.916,-39.961,Pitch
0.362,-1.221,0.726,190.803,-39.681,54.451,Pitch
0.126,-1.064,0.928,286.685,-17.281,139.064,Pitch
-0.334,-0.309,0.971,286.685,68.933,158.812,Pitch
-0.181,0.140,0.946,286.685,60.025,106.024,Pitch
-0.224,0.113,0.379,286.685,36.068,145.792,Pitch
-0.054,0.852,0.282,286.685,11.392,145.784,Pitch
0.033,1.096,0.201,286.685,-67.200,127.085,Pitch
0.003,1.174,0.481,95.681,-74.384,43.208,Pitch
0.006,1.085,0.751,-119.709,-30.651,-17.657,Pitch
-0.074,1.122,0.888,-285.793,-26.889,-51.284,Pitch
-0.090,1.361,0.867,-286.685,-19.574,-98.997,Pitch
-0.016,0.742,0.876,-286.685,47.101,-209.204,Pitch
0.111,-0.045,0.133,-286.685,40.495,-197.811,Pitch
0.266,-1.254,-0.705,-286.685,16.275,-116.559,Pitch
0.108,-1.206,0.642,-6.195,-17.657,1.872,Pitch
-0.155,-1.353,1.185,96.180,-40.696,12.399,Pitch
-0.063,-1.288,0.992,199.413,16.782,41.685,Pitch
-0.036,-0.725,0.860,286.685,69.440,70.315,Pitch
-0.046,-0.171,0.971,286.685,69.632,111.081,Pitch
-0.217,0.069,0.439,286.685,63.341,118.387,Pitch
-0.193,0.541,0.777,286.685,42.228,150.649,Pitch
-0.260,0.838,0.494,286.685,-37.643,155.636,Pitch
-0.071,0.955,0.318,279.676,-80.421,96.232,Pitch
0.055,0.966,0.386,105.936,-71.732,52.570,Pitch
0.029,0.890,0.423,-14.691,-60.576,32.182,Pitch
-0.061,1.094,0.970,-272.799,-52.054,-14.884,Pitch
-0.035,1.519,1.064,-286.685,-47.495,-68.985,Pitch
-0.024,1.324,0.993,-286.685,-9.091,-120.785,Pitch
0.078,0.243,0.416,-286.685,16.896,-104.300,Pitch
0.089,-0.776,-0.535,-286.685,50.400,-41.116,Pitch
0.049,-1.126,0.116,-89.582,53.795,4.620,Pitch
-0.116,-1.293,0.666,93.555,-14.639,26.679,Pitch
-0.113,-1.374,1.019,239.181,-14.061,25.130,Pitch
-0.002,-0.757,0.850,286.685,55.002,54.416,Pitch
0.003,-0.161,0.831,286.685,38.920,73.981,Pitch
0.002,0.065,0.417,286.685,21.228,88.812,Pitch
-0.203,0.762,0.505,286.685,-22.470,154.788,Pitch
-0.175,1.066,0.619,286.685,-70.254,89.022,Pitch
0.037,1.279,0.635,196.018,-92.067,14.026,Pitch
0.187,0.997,0.570,-19.714,-68.075,-20.772,Pitch
0.206,0.837,0.617,-277.979,-15.837,-32.226,Pitch
0.127,1.019,0.505,-286.685,33.399,-29.698,Pitch
-0.152,1.070,0.899,-286.685,63.770,-54.303,Pitch
-0.235,0.513,0.881,-286.685,68.075,-120.496,Pitch
-0.116,-0.532,0.641,-286.685,45.080,-125.064,Pitch
0.102,-0.855,0.343,-285.014,-38.885,-65.056,Pitch
0.251,-1.365,0.354,56.219,-40.705,55.449,Pitch
-0.133,-1.137,0.772,240.205,-36.435,80.500,Pitch
-0.137,-0.831,1.235,286.685,1.190,78.488,Pitch
-0.163,-0.149,0.914,286.685,11.769,102.821,Pitch
-0.184,0.192,0.820,286.685,9.135,89.740,Pitch
-0.073,0.335,0.843,286.685,-22.199,94.938,Pitch
-0.071,0.725,0.430,286.685,-52.824,85.715,Pitch
-0.115,1.069,0.589,284.742,-54.329,49.901,Pitch
0.068,1.055,0.495,115.360,-60.384,2.599,Pitch
0.113,0.681,0.300,-85.426,-59.176,-9.030,Pitch
0.109,0.807,0.653,-178.973,-60.603,3.964,Pitch
0.058,1.224,1.086,-286.685,-57.059,22.978,Pitch
0.058,1.558,1.315,-286.685,-25.987,39.252,Pitch
-0.031,1.007,1.135,-286.685,65.021,4.270,Pitch
-0.134,-0.126,-0.538,-286.685,124.635,-38.780,Pitch
0.326,-1.320,-0.420,-285.136,23.319,-19.329,Pitch
-0.076,-1.258,0.146,-54.416,39.349,50.811,Pitch
-0.219,-1.402,0.809,98.158,39.778,57.190,Pitch
-0.131,-1.341,0.599,248.684,16.608,22.733,Pitch
-0.237,-0.629,0.719,286.685,4.856,50.199,Pitch
-0.125,0.063,0.710,286.685,3.106,34.974,Pitch
0.181,0.470,0.976,286.685,10.483,48.851,Pitch
-0.116,0.662,0.623,286.685,-5.950,95.550,Pitch
-0.113,0.763,0.357,286.685,-45.290,89.845,Pitch
-0.099,1.077,0.406,286.589,-62.702,76.134,Pitch
0.049,1.139,0.677,41.904,-89.688,20.449,Pitch
0.111,0.974,0.974,-270.848,-62.685,-18.515,Pitch
-0.004,1.262,1.275,-286.685,-45.106,-27.913,Pitch
0.081,1.364,1.011,-286.685,5.066,-50.741,Pitch
0.122,0.397,0.079,-286.685,87.456,-60.611,Pitch
0.107,-0.899,-0.105,-286.685,80.089,-21.612,Pitch
-0.131,-1.195,0.011,-271.346,0.184,26.670,Pitch
-0.158,-1.228,0.754,-42.018,-52.675,10.605,Pitch
-0.176,-1.338,0.742,53.769,-25.147,-12.145,Pitch
-0.015,-1.224,0.815,271.644,18.454,-1.207,Pitch
0.032,-0.854,0.843,286.685,57.540,30.520,Pitch
-0.271,-0.252,0.729,286.685,64.986,52.246,Pitch
-0.126,0.559,0.812,286.685,2.940,57.312,Pitch
-0.080,0.643,0.748,286.685,33.714,42.963,Pitch
0.033,0.726,0.390,286.685,29.680,55.790,Pitch
-0.127,1.008,0.334,251.309,-40.906,80.001,Pitch
0.036,1.172,0.847,-15.102,-66.185,15.663,Pitch
0.027,1.103,1.038,-269.780,-59.649,-10.071,Pitch
-0.026,1.537,0.940,-286.685,-58.301,-38.246,Pitch
-0.019,1.127,0.666,-286.685,14.376,-98.656,Pitch
0.249,-0.114,0.057,-286.685,85.908,-132.615,Pitch
0.229,-1.235,-0.383,-286.685,54.145,-66.412,Pitch
-0.077,-1.164,0.321,-111.878,-4.690,41.589,Pitch
-0.173,-1.201,0.742,56.175,-13.248,29.566,Pitch
-0.206,-1.313,0.637,94.859,21.140,7.866,Pitch
0.075,-1.243,0.804,226.249,21.263,21.052,Pitch
-0.079,-0.677,0.819,286.685,44.257,120.207,Pitch
-0.393,-0.080,0.584,286.685,3.255,118.624,Pitch
-0.151,0.334,0.776,286.685,-22.899,101.404,Pitch
-0.053,0.692,0.897,286.685,-25.340,117.031,Pitch
-0.137,0.885,0.504,286.685,-61.005,113.916,Pitch
0.014,1.166,0.540,265.807,-85.365,64.522,Pitch
0.104,1.085,0.562,98.543,-80.526,26.740,Pitch
0.093,0.927,0.760,-136.631,-36.339,-6.694,Pitch
-0.016,1.298,1.124,-286.685,18.165,-39.961,Pitch
-0.206,1.668,0.722,-286.685,62.554,-121.021,Pitch
0.150,0.777,0.618,-286.685,133.455,-200.060,Pitch
-0.092,-1.079,-0.879,-286.685,154.306,-153.178,Pitch
0.100,-1.373,-0.377,-246.033,28.201,-61.784,Pitch
-0.028,-1.151,0.843,107.231,-61.792,27.405,Pitch
-0.275,-1.330,0.820,131.766,-73.806,27.930,Pitch
0.035,-1.179,0.890,277.121,-24.649,75.381,Pitch
-0.218,-0.587,0.826,286.685,17.325,123.935,Pitch
-0.275,0.093,0.937,286.685,-10.736,103.198,Pitch
-0.120,0.043,0.366,286.685,-29.706,85.584,Pitch
-0.001,0.764,0.714,286.685,-43.890,129.062,Pitch
-0.009,0.984,0.477,286.685,-36.829,123.856,Pitch
0.040,1.065,0.457,274.811,-89.521,120.216,Pitch
0.014,1.140,0.561,108.246,-85.277,77.507,Pitch
0.032,1.228,1.121,-189.333,-53.314,0.586,Pitch
0.046,1.388,0.942,-286.685,-8.706,-56.814,Pitch
-0.140,1.474,0.760,-286.685,15.890,-112.105,Pitch
0.102,0.254,0.434,-286.685,118.317,-210.385,Pitch
0.115,-0.861,-0.050,-286.685,103.442,-125.527,Pitch
0.198,-0.918,-0.001,-276.185,-22.759,-15.015,Pitch
0.043,-1.106,0.583,14.341,-69.668,39.489,Pitch
-0.249,-1.280,0.834,59.990,-66.859,29.225,Pitch
-0.038,-1.276,1.007,176.715,-47.565,12.198,Pitch
-0.099,-1.003,0.786,286.685,20.921,55.169,Pitch
-0.153,-0.635,0.673,286.685,68.836,32.445,Pitch
-0.027,0.377,0.784,286.685,52.080,69.948,Pitch
-0.212,0.934,0.806,286.685,33.215,47.915,Pitch
0.012,1.042,0.439,286.685,-56.980,24.281,Pitch
0.099,1.051,0.567,286.571,-80.841,35.884,Pitch
0.097,0.899,0.553,140.866,-38.938,48.239,Pitch
0.018,0.925,0.496,-5.399,8.234,36.969,Pitch
-0.096,1.399,1.292,-270.891,30.205,12.364,Pitch
-0.171,1.772,1.172,-286.685,-32.926,-4.471,Pitch
-0.130,1.288,0.269,-286.685,-20.913,-48.265,Pitch
-0.069,0.113,-0.641,-286.685,36.916,-69.457,Pitch
0.164,-0.991,-0.507,-286.003,55.895,-38.588,Pitch
0.097,-1.161,0.343,-99.592,33.285,6.247,Pitch
-0.076,-1.356,1.258,152.154,-70.359,33.005,Pitch
-0.162,-1.085,1.067,286.291,0.219,21.009,Pitch
-0.075,-0.630,0.918,286.685,24.054,14.490,Pitch
0.051,0.007,0.914,286.685,11.480,28.455,Pitch
-0.100,0.246,0.404,286.685,11.296,34.002,Pitch
-0.187,0.961,0.718,286.685,27.064,17.500,Pitch
-0.158,1.147,0.977,286.685,6.142,8.750,Pitch
0.013,1.019,0.582,206.071,-52.911,29.724,Pitch
-0.024,0.961,0.400,37.450,-32.217,27.606,Pitch
-0.018,0.975,0.691,-53.016,-11.042,12.539,Pitch
-0.018,1.281,1.142,-255.290,-8.304,8.627,Pitch
-0.178,1.705,1.231,-286.685,0.910,-15.068,Pitch
-0.286,0.658,0.606,-286.685,75.836,-124.198,Pitch
0.080,0.195,-0.147,-286.685,31.666,-104.309,Pitch
0.160,-0.810,-0.739,-286.685,29.776,-105.997,Pitch
0.236,-1.149,0.662,-0.814,-51.791,20.851,Pitch
-0.224,-1.187,1.205,95.165,-52.412,29.593,Pitch
0.009,-1.063,0.867,188.519,-13.440,16.275,Pitch
0.095,-0.893,0.843,286.256,14.411,35.674,Pitch
-0.149,-0.420,0.629,286.685,45.815,71.636,Pitch
-0.163,0.301,0.453,286.685,33.189,52.579,Pitch
-0.085,0.822,0.844,286.685,-11.620,59.815,Pitch
-0.168,0.987,0.866,286.685,-31.167,56.901,Pitch
-0.007,1.243,0.598,275.424,-68.408,47.022,Pitch
0.179,1.019,0.552,67.681,-49.752,15.689,Pitch
0.194,0.949,0.722,-50.164,-12.215,16.712,Pitch
-0.056,1.218,1.236,-286.116,20.659,26.556,Pitch
-0.099,1.608,0.875,-286.685,16.914,-24.097,Pitch
-0.088,0.308,0.183,-286.685,81.077,-78.750,Pitch
-0.072,-0.257,-0.442,-286.685,86.397,-97.930,Pitch
0.272,-1.303,-0.258,-285.005,41.239,-37.441,Pitch
-0.155,-1.003,0.850,85.111,-64.785,62.335,Pitch
-0.237,-1.183,0.953,219.485,-75.180,34.834,Pitch
-0.185,-1.017,0.813,286.659,-16.774,9.345,Pitch
-0.044,-0.151,0.930,286.685,25.926,22.601,Pitch
0.162,0.271,0.870,286.685,-5.915,7.131,Pitch
-0.000,0.589,0.562,286.685,-13.773,61.154,Pitch
-0.021,1.117,0.757,286.685,-18.218,70.350,Pitch
-0.099,1.294,0.698,286.536,-72.415,70.131,Pitch
0.205,1.216,0.460,97.729,-48.842,-7.630,Pitch
0.230,0.924,0.445,-48.790,23.695,-5.854,Pitch
0.052,1.034,0.947,-235.244,67.865,-13.825,Pitch
-0.123,1.448,0.938,-286.685,82.635,-48.029,Pitch
-0.288,1.278,0.796,-286.685,123.550,-125.598,Pitch
-0.270,0.224,-0.250,-286.685,96.985,-215.932,Pitch
0.278,-0.859,-0.894,-286.685,10.264,-164.666,Pitch
0.230,-1.172,-0.198,-152.985,-10.089,-6.151,Pitch
-0.506,-1.155,1.069,123.060,-91.551,34.720,Pitch
-0.109,-1.093,1.199,266.184,-118.738,-6.904,Pitch
0.057,-0.849,1.207,286.685,-64.435,26.871,Pitch
-0.001,-0.342,0.620,286.685,28.971,55.414,Pitch
-0.054,0.387,0.349,286.685,47.031,95.795,Pitch
-0.204,1.037,1.029,286.685,29.444,106.059,Pitch
-0.149,1.160,0.763,286.685,-12.119,92.181,Pitch
0.016,1.217,0.619,219.179,-89.688,51.853,Pitch
0.123,0.886,0.443,18.751,-74.716,22.837,Pitch
0.005,0.871,0.494,-94.745,-52.194,8.085,Pitch
0.047,1.066,0.886,-248.299,-65.030,-4.576,Pitch
0.094,1.556,1.174,-286.685,-80.728,1.549,Pitch
0.131,1.271,0.726,-286.685,-51.362,30.083,Pitch
0.132,0.419,0.027,-286.685,60.568,27.510,Pitch
0.173,-1.056,-0.972,-286.685,47.189,39.996,Pitch
-0.054,-1.386,0.010,-88.261,29.715,72.257,Pitch
-0.138,-1.424,1.451,196.761,-53.182,35.306,Pitch
-0.188,-1.352,1.140,279.886,-19.784,20.440,Pitch
-0.094,-0.703,0.930,286.685,75.880,-21.140,Pitch
-0.013,-0.025,0.707,286.685,46.708,-14.000,Pitch
-0.085,0.632,0.610,286.685,73.806,-15.234,Pitch
-0.174,0.854,0.566,286.685,76.904,-6.615,Pitch
-0.050,1.325,0.934,286.685,-0.796,20.869,Pitch
0.016,1.165,0.702,145.591,-36.514,14.210,Pitch
0.083,0.987,0.477,-112.954,-27.099,8.960,Pitch
0.025,0.623,0.141,-207.174,-32.944,24.570,Pitch
-0.049,0.893,0.599,-282.389,-51.870,34.072,Pitch
-0.047,1.386,1.219,-286.685,-110.889,36.444,Pitch
-0.059,1.230,1.050,-286.685,-19.014,28.009,Pitch
-0.086,0.343,0.189,-286.685,87.421,6.247,Pitch
-0.078,-1.230,-1.213,-286.685,133.114,-65.039,Pitch
0.236,-1.401,0.412,-25.174,36.094,-29.689,Pitch
-0.019,-1.323,1.223,136.395,18.025,23.853,Pitch
-0.065,-1.186,0.974,108.684,6.589,35.166,Pitch
-0.030,-1.181,0.562,284.139,42.376,37.721,Pitch
-0.286,-0.384,0.488,286.685,74.856,80.552,Pitch
-0.309,0.546,0.686,286.685,49.210,58.109,Pitch
-0.090,0.781,1.329,286.685,24.378,39.769,Pitch
-0.205,0.898,0.885,286.685,-0.858,82.810,Pitch
-0.191,0.768,0.336,269.421,-54.005,84.280,Pitch
-0.112,0.815,0.267,160.886,-73.614,56.193,Pitch
0.058,0.667,0.390,-15.286,-99.243,31.587,Pitch
0.039,0.851,1.031,-285.372,-109.751,36.960,Pitch
-0.058,1.293,0.862,-286.685,-67.217,21.901,Pitch
0.074,0.854,0.531,-286.685,-3.019,-29.059,Pitch
0.217,-0.648,0.318,-286.685,91.324,-63.438,Pitch
0.061,-0.817,0.607,-286.554,50.838,-7.665,Pitch
0.106,-0.992,0.886,-95.489,33.451,46.664,Pitch
-0.178,-1.306,0.730,2.328,40.705,51.039,Pitch
-0.195,-1.109,0.920,94.378,6.134,-4.034,Pitch
-0.022,-0.947,0.811,274.120,-3.526,15.111,Pitch
-0.066,-0.778,0.450,286.685,3.649,43.059,Pitch
-0.120,0.098,0.406,286.685,-1.584,84.446,Pitch
-0.050,0.868,0.723,286.685,-11.812,98.849,Pitch
-0.030,0.941,0.433,286.685,-35.140,110.679,Pitch
-0.005,1.077,0.407,286.685,-53.541,106.995,Pitch
0.129,1.313,0.561,203.044,-73.902,55.256,Pitch
0.139,1.024,0.956,-78.033,-47.889,12.749,Pitch
0.101,1.240,1.044,-286.685,0.245,-3.447,Pitch
0.092,1.546,1.051,-286.685,-2.179,-15.715,Pitch
0.283,1.479,0.904,-286.685,44.940,-37.048,Pitch
-0.026,0.136,-0.555,-286.685,180.066,-37.625,Pitch
0.099,-1.357,-0.869,-285.652,79.625,4.375,Pitch
-0.068,-0.934,0.109,-21.910,28.516,46.357,Pitch
-0.286,-1.166,1.086,214.699,-78.269,34.081,Pitch
-0.067,-0.979,1.117,286.685,-23.424,0.359,Pitch
0.014,-0.603,0.987,286.685,25.305,19.766,Pitch
0.060,-0.146,0.860,286.685,14.070,48.571,Pitch
-0.124,0.299,0.543,286.685,40.040,77.140,Pitch
-0.257,0.791,0.626,286.685,9.284,74.480,Pitch
-0.102,0.964,0.450,286.685,-47.504,72.196,Pitch
-0.092,1.143,0.556,277.918,-100.809,48.020,Pitch
0.175,0.899,0.557,84.507,-83.055,10.955,Pitch
0.134,0.808,0.400,-31.150,-41.326,23.292,Pitch
0.031,1.124,0.895,-144.952,-0.123,1.207,Pitch
-0.055,1.738,1.597,-286.685,-19.250,-45.815,Pitch
-0.074,1.501,0.929,-286.685,-6.615,-138.136,Pitch
0.449,-0.403,-0.817,-286.685,50.951,-116.305,Pitch
0.264,-0.887,-1.056,-286.685,59.281,-41.650,Pitch
0.010,-0.956,0.399,-6.318,-4.244,66.649,Pitch
-0.359,-1.132,1.581,145.609,-49.070,51.572,Pitch
-0.035,-1.067,1.049,121.546,-47.057,-1.173,Pitch
0.127,-1.007,0.613,267.689,-17.535,11.594,Pitch
0.001,-0.210,0.915,286.685,66.369,40.950,Pitch
-0.087,0.069,0.356,286.685,85.610,61.084,Pitch
-0.159,0.975,1.097,286.685,64.076,101.360,Pitch
-0.140,0.854,0.691,286.685,10.701,112.840,Pitch
-0.117,0.947,0.149,257.915,-82.259,117.723,Pitch
0.136,0.850,0.488,67.839,-102.716,78.374,Pitch
0.152,0.858,0.585,-164.579,-54.854,61.583,Pitch
-0.020,1.281,1.294,-286.685,-52.045,27.073,Pitch
0.206,1.681,1.076,-286.685,-42.359,-19.924,Pitch
0.244,0.639,0.451,-286.685,104.177,-27.536,Pitch
0.288,-0.574,-0.199,-286.685,173.792,-14.227,Pitch
0.130,-0.838,-0.183,-277.655,117.600,-3.824,Pitch
-0.173,-1.185,0.580,73.299,-17.290,65.529,Pitch
-0.357,-1.163,1.002,283.237,-45.806,31.378,Pitch
-0.127,-0.682,1.002,286.685,0.577,-5.162,Pitch
0.051,-0.190,1.122,286.685,-3.561,41.676,Pitch
-0.133,0.124,1.061,286.685,-30.030,35.963,Pitch
-0.101,0.606,0.615,286.685,-19.985,25.716,Pitch
0.030,0.914,0.769,286.685,9.161,11.970,Pitch
0.007,0.890,0.472,286.685,-0.096,45.623,Pitch
-0.003,1.158,0.312,235.314,-33.197,50.715,Pitch
0.112,0.991,0.332,43.724,-35.884,7.464,Pitch
0.084,0.894,0.397,-48.178,-17.570,-8.759,Pitch
-0.030,1.180,0.895,-282.783,-30.170,-31.526,Pitch
0.052,1.627,0.813,-286.685,-65.433,-30.362,Pitch
0.038,1.430,0.701,-286.685,58.704,-39.130,Pitch
-0.037,0.183,-0.013,-286.685,80.876,-75.548,Pitch
0.253,-0.544,-0.051,-286.685,8.461,-107.118,Pitch
0.235,-1.391,-0.150,-279.983,-17.552,-0.123,Pitch
-0.063,-1.353,0.640,-74.270,-37.161,31.605,Pitch
-0.107,-1.419,0.887,33.521,-6.615,12.740,Pitch
0.065,-1.120,0.960,153.072,6.659,32.182,Pitch
-0.148,-0.854,0.708,286.685,46.804,58.100,Pitch
-0.084,-0.530,0.753,286.685,68.906,57.076,Pitch
-0.094,0.225,0.867,286.685,92.374,68.967,Pitch
-0.102,0.668,0.763,286.685,84.656,107.249,Pitch
-0.100,0.912,0.470,286.685,20.186,133.324,Pitch
-0.163,0.938,0.076,286.685,-43.111,151.130,Pitch
-0.118,1.069,0.258,218.496,-88.751,82.618,Pitch
-0.002,0.986,0.716,-5.556,-93.310,33.145,Pitch
-0.027,1.105,1.090,-286.685,-78.155,-6.501,Pitch
-0.057,1.338,0.744,-286.685,-81.427,-31.552,Pitch
-0.196,1.239,0.711,-286.685,-40.583,-47.425,Pitch
0.021,-0.036,-0.475,-286.685,-10.351,-33.757,Pitch
0.212,-1.020,-0.469,-286.685,54.005,-12.451,Pitch
0.332,-1.325,0.232,-166.163,55.388,40.451,Pitch
-0.171,-1.241,1.061,70.438,27.405,47.539,Pitch
-0.240,-1.083,1.051,86.494,23.039,-0.516,Pitch
-0.123,-1.035,0.849,163.345,11.506,-20.624,Pitch
0.276,-0.870,1.199,286.685,24.413,-7.280,Pitch
0.104,-0.577,1.006,286.685,62.877,61.670,Pitch
-0.164,0.156,0.911,286.685,78.715,97.536,Pitch
-0.321,0.461,0.631,286.685,63.420,100.354,Pitch
-0.198,0.704,0.133,286.685,-52.194,96.600,Pitch
0.019,0.773,0.178,286.685,-85.549,78.391,Pitch
0.055,0.991,0.502,266.621,-74.034,62.562,Pitch
0.078,1.117,0.608,95.051,-63.875,44.765,Pitch
-0.082,1.294,1.022,-270.340,-44.266,-0.420,Pitch
0.115,1.544,0.941,-286.685,-70.192,-36.496,Pitch
0.019,1.365,0.673,-286.685,0.507,13.177,Pitch
0.091,-0.262,-0.219,-286.685,58.126,19.241,Pitch
0.078,-0.716,0.185,-286.685,65.660,32.760,Pitch
0.089,-1.127,0.522,-262.299,67.673,19.994,Pitch
-0.180,-1.260,0.705,-122.552,46.314,20.510,Pitch
-0.257,-1.087,0.687,34.283,0.070,-17.605,Pitch
0.267,-1.160,1.115,179.664,-26.311,-22.164,Pitch
0.040,-0.782,0.915,286.685,26.574,30.826,Pitch
-0.005,-0.488,0.905,286.685,54.338,49.315,Pitch
-0.070,0.160,1.017,286.685,57.706,62.510,Pitch
-0.382,0.496,0.683,286.685,3.307,90.930,Pitch
-0.180,0.849,0.203,286.685,-72.905,47.749,Pitch
0.024,1.007,0.224,286.685,-116.734,61.950,Pitch
0.100,1.154,0.525,279.694,-73.518,45.159,Pitch
0.043,1.111,0.643,0.350,-51.362,30.013,Pitch
-0.001,1.359,1.250,-286.685,-74.287,-4.016,Pitch
0.307,1.596,0.797,-286.685,-84.577,0.560,Pitch
-0.148,0.976,0.531,-286.685,25.655,46.874,Pitch
-0.048,-0.380,-0.485,-286.685,74.025,24.439,Pitch
0.222,-0.862,-0.449,-286.685,26.757,27.134,Pitch
0.074,-1.052,0.570,-174.038,45.404,42.472,Pitch
-0.196,-1.201,0.927,-52.658,28.805,31.299,Pitch
-0.077,-1.034,0.723,-51.301,47.373,-8.706,Pitch
-0.065,-1.037,0.709,-9.800,26.574,-13.834,Pitch
0.170,-1.099,0.804,211.321,-46.891,41.458,Pitch
-0.307,-0.794,0.730,286.685,26.845,82.810,Pitch
0.003,-0.018,0.996,286.685,69.912,44.958,Pitch
-0.011,0.396,0.992,286.685,33.722,85.549,Pitch
-0.338,0.597,0.530,286.685,18.909,80.876,Pitch
-0.095,0.988,0.173,286.685,-54.346,58.616,Pitch
-0.019,1.080,0.347,286.685,-86.765,63.507,Pitch
0.018,1.092,0.611,202.204,-70.044,58.975,Pitch
-0.103,1.135,1.033,-172.139,-61.679,37.800,Pitch
-0.031,1.389,0.871,-286.685,-92.103,22.312,Pitch
0.101,1.329,0.600,-286.685,-83.370,15.391,Pitch
-0.119,0.350,0.156,-286.685,-5.162,51.599,Pitch
0.218,-0.700,-0.394,-286.685,-14.665,33.714,Pitch
0.204,-1.155,0.144,-266.464,98.096,54.583,Pitch
0.064,-1.056,0.853,-63.245,109.533,42.315,Pitch
-0.255,-1.210,0.832,17.491,69.834,24.036,Pitch
-0.062,-1.155,0.859,164.194,14.359,-6.895,Pitch
-0.086,-0.968,0.958,286.685,13.632,8.409,Pitch
-0.013,-0.269,1.094,286.685,40.206,13.816,Pitch
-0.074,0.062,0.719,286.685,74.270,53.533,Pitch
-0.333,0.514,0.440,286.685,42.096,61.101,Pitch
-0.328,1.138,0.795,286.685,-60.357,48.974,Pitch
-0.164,1.163,0.683,278.189,-81.891,17.622,Pitch
0.090,0.866,0.532,63.849,-55.939,-6.055,Pitch
0.017,1.003,0.549,-218.129,-30.100,10.491,Pitch
-0.132,1.225,0.922,-286.685,-31.045,3.439,Pitch
-0.185,1.277,1.173,-286.685,-70.114,-22.286,Pitch
-0.010,0.509,0.197,-286.685,-79.555,-24.719,Pitch
0.302,-0.926,-0.890,-286.685,-29.339,-7.560,Pitch
0.039,-1.146,-0.396,-279.956,-13.466,-0.551,Pitch
0.042,-1.436,1.017,-2.004,18.375,-2.380,Pitch
-0.082,-1.163,0.724,21.788,24.771,-25.585,Pitch
0.026,-0.996,0.681,89.924,-4.218,-28.114,Pitch
0.351,-1.037,0.794,219.144,-16.100,6.974,Pitch
-0.057,-1.112,0.605,286.685,48.580,32.996,Pitch
0.036,-0.075,1.029,286.685,118.676,19.959,Pitch
0.062,0.285,0.864,286.685,108.981,66.045,Pitch
-0.208,0.561,0.736,286.685,88.952,66.509,Pitch
-0.152,0.800,0.259,286.685,8.102,77.438,Pitch
-0.076,1.117,0.455,281.592,-44.783,72.634,Pitch
0.094,1.322,0.835,90.300,-21.980,24.036,Pitch
-0.086,1.074,0.696,-236.836,-9.608,35.577,Pitch
-0.197,1.409,0.846,-286.685,-34.002,-10.483,Pitch
-0.265,1.207,0.786,-286.685,-18.174,-61.967,Pitch
-0.088,0.514,0.316,-286.685,-29.347,-68.539,Pitch
0.074,-0.562,-0.587,-286.685,-83.729,-78.173,Pitch
0.235,-1.102,-0.184,-251.283,6.834,-16.310,Pitch
-0.113,-1.244,1.102,-20.685,78.488,9.870,Pitch
-0.117,-1.353,0.810,-44.669,46.393,-13.361,Pitch
0.110,-1.123,0.736,22.286,-1.304,-18.804,Pitch
0.155,-1.266,0.652,240.607,-49.805,41.081,Pitch
0.055,-0.812,1.023,286.685,30.870,62.309,Pitch
-0.187,-0.303,0.912,286.685,91.980,73.675,Pitch
-0.182,0.184,0.372,286.685,75.618,34.930,Pitch
-0.119,0.451,0.448,286.685,73.771,41.414,Pitch
-0.194,0.892,0.367,286.685,-14.193,49.263,Pitch
-0.024,1.414,0.573,283.080,-47.241,42.866,Pitch
0.025,0.985,0.476,29.522,-37.861,16.817,Pitch
-0.072,0.919,0.736,-170.398,-16.809,7.543,Pitch
-0.205,1.259,1.268,-286.685,-44.704,-4.900,Pitch
-0.231,1.439,1.054,-286.685,-41.423,-35.245,Pitch
-0.169,0.538,0.215,-286.685,14.254,-54.994,Pitch
0.273,-0.531,-0.611,-286.685,-55.755,-69.344,Pitch
0.459,-1.114,-0.600,-286.388,-44.572,-25.340,Pitch
-0.038,-1.443,0.638,45.281,49.656,16.004,Pitch
-0.291,-1.195,1.099,107.835,-7.884,0.683,Pitch
0.233,-1.097,0.917,205.336,-18.760,-5.976,Pitch
0.077,-0.810,0.888,286.685,23.380,47.338,Pitch
0.084,-0.262,1.102,286.685,69.668,85.111,Pitch
-0.153,0.197,0.686,286.685,88.996,85.479,Pitch
-0.332,0.693,0.754,286.685,39.734,97.886,Pitch
-0.344,0.947,0.659,286.685,-35.438,83.860,Pitch
-0.011,1.052,0.487,280.892,-105.298,59.290,Pitch
0.063,0.724,0.267,109.270,-82.399,35.998,Pitch
0.062,0.676,0.451,-2.739,-90.519,49.700,Pitch
0.083,1.040,1.026,-137.935,-65.791,53.025,Pitch
-0.003,1.811,1.849,-286.685,-62.414,32.786,Pitch
0.174,1.471,0.849,-286.685,-3.229,-24.229,Pitch
0.136,0.706,0.536,-286.685,121.529,-32.786,Pitch
0.007,-1.010,-1.377,-286.685,135.949,-19.574,Pitch
0.017,-0.995,0.290,12.915,27.571,32.410,Pitch
-0.128,-1.419,1.306,32.559,9.651,8.925,Pitch
-0.139,-1.000,0.667,42.849,-21.770,-10.483,Pitch
0.126,-0.963,0.488,204.794,-24.176,2.774,Pitch
0.003,-0.668,0.629,286.685,25.716,25.638,Pitch
-0.053,-0.027,0.849,286.685,69.125,41.099,Pitch
-0.058,0.352,0.953,286.685,55.834,83.589,Pitch
-0.187,0.663,0.874,286.685,87.902,60.034,Pitch
-0.204,0.856,0.490,286.685,54.294,49.140,Pitch
-0.105,1.087,0.404,165.708,-59.491,21.534,Pitch
0.034,0.991,0.598,3.920,-75.784,-7.770,Pitch
0.057,1.306,1.225,-276.491,-32.812,3.561,Pitch
-0.228,1.841,1.237,-286.685,-53.821,-15.330,Pitch
0.038,0.758,-0.236,-286.685,18.646,-68.600,Pitch
-0.220,-0.143,-1.258,-286.685,72.012,-87.220,Pitch
0.057,-1.621,-0.461,-281.811,-21.385,-72.380,Pitch
-0.043,-1.644,1.015,-41.107,-36.487,-15.251,Pitch
-0.068,-1.172,0.550,-7.009,-27.519,-30.949,Pitch
0.071,-1.035,0.620,73.938,-14.166,-7.149,Pitch
0.284,-1.266,0.737,250.819,21.892,45.640,Pitch
-0.069,-0.974,0.801,286.685,110.688,104.729,Pitch
-0.413,0.353,0.747,286.685,63.035,98.744,Pitch
-0.309,0.720,0.838,286.685,18.673,30.782,Pitch
0.041,0.661,0.645,286.685,7.796,36.487,Pitch
-0.129,0.777,0.294,286.685,-5.959,77.866,Pitch
-0.136,1.143,0.650,229.128,-71.522,68.924,Pitch
-0.060,1.142,1.079,-14.682,-83.195,25.961,Pitch
0.005,1.384,1.187,-286.685,-72.485,6.090,Pitch
0.010,1.454,0.905,-286.685,-43.575,-30.503,Pitch
0.096,0.624,0.298,-286.685,77.919,-56.866,Pitch
-0.239,-0.244,-1.035,-286.685,63.368,-60.498,Pitch
0.218,-1.708,-0.380,-273.578,5.057,-87.701,Pitch
0.066,-1.311,1.093,41.405,-1.689,-17.754,Pitch
-0.084,-1.106,0.608,15.514,-17.789,-20.781,Pitch
0.015,-0.938,0.636,45.071,-14.017,-27.239,Pitch
0.335,-1.118,0.883,182.700,-9.774,27.309,Pitch
-0.069,-0.850,0.571,286.685,75.793,89.162,Pitch
-0.205,-0.096,1.104,286.685,128.144,73.106,Pitch
-0.216,0.355,1.084,286.685,80.325,83.659,Pitch
-0.253,0.491,0.425,286.685,16.853,104.869,Pitch
-0.092,0.820,0.043,286.685,-21.149,110.224,Pitch
-0.038,0.901,0.259,286.685,-100.529,131.390,Pitch
0.044,1.098,0.559,283.719,-104.020,142.371,Pitch
0.032,1.399,0.993,-31.710,-54.801,73.229,Pitch
0.011,1.386,0.898,-286.685,-12.443,20.676,Pitch
0.008,1.578,0.951,-286.685,-38.482,-12.233,Pitch
0.213,1.358,0.745,-286.685,-16.721,-14.009,Pitch
0.210,0.367,0.547,-286.685,42.893,18.086,Pitch
0.018,-0.865,-1.011,-286.685,97.632,16.931,Pitch
0.061,-1.513,-0.782,-251.081,66.141,21.726,Pitch
-0.075,-1.079,0.831,44.590,37.546,4.427,Pitch
-0.145,-1.147,0.986,49.490,36.855,-10.833,Pitch
0.068,-1.134,0.688,200.664,7.227,-5.338,Pitch
0.120,-0.878,0.695,286.685,33.250,26.994,Pitch
0.112,-0.296,0.960,286.685,96.950,61.119,Pitch
-0.307,0.417,0.823,286.685,86.931,120.698,Pitch
-0.453,0.750,0.656,286.685,22.733,83.912,Pitch
-0.215,0.667,0.286,286.685,-29.085,58.240,Pitch
-0.122,0.971,0.373,286.685,-83.816,57.680,Pitch
-0.104,1.060,0.838,70.534,-102.060,17.920,Pitch
0.095,1.083,1.253,-286.685,-87.071,-3.588,Pitch
-0.025,1.340,1.032,-286.685,-110.154,10.833,Pitch
-0.093,1.337,0.941,-286.685,-136.194,30.310,Pitch
0.191,-0.474,-0.989,-286.685,-123.550,113.899,Pitch
0.100,-0.942,-0.488,-280.175,34.536,89.854,Pitch
-0.097,-1.216,0.852,-89.049,56.184,49.000,Pitch
-0.133,-1.130,0.800,-1.487,12.889,4.375,Pitch
-0.052,-1.092,0.504,37.275,25.165,-46.874,Pitch
0.078,-1.120,0.706,156.432,45.675,-38.132,Pitch
0.137,-0.715,0.827,286.685,71.505,-7.079,Pitch
0.127,-0.444,1.024,286.685,99.732,6.423,Pitch
-0.242,0.243,0.504,286.685,91.787,9.030,Pitch
-0.254,0.704,0.688,286.685,92.610,-7.980,Pitch
-0.166,0.787,0.773,286.685,46.900,-21.954,Pitch
-0.181,1.108,0.914,286.685,-25.069,20.825,Pitch
0.000,1.112,0.803,44.222,-53.182,16.844,Pitch
-0.052,0.975,1.019,-187.775,-69.204,24.229,Pitch
-0.023,1.373,1.269,-286.685,-108.185,35.621,Pitch
-0.002,1.340,0.814,-286.685,-87.202,56.928,Pitch
-0.078,0.893,0.386,-286.685,14.656,50.890,Pitch
-0.454,-0.570,-0.866,-286.685,51.634,-3.124,Pitch
0.152,-1.238,0.339,-153.982,-12.198,-44.783,Pitch
0.039,-1.297,0.782,27.974,14.193,-11.410,Pitch
-0.023,-1.190,0.680,11.611,29.636,-13.519,Pitch
0.046,-0.968,0.565,53.130,33.206,-4.655,Pitch
0.288,-1.073,0.556,236.040,11.139,44.555,Pitch
-0.010,-0.715,0.682,286.685,83.606,97.668,Pitch
-0.232,-0.104,1.034,286.685,120.207,84.997,Pitch
-0.264,0.056,0.729,286.685,62.134,71.986,Pitch
-0.112,0.478,0.288,286.685,32.856,96.652,Pitch
-0.156,0.914,0.150,286.685,-1.024,125.247,Pitch
-0.265,1.291,0.840,286.685,-61.565,143.054,Pitch
-0.097,1.479,1.181,59.728,-93.152,86.940,Pitch
-0.066,1.468,1.423,-286.685,-77.105,9.389,Pitch
-0.057,1.571,1.045,-286.685,-110.670,-27.003,Pitch
0.126,1.108,0.681,-286.685,-95.393,-6.755,Pitch
0.199,-0.292,-0.673,-286.685,70.175,67.261,Pitch
-0.023,-1.359,-0.460,-274.986,112.009,29.724,Pitch
-0.152,-0.990,0.711,52.491,7.131,5.075,Pitch
-0.186,-1.183,0.697,63.849,21.744,-21.735,Pitch
-0.068,-1.046,0.534,99.558,29.750,-68.950,Pitch
0.291,-0.845,0.543,285.128,29.680,-14.254,Pitch
0.178,-0.292,1.132,286.685,106.488,81.856,Pitch
-0.247,-0.256,0.722,286.685,89.827,109.384,Pitch
-0.324,0.758,0.878,286.685,45.124,109.900,Pitch
-0.256,0.808,0.678,286.685,-36.190,86.109,Pitch
-0.105,0.949,0.611,286.685,-124.224,109.331,Pitch
-0.026,1.213,0.884,271.040,-138.583,118.116,Pitch
0.134,1.122,0.895,-36.129,-78.671,47.889,Pitch
0.071,1.089,1.177,-286.685,-46.909,40.373,Pitch
-0.000,1.443,1.143,-286.685,-62.361,23.896,Pitch
0.035,1.367,0.730,-286.685,-82.845,35.507,Pitch
-0.108,0.356,-0.072,-286.685,65.485,37.774,Pitch
0.219,-1.761,-1.047,-286.685,129.202,50.479,Pitch
0.120,-1.005,-0.096,-62.842,102.690,71.304,Pitch
-0.028,-1.017,0.869,112.787,47.127,89.250,Pitch
-0.251,-1.243,0.842,179.322,45.071,38.946,Pitch
-0.128,-0.681,0.628,286.685,27.554,30.301,Pitch
-0.060,-0.316,0.560,286.685,-9.188,50.321,Pitch
-0.293,0.489,0.927,286.685,-4.690,64.050,Pitch
-0.252,0.997,1.341,286.685,7.980,-3.334,Pitch
-0.040,0.880,0.953,286.685,-10.045,-11.314,Pitch
0.018,0.835,0.774,286.676,-2.678,-5.031,Pitch
0.005,0.751,0.605,97.527,-2.642,4.095,Pitch
-0.011,1.203,1.211,-256.471,-3.841,-13.650,Pitch
-0.107,1.691,1.419,-286.685,-38.929,-26.259,Pitch
-0.072,1.739,0.557,-286.685,-7.236,-45.159,Pitch
-0.374,0.089,-0.888,-286.685,68.381,-44.476,Pitch
0.123,-1.159,-0.392,-286.685,-58.292,-58.118,Pitch
-0.014,-1.343,0.153,-26.504,-93.713,-9.170,Pitch
-0.146,-1.398,0.851,70.604,-49.840,-11.139,Pitch
-0.023,-1.196,0.653,217.000,-21.280,-12.084,Pitch
0.030,-0.917,0.580,286.685,3.491,35.525,Pitch
-0.061,-0.506,0.500,286.685,32.287,42.070,Pitch
-0.146,0.770,0.912,286.685,42.446,29.715,Pitch
-0.001,0.719,0.858,286.685,16.765,37.091,Pitch
-0.133,1.068,0.749,286.685,2.459,37.853,Pitch
-0.079,1.284,0.757,270.987,-27.361,20.195,Pitch
0.107,0.951,0.578,10.579,-38.684,1.601,Pitch
0.109,1.083,1.124,-255.614,-0.639,-0.543,Pitch
-0.017,1.732,1.395,-286.685,1.619,-23.634,Pitch
-0.135,1.678,0.837,-286.685,6.562,-42.429,Pitch
-0.181,0.795,-0.900,-286.685,76.895,-23.931,Pitch
-0.252,-1.215,-1.183,-286.685,25.069,-81.970,Pitch
-0.182,-1.517,0.722,-102.769,-73.395,-93.082,Pitch
0.039,-1.590,0.611,6.983,-30.406,-89.652,Pitch
0.149,-1.109,0.464,59.815,8.514,-56.700,Pitch
0.496,-1.235,0.725,164.614,-7.927,0.018,Pitch
0.116,-0.980,0.771,286.685,59.386,107.030,Pitch
-0.186,-0.465,0.845,286.685,96.574,109.830,Pitch
-0.170,0.051,1.301,286.685,53.655,80.334,Pitch
-0.174,0.230,0.351,286.685,25.139,77.761,Pitch
-0.066,0.529,0.470,286.685,-1.584,100.100,Pitch
-0.107,1.092,0.780,286.685,-57.417,119.018,Pitch
-0.012,1.162,1.011,157.666,-106.575,88.786,Pitch
0.046,0.900,0.776,-124.766,-57.855,39.550,Pitch
0.071,1.177,1.203,-272.492,-8.802,-3.824,Pitch
0.035,1.624,1.411,-286.685,-50.304,-19.670,Pitch
0.206,1.409,0.581,-286.685,-37.599,21.647,Pitch
0.051,0.201,-1.166,-286.685,100.240,23.109,Pitch
-0.526,-1.550,-0.956,-286.685,70.035,20.816,Pitch
-0.158,-1.660,0.494,-11.244,-3.999,-67.515,Pitch
0.208,-1.446,0.551,14.376,37.660,-36.724,Pitch
0.081,-1.199,0.424,109.104,13.659,-12.749,Pitch
0.210,-1.218,0.522,236.031,11.305,15.426,Pitch
0.132,-0.895,0.590,286.685,83.003,81.016,Pitch
-0.199,-0.089,0.722,286.685,104.624,54.276,Pitch
-0.170,0.401,0.706,286.685,27.090,69.457,Pitch
-0.193,0.629,0.653,286.685,-23.205,73.754,Pitch
-0.042,0.920,0.664,286.685,-42.359,61.784,Pitch
-0.051,0.927,0.732,194.985,-61.626,58.494,Pitch
-0.017,0.798,0.632,40.294,-42.271,31.220,Pitch
0.026,0.962,0.907,-118.939,-10.167,6.064,Pitch
-0.156,1.654,1.625,-286.685,-27.851,-43.505,Pitch
0.126,1.550,1.198,-286.685,-49.525,-117.294,Pitch
0.224,0.634,0.330,-286.685,81.331,-106.321,Pitch
-0.111,-1.209,-1.742,-286.685,158.419,-82.145,Pitch
0.066,-1.315,-0.017,-70.070,-61.574,-34.379,Pitch
0.079,-1.464,0.854,95.016,-60.856,12.854,Pitch
-0.026,-1.167,0.765,95.139,-42.998,10.238,Pitch
0.243,-1.060,0.605,222.206,-41.554,38.028,Pitch
-0.048,-0.762,0.272,286.685,7.814,100.905,Pitch
-0.162,0.111,0.922,286.685,72.441,70.884,Pitch
-0.281,0.366,0.468,286.685,48.816,58.502,Pitch
-0.039,0.896,0.856,286.685,36.496,62.571,Pitch
-0.219,0.855,0.671,286.685,-23.292,65.240,Pitch
-0.116,1.298,1.148,154.831,-48.851,21.122,Pitch
0.015,1.265,1.486,-167.116,-44.494,-24.334,Pitch
-0.025,1.290,1.107,-286.685,-27.484,-52.001,Pitch
-0.206,1.255,0.788,-286.685,49.884,-88.743,Pitch
-0.021,0.569,0.310,-286.685,115.771,-137.322,Pitch
-0.032,-0.802,-1.152,-286.685,51.695,-163.616,Pitch
0.048,-1.451,0.197,-215.775,-72.844,-82.075,Pitch
-0.059,-1.381,0.678,-12.495,-54.836,-59.316,Pitch
0.178,-1.248,0.401,43.033,-33.066,-61.303,Pitch
0.551,-1.350,0.678,197.470,-38.999,-13.422,Pitch
0.222,-0.929,0.748,286.685,78.759,134.881,Pitch
-0.261,-0.164,0.522,286.685,145.232,151.165,Pitch
-0.308,0.671,0.918,286.685,47.390,119.884,Pitch
-0.189,0.703,0.600,286.685,-4.436,92.050,Pitch
-0.132,0.857,0.787,286.685,-50.811,62.090,Pitch
0.142,1.041,1.064,49.980,-30.616,38.430,Pitch
0.006,1.216,0.983,-285.967,-27.764,60.708,Pitch
-0.267,1.206,0.943,-286.685,-84.009,26.285,Pitch
-0.070,1.034,0.690,-286.685,-76.029,-44.756,Pitch
-0.101,0.111,-0.195,-286.685,-63.779,-32.778,Pitch
0.096,-1.079,-0.430,-286.685,-17.264,21.271,Pitch
-0.096,-1.588,0.136,-198.564,29.129,22.916,Pitch
-0.044,-1.328,0.478,3.911,41.064,-11.419,Pitch
0.067,-1.272,0.590,74.410,25.778,-12.845,Pitch
0.067,-1.204,0.698,162.619,22.645,24.378,Pitch
-0.067,-0.825,0.673,286.685,33.154,54.075,Pitch
-0.153,-0.142,1.046,286.685,25.926,42.787,Pitch
-0.149,0.163,0.452,286.685,19.775,-5.635,Pitch
0.042,0.586,0.675,286.685,24.439,-1.347,Pitch
-0.049,0.549,0.525,286.685,46.725,3.124,Pitch
-0.129,1.100,1.034,286.685,-9.284,54.303,Pitch
-0.054,1.208,1.132,12.206,-43.505,26.355,Pitch
0.025,1.248,1.393,-263.681,-33.688,14.455,Pitch
-0.037,1.623,1.106,-286.685,-82.933,13.352,Pitch
-0.010,1.236,0.832,-286.685,-35.630,-29.120,Pitch
0.219,0.328,-0.527,-286.685,32.086,21.114,Pitch
-0.138,-1.564,-1.561,-286.685,34.816,-4.979,Pitch
-0.101,-1.249,0.690,24.938,28.560,-5.688,Pitch
-0.116,-1.254,0.692,59.342,23.739,-22.890,Pitch
-0.092,-0.971,0.504,77.192,14.184,-33.565,Pitch
0.332,-1.079,0.521,209.764,-4.445,-0.490,Pitch
0.041,-0.895,0.448,286.685,38.010,82.128,Pitch
-0.235,0.119,1.122,286.685,101.588,89.696,Pitch
-0.051,0.615,0.729,286.685,110.128,97.974,Pitch
-0.301,0.645,0.674,286.685,-0.464,107.021,Pitch
-0.079,0.707,0.427,286.685,-43.601,74.865,Pitch
-0.093,1.123,1.271,183.312,-57.470,96.311,Pitch
-0.086,1.382,1.414,-174.834,-57.173,72.424,Pitch
-0.052,1.468,0.974,-286.685,-52.780,48.947,Pitch
-0.035,1.257,0.912,-286.685,-96.959,-20.501,Pitch
0.215,0.846,0.630,-286.685,12.198,-34.956,Pitch
0.473,-0.930,0.303,-286.685,199.246,-57.496,Pitch
-0.198,-1.568,-0.563,-238.201,154.298,40.792,Pitch
-0.205,-0.961,0.351,66.535,59.824,-3.010,Pitch
-0.278,-1.125,0.467,73.036,20.038,-62.965,Pitch
0.002,-1.164,0.603,122.911,-17.246,-71.566,Pitch
0.170,-0.984,0.494,284.226,-29.881,5.574,Pitch
0.163,-0.673,0.465,286.685,67.874,78.348,Pitch
-0.136,0.023,0.616,286.685,121.975,95.051,Pitch
-0.138,0.637,0.505,286.685,89.600,88.331,Pitch
-0.302,0.946,0.586,286.685,-11.182,82.819,Pitch
-0.179,1.395,1.045,286.291,-84.192,49.796,Pitch
-0.031,1.376,1.203,97.055,-88.007,19.399,Pitch
-0.037,1.170,1.313,-286.108,-58.905,17.159,Pitch
-0.211,1.586,1.011,-286.685,-106.934,-7.455,Pitch
-0.038,0.995,0.643,-286.685,-59.920,-58.301,Pitch
0.234,0.119,-0.317,-286.685,24.281,-23.441,Pitch
-0.076,-1.321,-0.872,-286.492,-23.205,17.229,Pitch
0.074,-1.506,0.562,-38.106,-46.436,27.449,Pitch
-0.096,-1.308,0.544,24.894,-33.950,20.589,Pitch
-0.144,-1.127,0.497,60.690,-39.165,-10.220,Pitch
0.225,-1.318,0.499,233.292,-15.033,-4.760,Pitch
0.094,-0.933,0.609,286.685,79.625,35.752,Pitch
-0.228,0.276,0.821,286.685,77.700,39.559,Pitch
-0.113,0.611,0.668,286.685,33.967,38.894,Pitch
-0.157,0.704,0.583,286.685,28.735,18.104,Pitch
-0.076,0.998,0.695,286.685,-1.837,8.479,Pitch
-0.101,1.062,0.934,113.908,-49.630,8.050,Pitch
0.003,0.944,1.155,-129.824,-55.956,-4.034,Pitch
-0.006,1.117,1.045,-286.685,-81.156,0.639,Pitch
-0.064,1.323,0.967,-286.685,-101.474,2.074,Pitch
0.017,0.867,0.654,-286.685,-31.885,-19.434,Pitch
-0.107,-0.913,-0.589,-286.685,97.116,-37.476,Pitch
-0.077,-1.314,-0.056,-273.980,10.456,-17.045,Pitch
0.077,-1.265,0.562,38.439,-11.629,-0.219,Pitch
-0.022,-1.265,0.533,-2.678,9.476,-10.824,Pitch
0.017,-1.125,0.312,40.189,-9.809,-27.020,Pitch
0.248,-1.216,0.566,207.830,-45.474,12.057,Pitch
0.078,-0.796,0.453,286.685,21.919,72.467,Pitch
-0.086,-0.350,0.579,286.685,77.717,74.786,Pitch
-0.362,0.464,0.804,286.685,69.440,35.831,Pitch
0.027,0.568,0.616,286.685,-0.779,1.050,Pitch
0.028,0.820,0.738,286.685,-7.980,64.426,Pitch
-0.234,1.062,0.886,286.536,-7.280,62.597,Pitch
-0.167,1.405,1.590,-104.361,-26.661,59.745,Pitch
0.018,1.746,1.251,-286.685,-99.558,8.645,Pitch
-0.014,1.634,0.290,-286.685,-15.426,-33.241,Pitch
0.007,0.315,-0.588,-286.685,117.959,-57.549,Pitch
-0.103,-1.218,-0.808,-286.685,42.368,-28.927,Pitch
0.203,-1.534,0.434,-182.009,0.621,-42.647,Pitch
0.070,-1.354,0.479,-34.624,37.607,18.112,Pitch
-0.120,-1.059,0.167,-37.161,23.511,3.019,Pitch
0.102,-1.373,0.397,92.304,-38.859,-23.835,Pitch
0.096,-1.111,0.675,280.324,-21.306,52.605,Pitch
-0.133,-0.767,0.595,286.685,46.900,86.503,Pitch
-0.297,-0.219,0.648,286.685,63.385,79.887,Pitch
-0.157,0.317,0.540,286.685,29.680,40.810,Pitch
-0.054,0.612,0.702,286.685,17.736,39.445,Pitch
-0.087,0.883,1.128,286.685,-17.439,54.810,Pitch
-0.142,1.221,1.375,165.865,-35.700,44.030,Pitch
-0.183,1.258,1.294,-268.800,-35.499,3.701,Pitch
-0.225,1.341,0.892,-286.685,-73.815,-50.400,Pitch
-0.146,1.017,0.504,-286.685,-5.582,-58.669,Pitch
0.053,-0.147,-0.124,-286.685,87.518,-48.799,Pitch
-0.306,-1.461,-0.826,-286.685,83.326,-69.423,Pitch
0.163,-1.583,0.167,-9.310,8.864,-73.798,Pitch
0.309,-1.464,0.785,84.831,-19.906,-35.542,Pitch
0.197,-1.507,0.646,108.789,-28.079,-4.594,Pitch
0.168,-1.056,0.610,285.862,-0.936,58.397,Pitch
-0.263,-0.458,0.775,286.685,0.709,82.670,Pitch
-0.397,-0.160,0.859,286.685,-42.586,46.077,Pitch
0.058,0.133,0.839,286.685,-25.909,11.944,Pitch
0.198,0.500,0.671,286.685,73.745,37.599,Pitch
-0.095,1.196,1.494,282.196,130.410,52.395,Pitch
-0.271,1.281,1.436,-46.174,46.322,40.670,Pitch
-0.191,1.407,1.050,-286.685,-81.620,-46.375,Pitch
-0.113,0.931,-0.026,-286.685,-32.603,-102.926,Pitch
-0.118,-0.743,-0.598,-286.685,0.788,-84.840,Pitch
-0.068,-0.871,0.219,-286.685,-28.140,-44.196,Pitch
-0.078,-1.342,0.568,-246.628,-62.213,-19.941,Pitch
0.076,-1.473,0.373,-51.713,-61.827,-6.492,Pitch
0.068,-1.460,0.585,25.147,-26.355,12.731,Pitch
0.135,-1.413,0.851,145.486,11.953,35.735,Pitch
-0.063,-1.128,0.704,267.540,24.010,63.289,Pitch
-0.306,-0.763,0.598,286.685,73.859,33.136,Pitch
-0.118,-0.217,0.915,286.685,13.274,-9.074,Pitch
-0.002,0.013,0.746,286.685,-50.881,2.467,Pitch
0.078,0.207,0.301,286.685,-56.709,14.394,Pitch
0.056,0.714,0.228,286.685,-3.255,17.395,Pitch
-0.054,0.938,0.701,237.641,-18.218,25.218,Pitch
-0.013,1.061,0.963,43.243,-28.175,16.345,Pitch
-0.096,1.193,1.467,-286.685,-74.454,18.086,Pitch
0.148,1.381,0.918,-286.685,-114.389,18.340,Pitch
-0.061,-0.039,-0.414,-286.685,68.915,21.770,Pitch
-0.080,-1.519,-0.764,-286.685,67.217,13.956,Pitch
-0.021,-1.320,0.563,-157.447,-15.514,33.101,Pitch
0.042,-1.435,0.727,43.829,13.038,46.909,Pitch
-0.107,-1.349,0.431,65.503,-1.225,12.171,Pitch
0.160,-1.348,0.595,182.315,-35.219,10.631,Pitch
-0.028,-0.874,0.626,286.685,12.898,55.711,Pitch
-0.077,-0.109,1.123,-10.623,-11.113,-16.013,Roll
-0.018,-0.069,0.950,-11.462,-17.351,-21.157,Roll
-0.019,-0.027,1.090,7.595,-11.620,-11.611,Roll
-0.010,-0.044,1.130,-0.700,-16.275,-9.818,Roll
0.014,-0.066,1.163,6.361,-37.083,-4.812,Roll
0.057,-0.055,1.076,5.530,-50.715,-10.264,Roll
0.064,-0.010,1.041,4.323,-57.068,-8.374,Roll
0.087,-0.011,0.968,23.704,-71.356,3.946,Roll
0.108,-0.034,0.961,40.241,-75.311,9.616,Roll
0.140,-0.011,0.909,23.555,-60.112,0.709,Roll
0.130,0.009,0.896,6.536,-46.646,-0.814,Roll
0.150,0.015,1.029,3.412,-65.677,10.640,Roll
0.194,-0.042,1.002,-25.375,-96.976,22.199,Roll
0.217,-0.087,0.857,-46.322,-121.581,27.300,Roll
0.222,-0.103,0.889,-33.478,-134.514,28.429,Roll
0.346,-0.166,0.912,-39.821,-166.827,48.099,Roll
0.514,-0.303,0.744,-86.039,-164.596,70.376,Roll
0.666,-0.339,0.785,-84.105,-268.809,46.769,Roll
0.718,-0.197,0.906,-5.591,-236.714,64.085,Roll
0.850,-0.286,0.677,-19.031,-118.869,30.371,Roll
0.942,-0.031,0.703,-22.111,-13.265,21.884,Roll
0.915,0.068,0.727,-44.467,99.059,60.331,Roll
0.761,-0.122,0.686,-41.300,187.731,62.807,Roll
0.482,-0.616,0.649,34.825,286.685,5.128,Roll
0.319,-0.343,1.083,159.915,286.685,-53.961,Roll
0.113,-0.328,1.017,224.044,286.685,-62.807,Roll
-0.198,-0.325,1.135,177.327,286.685,-91.744,Roll
-0.273,-0.125,0.882,171.518,286.685,-116.270,Roll
-0.370,0.117,0.949,52.386,286.685,-136.360,Roll
-0.249,0.055,0.859,6.344,193.445,-112.963,Roll
-0.571,0.462,0.848,37.362,137.952,-6.816,Roll
-0.700,0.312,1.021,31.378,21.612,-15.330,Roll
-0.683,0.445,1.144,-43.173,-107.844,-29.698,Roll
-0.737,0.245,1.034,-91.341,-208.985,-11.244,Roll
-0.399,-0.169,0.690,-75.486,-286.685,-46.585,Roll
-0.140,-0.082,0.929,8.417,-286.685,-7.936,Roll
-0.155,-0.131,0.953,-9.476,-286.685,47.460,Roll
-0.179,-0.297,0.772,-33.232,-286.685,33.635,Roll
0.431,-0.235,0.353,41.965,-286.685,-5.206,Roll
0.753,-0.062,0.798,74.366,-286.081,-5.793,Roll
1.083,0.279,1.289,57.330,-164.894,-2.030,Roll
1.125,0.429,1.029,-0.945,-66.500,17.833,Roll
1.134,0.434,0.423,-38.771,102.086,56.341,Roll
0.817,-0.130,0.167,-103.250,286.685,70.394,Roll
-0.114,-0.754,0.876,-61.154,286.685,14.744,Roll
0.022,-0.668,0.576,-38.754,286.685,-45.001,Roll
0.059,-0.266,0.704,60.165,286.685,-44.502,Roll
-0.389,-0.432,0.496,4.497,286.685,-9.039,Roll
-0.681,-0.010,0.718,-12.994,286.685,51.170,Roll
-1.358,0.551,0.741,-2.957,286.029,73.929,Roll
-1.361,0.724,1.015,-0.044,25.961,60.585,Roll
-1.216,0.058,0.873,-27.291,-284.034,56.481,Roll
-0.906,-0.141,1.096,4.707,-286.685,54.232,Roll
-0.858,-0.197,1.134,-23.975,-286.685,-5.101,Roll
-0.727,-0.427,0.777,-49.315,-286.685,32.174,Roll
-0.273,-0.352,0.394,36.278,-286.685,-15.627,Roll
0.192,-0.107,0.113,80.378,-286.685,-46.550,Roll
0.988,0.053,0.361,100.310,-286.685,-53.165,Roll
1.423,0.338,0.655,25.821,-251.834,18.559,Roll
1.157,0.417,0.245,-52.421,-69.011,52.054,Roll
0.915,0.324,-0.042,-45.272,40.504,41.213,Roll
0.777,0.070,0.051,-99.881,263.821,22.356,Roll
0.527,-0.150,0.650,-148.628,286.685,-18.410,Roll
0.500,-0.299,0.926,-142.923,286.685,-20.659,Roll
-0.038,-0.738,0.847,-127.776,286.685,3.203,Roll
-0.112,-0.522,0.677,0.892,286.685,1.452,Roll
-0.519,-0.394,1.098,36.592,286.685,-4.655,Roll
-0.845,-0.316,1.082,12.294,286.685,1.383,Roll
-1.142,0.142,0.889,-42.516,286.685,-5.267,Roll
-1.218,0.438,0.865,17.675,99.811,-26.757,Roll
-1.029,0.051,0.864,20.676,-184.048,-65.223,Roll
-0.829,-0.132,0.833,60.112,-286.676,-10.833,Roll
-0.691,-0.388,0.944,95.567,-286.685,4.585,Roll
-0.415,-0.655,0.705,111.598,-286.685,-36.925,Roll
-0.038,-0.615,0.616,177.879,-286.685,-15.041,Roll
0.111,-0.356,0.525,158.673,-286.685,36.006,Roll
0.704,0.039,0.464,185.640,-286.685,45.964,Roll
0.945,0.427,0.487,184.266,-286.685,83.239,Roll
1.097,0.811,0.304,62.037,-214.174,54.819,Roll
1.046,0.773,0.182,-10.719,-65.677,31.185,Roll
0.975,0.399,0.101,-96.556,217.026,25.218,Roll
0.619,-0.115,0.555,-165.244,286.685,8.610,Roll
0.652,-0.416,0.900,-104.387,286.685,-15.820,Roll
0.415,-0.572,0.770,-75.880,286.685,-2.109,Roll
0.134,-0.489,0.557,-56.341,286.685,9.809,Roll
-0.313,-0.100,0.859,-39.629,286.685,-4.707,Roll
-0.868,-0.483,0.431,-141.137,286.685,15.199,Roll
-1.087,-0.136,0.451,-42.219,286.685,71.802,Roll
-1.320,0.610,0.661,51.730,285.539,45.141,Roll
-1.342,0.475,1.033,10.972,76.300,6.108,Roll
-1.449,0.124,0.966,-91.131,-224.271,46.734,Roll
-1.199,-0.175,0.747,-78.628,-286.685,48.055,Roll
-0.914,-0.556,0.965,-78.706,-286.685,27.948,Roll
-0.558,-0.476,0.878,14.096,-286.685,16.494,Roll
-0.560,-0.407,0.760,32.182,-286.685,23.651,Roll
-0.193,-0.040,0.412,76.300,-286.685,-34.921,Roll
0.628,-0.149,0.350,92.872,-286.685,-52.185,Roll
1.018,0.044,0.670,113.960,-286.685,-6.335,Roll
1.201,0.326,0.625,84.035,-270.462,17.605,Roll
1.016,0.539,0.283,10.649,-52.798,43.435,Roll
0.764,0.461,-0.018,-43.155,173.232,-23.205,Roll
0.580,0.126,0.437,-89.582,286.685,-111.143,Roll
0.484,-0.170,0.694,-80.902,286.685,-170.065,Roll
0.268,-0.555,0.693,-9.861,286.685,-177.406,Roll
0.036,-0.389,0.705,-69.353,286.685,-187.031,Roll
-0.240,0.094,1.045,-197.636,286.685,-159.749,Roll
0.034,-0.079,0.970,-283.281,286.685,-94.290,Roll
-1.101,-0.860,0.113,-236.705,286.685,43.890,Roll
-1.937,0.514,1.334,-49.814,285.416,37.214,Roll
-1.626,0.577,1.288,-106.864,-43.706,-28.254,Roll
-1.196,-0.068,0.798,-82.880,-259.901,-25.778,Roll
-0.604,-0.575,0.413,-45.202,-286.685,-23.721,Roll
-0.600,-1.209,0.744,38.439,-286.685,-7.306,Roll
-0.625,-0.673,1.243,91.350,-286.685,52.693,Roll
-0.582,-0.486,0.770,114.966,-286.685,-10.054,Roll
-0.040,-0.091,0.650,170.721,-286.685,-39.515,Roll
0.294,-0.175,0.252,162.199,-286.685,-29.636,Roll
0.857,-0.099,0.388,122.115,-286.685,-11.611,Roll
1.237,0.367,0.445,98.936,-200.419,12.233,Roll
1.287,0.502,0.339,55.353,-57.566,21.403,Roll
1.215,0.561,0.207,-46.042,180.705,25.795,Roll
0.708,0.173,0.452,-43.409,286.685,-33.880,Roll
0.434,-0.192,0.753,-36.400,286.685,-162.916,Roll
0.129,-0.845,0.226,25.900,286.685,-221.401,Roll
-0.040,-0.175,0.810,-35.481,286.685,-182.516,Roll
-0.232,-0.068,0.978,-157.798,286.685,-135.485,Roll
-0.485,-0.081,0.599,-277.445,286.685,-40.670,Roll
-1.241,-0.528,-0.032,-204.348,286.685,39.419,Roll
-1.826,0.236,1.093,-79.284,282.126,33.871,Roll
-1.488,0.135,1.055,-92.059,-12.198,-50.934,Roll
-1.056,-0.423,0.995,-102.375,-286.685,-7.096,Roll
-0.815,-0.790,0.583,-25.401,-286.685,-93.607,Roll
-0.625,-0.971,0.722,55.151,-286.685,-84.359,Roll
-0.460,-1.012,0.696,88.804,-286.685,-18.069,Roll
-0.363,-0.633,0.694,164.745,-286.685,-1.444,Roll
0.305,-0.154,0.551,159.626,-286.685,-6.554,Roll
0.660,-0.138,0.409,154.814,-286.685,-11.786,Roll
0.959,0.003,0.290,108.316,-286.685,42.674,Roll
1.432,0.183,0.394,105.534,-178.587,74.699,Roll
1.165,0.454,0.082,42.639,38.080,65.721,Roll
1.166,0.289,-0.022,-5.302,192.526,25.235,Roll
0.679,-0.130,0.296,25.104,286.685,-54.591,Roll
0.438,-0.296,0.667,-30.284,286.685,-124.486,Roll
-0.274,-0.463,0.009,-18.077,286.685,-190.523,Roll
-0.277,-0.451,0.325,59.649,286.685,-156.721,Roll
-0.532,-0.226,0.963,156.135,286.685,-103.285,Roll
-0.820,-0.146,1.262,-43.522,286.685,-131.241,Roll
-1.121,0.066,1.176,-188.781,286.685,-12.163,Roll
-1.660,0.345,1.031,-83.580,95.751,23.993,Roll
-1.265,0.199,1.063,-52.684,-135.135,-18.121,Roll
-0.732,-0.164,0.789,67.944,-286.685,-33.740,Roll
-0.769,-0.773,0.781,59.728,-286.685,35.647,Roll
-0.791,-0.696,0.866,50.925,-286.685,131.609,Roll
-0.859,-0.285,0.792,68.591,-286.685,103.731,Roll
-0.286,-0.098,0.531,93.223,-286.685,39.498,Roll
0.450,-0.167,0.305,77.184,-286.685,23.433,Roll
0.673,-0.162,0.439,77.857,-286.685,29.724,Roll
1.028,-0.011,0.218,57.391,-286.685,16.004,Roll
1.362,0.500,0.150,54.014,-154.114,37.966,Roll
1.522,0.658,0.034,-35.787,62.072,32.926,Roll
1.260,0.298,0.118,-94.255,256.909,-6.177,Roll
0.848,-0.182,0.356,-134.636,286.685,-98.394,Roll
-0.063,-0.659,0.719,-94.036,286.685,-131.136,Roll
0.049,-0.663,0.578,-63.761,286.685,-121.144,Roll
-0.088,-0.283,0.920,-71.067,286.685,-96.302,Roll
-0.392,-0.394,0.715,-165.480,286.685,6.213,Roll
-1.539,-0.040,0.723,-107.179,286.685,101.614,Roll
-1.650,0.556,1.244,-82.924,202.370,20.913,Roll
-1.443,0.052,0.876,-101.159,-13.816,-53.112,Roll
-1.026,-0.161,0.731,-17.115,-286.685,-78.698,Roll
-0.746,-0.549,0.563,-21.997,-286.685,-107.494,Roll
-0.613,-0.767,0.554,48.431,-286.685,-35.140,Roll
-0.488,-0.397,0.702,166.329,-286.685,-71.540,Roll
-0.114,-0.485,0.524,179.148,-286.685,-92.418,Roll
0.429,-0.229,0.417,161.455,-286.685,-66.246,Roll
0.757,-0.017,0.357,120.584,-286.685,-24.159,Roll
1.096,0.264,0.338,112.254,-286.212,15.820,Roll
1.407,0.502,0.467,74.988,-173.705,56.035,Roll
1.284,0.569,0.293,-39.252,54.924,69.387,Roll
0.959,0.344,0.495,-103.539,283.938,21.009,Roll
0.694,-0.202,0.717,-107.179,286.685,-112.753,Roll
0.325,-0.758,0.625,-52.675,286.685,-171.587,Roll
0.377,-0.456,0.649,-62.379,286.685,-110.390,Roll
-0.231,-0.296,0.888,-113.732,286.685,-73.168,Roll
-0.458,-0.275,0.990,-256.174,286.685,-9.371,Roll
-0.901,-0.339,0.431,-214.042,286.685,100.266,Roll
-1.762,0.056,0.864,-27.335,285.066,108.272,Roll
-1.718,0.200,1.300,-34.064,64.146,21.052,Roll
-0.943,-0.385,0.901,-32.804,-260.960,-8.505,Roll
-0.827,-0.341,0.710,12.408,-286.685,5.451,Roll
-0.633,-0.936,0.429,87.124,-286.685,20.458,Roll
-0.664,-0.545,0.611,198.599,-286.685,15.391,Roll
-0.369,-0.127,0.262,177.021,-286.685,35.577,Roll
0.188,0.041,0.250,190.216,-286.685,-0.123,Roll
0.917,-0.052,0.411,159.652,-286.685,32.471,Roll
1.160,0.162,0.447,98.236,-286.685,44.476,Roll
1.528,0.460,0.371,83.702,-204.277,32.515,Roll
1.377,0.632,0.109,26.696,-55.055,20.379,Roll
1.156,0.336,-0.159,-84.079,244.598,-19.854,Roll
0.596,0.181,0.273,-36.680,286.685,-86.914,Roll
0.270,-0.724,0.307,-71.496,286.685,-214.165,Roll
0.295,-0.681,0.518,-15.278,286.685,-203.761,Roll
-0.018,0.062,0.926,-105.980,286.685,-161.026,Roll
-0.038,0.100,0.893,-199.474,286.685,-122.299,Roll
-1.012,-0.616,-0.038,-243.215,286.685,-32.533,Roll
-1.406,-0.268,1.249,-59.964,286.685,10.640,Roll
-1.663,0.410,1.722,-65.634,232.190,47.801,Roll
-1.084,0.366,1.387,-130.357,-220.080,25.305,Roll
-1.017,-0.124,0.755,-149.616,-286.685,6.239,Roll
-0.519,-0.983,0.477,35.954,-286.685,-46.060,Roll
-0.426,-0.819,0.896,178.570,-286.685,-21.577,Roll
-0.186,-0.014,0.933,220.544,-286.685,51.905,Roll
0.186,0.112,0.486,168.805,-286.685,21.017,Roll
0.559,-0.028,0.391,156.467,-286.685,8.689,Roll
0.916,0.063,0.535,129.439,-286.685,8.741,Roll
1.226,0.098,0.468,91.770,-212.319,-9.354,Roll
1.213,0.419,0.357,30.485,9.642,-17.640,Roll
1.068,0.368,0.169,-24.736,238.385,-68.582,Roll
0.947,0.224,0.257,-35.149,286.685,-102.130,Roll
0.578,-0.118,0.548,-29.295,286.685,-194.871,Roll
0.161,-0.559,0.460,-47.591,286.685,-274.522,Roll
0.096,-0.162,0.737,-68.049,286.685,-286.685,Roll
0.055,0.131,0.863,-198.284,286.685,-285.959,Roll
-0.261,-0.216,0.452,-286.685,286.685,-104.003,Roll
-1.528,-0.115,0.635,-222.197,285.950,38.412,Roll
-1.841,0.152,1.295,-164.964,183.610,-2.301,Roll
-1.529,0.021,1.084,-121.371,-142.074,-28.131,Roll
-1.221,-0.273,0.644,-75.976,-286.685,-50.794,Roll
-0.576,-0.801,0.437,-33.364,-286.685,-111.309,Roll
-0.244,-0.926,0.560,207.725,-286.685,-110.740,Roll
-0.261,-0.640,0.733,286.073,-286.685,-21.507,Roll
0.132,-0.314,0.498,286.685,-286.685,1.864,Roll
0.621,0.035,0.553,258.860,-286.685,30.013,Roll
0.909,0.157,0.396,178.614,-286.685,62.930,Roll
1.177,0.394,0.295,149.152,-276.841,37.371,Roll
1.364,0.588,0.232,113.006,-148.750,26.407,Roll
1.299,0.768,0.272,-7.744,81.865,2.572,Roll
1.090,0.342,0.146,-63.621,286.274,-34.895,Roll
0.931,0.078,0.429,-39.594,286.685,-125.860,Roll
0.503,-0.454,0.863,-46.655,286.685,-200.979,Roll
0.124,-0.451,0.444,-79.030,286.685,-251.134,Roll
0.117,0.196,0.820,-236.600,286.685,-201.801,Roll
0.063,0.174,0.689,-264.014,286.685,-34.011,Roll
-0.978,-0.613,0.017,-278.241,286.685,47.521,Roll
-1.784,0.037,1.396,-41.781,286.685,48.283,Roll
-1.401,0.210,1.294,-78.969,44.205,-9.284,Roll
-1.206,0.067,0.770,-110.162,-195.878,-12.600,Roll
-0.902,-0.137,0.652,-80.089,-286.685,-5.863,Roll
-0.584,-1.117,0.467,32.690,-286.685,-40.022,Roll
-0.368,-0.784,0.784,254.949,-286.685,15.925,Roll
-0.356,-0.226,0.869,278.889,-286.685,53.069,Roll
0.219,0.026,0.731,248.474,-286.685,32.935,Roll
0.572,0.189,0.408,209.221,-286.685,50.627,Roll
0.902,0.216,0.392,140.026,-286.685,58.424,Roll
1.093,0.290,0.395,106.374,-261.590,47.574,Roll
1.218,0.458,0.237,38.334,-73.815,25.156,Roll
1.222,0.564,0.177,-49.656,147.613,5.688,Roll
1.116,0.329,0.237,-127.330,286.685,-33.591,Roll
0.771,0.027,0.337,-120.514,286.685,-81.366,Roll
0.035,-0.635,0.595,-63.131,286.685,-198.266,Roll
-0.015,-0.224,0.949,-146.178,286.685,-247.818,Roll
0.252,0.120,0.749,-286.685,286.685,-144.253,Roll
-0.335,-0.455,0.047,-286.536,286.685,4.821,Roll
-1.686,-0.123,1.028,-95.952,286.685,80.500,Roll
-1.692,0.053,1.577,-129.876,141.260,16.730,Roll
-1.130,-0.106,0.902,-148.304,-235.235,-14.394,Roll
-1.041,-0.312,0.644,-108.535,-286.685,-27.326,Roll
-0.744,-0.862,0.513,35.744,-286.685,-55.011,Roll
-0.467,-0.894,0.323,222.556,-286.685,-70.446,Roll
-0.128,-0.155,0.862,283.010,-286.685,-2.030,Roll
0.074,-0.055,0.659,184.354,-286.685,16.468,Roll
0.576,-0.086,0.349,143.526,-286.685,40.495,Roll
0.889,0.004,0.455,143.544,-286.685,99.706,Roll
1.159,0.244,0.340,82.154,-284.769,88.436,Roll
1.272,0.446,0.055,38.570,-172.244,37.853,Roll
1.179,0.632,-0.044,19.390,83.283,-6.274,Roll
0.863,0.290,0.058,-59.421,285.924,-69.702,Roll
0.776,-0.190,0.437,-99.418,286.685,-157.614,Roll
0.732,-0.501,0.539,-25.349,286.685,-203.175,Roll
0.276,-0.367,0.980,0.665,286.685,-219.599,Roll
0.057,-0.387,0.946,-185.045,286.685,-286.659,Roll
0.160,0.124,0.858,-286.685,286.685,-160.527,Roll
-0.159,-0.247,0.373,-278.635,286.685,-46.725,Roll
-1.501,-0.319,0.780,-163.783,286.685,-16.205,Roll
-1.784,0.141,1.296,-171.841,170.327,-22.496,Roll
-1.320,-0.142,0.663,-71.549,-144.646,-27.099,Roll
-0.869,-0.204,0.811,-62.694,-286.685,-4.594,Roll
-0.781,-0.818,0.731,-45.115,-286.685,-40.171,Roll
-0.555,-1.267,0.260,132.659,-286.685,-102.060,Roll
-0.068,-0.357,0.587,286.370,-286.685,-59.412,Roll
0.103,-0.239,0.706,233.704,-286.685,-7.648,Roll
0.657,-0.061,0.571,192.342,-286.685,-27.388,Roll
0.903,0.018,0.462,181.475,-286.685,6.633,Roll
0.789,0.275,0.284,155.041,-286.055,10.028,Roll
1.018,0.397,0.105,120.339,-130.699,-37.502,Roll
1.195,0.672,0.048,48.947,80.115,-46.909,Roll
1.245,0.406,0.297,2.205,234.124,-62.379,Roll
0.948,0.082,0.619,-102.226,286.685,-65.564,Roll
0.749,-0.117,0.820,-155.671,286.685,-72.774,Roll
-0.040,-0.516,0.487,-262.474,286.685,-77.149,Roll
-0.021,-0.647,0.330,-228.331,286.685,-91.621,Roll
-0.512,-0.149,0.636,55.904,286.685,5.329,Roll
-1.231,0.461,1.105,93.179,286.685,47.390,Roll
-1.388,0.436,1.334,-12.294,185.824,-53.847,Roll
-1.345,0.419,1.011,-37.966,2.704,-63.700,Roll
-0.898,-0.037,0.908,-26.285,-286.457,-12.495,Roll
-0.866,-0.623,1.081,-7.245,-286.685,75.871,Roll
-0.788,-0.914,0.616,96.075,-286.685,90.221,Roll
-0.414,-0.270,0.515,181.458,-286.685,46.130,Roll
0.378,-0.112,0.594,206.211,-286.685,109.217,Roll
0.657,0.057,0.666,114.643,-286.685,186.244,Roll
1.021,0.143,0.580,43.374,-286.685,157.264,Roll
1.250,0.177,0.363,59.202,-286.685,100.739,Roll
1.512,0.495,0.223,51.432,-162.864,86.336,Roll
1.182,0.375,-0.005,-57.391,80.736,55.248,Roll
0.966,-0.085,0.095,-119.175,275.818,-43.330,Roll
0.787,-0.341,0.207,-74.209,286.685,-103.408,Roll
0.610,-0.366,0.632,10.351,286.685,-134.803,Roll
-0.129,-0.469,1.025,2.546,286.685,-183.216,Roll
-0.154,-0.702,0.498,-86.686,286.685,-199.535,Roll
0.043,-0.084,0.509,-108.054,286.685,-102.952,Roll
-1.125,-0.061,0.050,36.899,286.685,-13.571,Roll
-1.670,0.697,1.139,32.016,282.931,-41.667,Roll
-1.288,0.463,1.156,59.806,11.331,-92.041,Roll
-1.217,0.398,1.045,-2.082,-185.150,-28.472,Roll
-1.002,-0.236,0.802,-63.385,-286.685,26.066,Roll
-0.652,-0.654,0.528,-12.259,-286.685,48.510,Roll
-0.429,-0.226,0.573,98.088,-286.685,89.801,Roll
-0.085,-0.001,0.680,93.415,-286.685,88.918,Roll
0.090,-0.353,0.495,54.792,-286.685,94.168,Roll
0.644,-0.119,0.623,103.119,-286.685,106.820,Roll
0.909,0.056,0.785,94.334,-286.685,98.621,Roll
1.047,0.105,0.512,61.005,-273.096,94.325,Roll
1.300,0.305,0.377,-7.630,-80.815,71.846,Roll
1.220,0.344,0.379,-68.294,133.997,28.919,Roll
1.106,0.184,0.352,-102.366,286.685,-39.515,Roll
0.842,-0.119,0.513,-109.541,286.685,-77.044,Roll
0.174,-0.568,0.541,-28.298,286.685,-135.345,Roll
-0.081,-0.712,0.611,-25.935,286.685,-168.717,Roll
-0.057,-0.315,0.959,-113.339,286.685,-118.221,Roll
-0.288,-0.075,0.523,-202.169,286.685,-27.825,Roll
-1.204,-0.022,0.427,-136.281,286.685,69.562,Roll
-1.486,0.220,1.166,29.347,248.789,17.176,Roll
-1.508,0.293,1.207,37.476,-57.155,-50.041,Roll
-1.309,-0.104,1.105,-67.567,-286.388,-82.110,Roll
-0.847,-0.759,0.803,-67.139,-286.685,-89.451,Roll
-0.671,-0.640,0.569,64.137,-286.685,-59.929,Roll
-0.563,-0.429,0.508,228.891,-286.685,-21.385,Roll
-0.072,-0.349,0.380,282.231,-286.685,-39.725,Roll
0.510,-0.100,0.356,242.366,-286.685,21.438,Roll
0.802,0.091,0.293,220.167,-286.685,44.572,Roll
1.204,0.322,0.401,142.231,-286.685,46.708,Roll
1.425,0.500,0.434,33.749,-175.735,71.059,Roll
1.336,0.643,0.208,-71.496,56.219,83.799,Roll
1.099,0.406,0.015,-105.586,222.530,34.851,Roll
0.817,-0.015,0.310,-122.973,286.685,-69.755,Roll
0.518,-0.404,0.885,-79.931,286.685,-118.982,Roll
0.015,-0.948,0.117,-109.812,286.685,-93.240,Roll
0.235,-0.166,0.648,-163.441,286.685,-26.924,Roll
-0.487,-0.119,0.196,-163.826,286.685,36.496,Roll
-1.609,-0.197,0.585,29.916,286.685,61.749,Roll
-1.750,0.299,1.385,12.941,274.164,-22.995,Roll
-1.517,0.523,1.150,-8.286,75.530,-65.441,Roll
-1.141,0.045,0.831,-58.362,-255.290,-77.936,Roll
-0.821,-0.382,0.570,-61.574,-286.685,-69.283,Roll
-0.640,-0.592,0.801,24.999,-286.685,-15.680,Roll
-0.717,-0.600,0.775,93.975,-286.685,9.441,Roll
-0.363,-0.472,0.483,184.651,-286.685,-15.549,Roll
0.323,-0.243,0.274,253.120,-286.685,-11.533,Roll
0.650,-0.014,0.404,213.535,-286.685,63.656,Roll
0.931,0.065,0.562,174.038,-286.685,97.475,Roll
1.219,0.391,0.724,79.371,-276.378,98.490,Roll
1.355,0.417,0.492,-23.476,-59.649,74.603,Roll
1.204,0.376,0.323,-95.253,185.404,31.395,Roll
0.871,0.113,0.211,-109.357,286.659,-26.119,Roll
0.528,-0.150,0.463,-65.607,286.685,-133.761,Roll
0.385,-0.379,0.458,-14.123,286.685,-187.268,Roll
0.198,-0.401,0.609,-59.491,286.685,-160.247,Roll
-0.026,0.019,0.811,-203.306,286.685,-122.719,Roll
-0.243,-0.099,0.480,-282.275,286.685,-7.009,Roll
-1.291,-0.546,0.243,-93.126,286.685,86.030,Roll
-1.633,0.072,1.104,62.624,245.385,51.599,Roll
-1.745,0.284,1.257,-8.234,49.158,4.104,Roll
-1.582,0.027,1.082,-63.709,-249.909,-69.020,Roll
-1.169,-0.577,0.583,-73.482,-286.685,-118.239,Roll
-0.274,-1.007,0.539,142.949,-286.685,-83.878,Roll
-0.125,-0.709,0.674,275.424,-286.685,6.781,Roll
-0.123,-0.252,0.563,260.041,-286.685,56.656,Roll
0.217,-0.051,0.302,228.515,-286.685,51.345,Roll
0.630,-0.037,0.408,185.614,-286.685,96.644,Roll
0.879,0.043,0.492,142.152,-286.685,120.426,Roll
1.169,0.421,0.506,68.075,-261.625,87.430,Roll
1.329,0.527,0.210,-42.044,-32.489,83.335,Roll
1.196,0.509,0.104,-58.354,243.994,46.498,Roll
0.842,0.372,0.485,-114.721,286.685,-28.936,Roll
0.274,-0.262,0.559,-102.576,286.685,-212.371,Roll
0.499,-0.636,0.448,-71.759,286.685,-281.374,Roll
0.471,-0.416,0.504,-172.541,286.685,-167.484,Roll
0.066,-0.218,0.847,-241.447,286.685,-91.245,Roll
-1.200,-0.740,0.761,-286.685,286.685,54.294,Roll
-1.867,-0.219,0.984,-143.561,282.783,101.342,Roll
-1.721,0.145,0.925,-37.091,51.345,56.210,Roll
-1.113,0.044,1.210,-21.647,-237.939,40.434,Roll
-0.945,-0.400,0.395,-55.921,-286.685,-26.145,Roll
-0.805,-0.774,0.454,114.651,-286.685,-28.376,Roll
-0.503,-0.512,0.584,204.610,-286.685,2.467,Roll
-0.208,-0.089,0.707,193.016,-286.685,52.763,Roll
0.099,-0.169,0.490,154.849,-286.685,18.996,Roll
0.645,-0.043,0.449,184.975,-286.685,35.254,Roll
0.984,0.192,0.450,171.325,-286.685,57.059,Roll
1.046,0.362,0.440,133.227,-208.495,27.913,Roll
1.315,0.597,0.440,25.847,-72.021,-4.821,Roll
1.146,0.404,0.261,-96.250,148.129,-30.966,Roll
0.810,0.157,0.306,-127.776,286.685,-123.970,Roll
0.568,0.014,0.564,-119.324,286.685,-207.594,Roll
0.636,-0.286,0.485,-144.471,286.685,-268.739,Roll
0.355,-0.378,0.750,-246.234,286.685,-198.476,Roll
0.255,-0.131,1.041,-286.685,286.685,-111.440,Roll
-0.490,-0.561,0.164,-286.073,286.685,16.625,Roll
-1.308,-0.419,0.438,-145.565,286.685,47.206,Roll
-1.648,-0.258,1.525,-34.501,168.341,28.280,Roll
-1.274,-0.317,1.107,-63.096,-185.316,-12.241,Roll
-1.141,-0.533,0.638,-57.741,-286.685,-18.970,Roll
-0.598,-0.908,0.318,101.675,-286.685,-53.559,Roll
-0.325,-0.859,0.548,228.533,-286.685,-37.651,Roll
-0.176,-0.336,0.761,284.594,-286.685,40.171,Roll
0.234,-0.111,0.712,252.079,-286.685,89.372,Roll
0.543,0.028,0.607,200.095,-286.685,113.575,Roll
0.761,0.072,0.424,150.150,-286.685,114.835,Roll
1.022,0.166,0.542,115.106,-286.685,106.006,Roll
1.235,0.288,0.290,14.648,-182.516,93.126,Roll
1.263,0.425,0.289,-27.440,3.316,47.329,Roll
1.245,0.333,0.124,-62.746,147.831,22.024,Roll
0.991,0.036,0.236,-76.842,286.685,-34.834,Roll
0.412,-0.304,0.627,-16.476,286.685,-183.715,Roll
0.008,-0.460,0.537,-11.095,286.685,-286.685,Roll
0.464,-0.126,0.819,-147.262,286.685,-278.749,Roll
0.491,0.020,0.773,-283.631,286.685,-185.098,Roll
-0.176,-0.262,0.483,-286.685,286.685,24.465,Roll
-1.576,-1.172,-0.061,-231.595,286.685,155.549,Roll
-1.953,-0.444,1.021,-13.204,252.928,158.025,Roll
-1.400,-0.113,1.163,-39.130,-87.920,36.522,Roll
-1.186,-0.354,0.755,-21.210,-286.685,-26.031,Roll
-1.112,-0.735,0.549,18.209,-286.685,-106.426,Roll
-0.703,-0.880,0.166,188.020,-286.685,-145.434,Roll
-0.252,-0.458,0.360,284.918,-286.685,-102.603,Roll
0.140,-0.257,0.486,282.818,-286.685,-21.665,Roll
0.562,-0.158,0.540,264.688,-286.685,52.439,Roll
0.858,0.120,0.410,229.626,-286.685,110.950,Roll
0.929,0.221,0.297,198.292,-286.685,121.074,Roll
1.323,0.324,0.276,118.247,-246.041,53.366,Roll
1.464,0.579,0.293,11.524,-34.195,26.556,Roll
1.327,0.367,0.040,-93.433,208.101,2.450,Roll
0.957,0.222,0.198,-87.894,286.685,-40.136,Roll
0.528,-0.427,0.503,-82.180,286.685,-153.571,Roll
-0.203,-0.823,0.689,-44.205,286.685,-241.789,Roll
0.032,-0.338,1.054,-62.178,286.685,-250.819,Roll
0.045,0.077,1.109,-110.565,286.685,-205.249,Roll
-0.617,-0.551,0.015,-286.108,286.685,-68.582,Roll
-1.602,0.147,0.814,-89.959,286.685,-11.042,Roll
-1.509,0.285,1.120,-3.868,127.006,-64.243,Roll
-1.230,0.292,1.183,-9.748,-100.109,-17.596,Roll
-1.061,-0.164,0.781,-90.020,-286.685,-24.097,Roll
-0.713,-0.718,0.560,-59.658,-286.685,-19.556,Roll
-0.546,-0.859,0.465,140.884,-286.685,-3.036,Roll
-0.099,-0.422,0.570,286.650,-286.685,40.224,Roll
0.254,-0.164,0.626,271.591,-286.685,66.448,Roll
0.683,-0.110,0.554,203.341,-286.685,84.735,Roll
1.036,0.164,0.565,151.646,-286.685,107.835,Roll
1.034,0.323,0.423,136.439,-220.255,87.474,Roll
1.357,0.497,0.507,73.614,-74.821,56.044,Roll
1.317,0.461,0.208,-18.427,118.685,17.535,Roll
1.007,0.130,0.251,-64.120,286.545,-37.905,Roll
0.650,-0.137,0.490,-89.162,286.685,-134.855,Roll
0.135,-0.694,0.517,-54.556,286.685,-201.224,Roll
0.205,-0.491,0.836,-7.516,286.685,-239.960,Roll
0.062,-0.002,0.840,-49.665,286.685,-264.617,Roll
0.122,-0.016,0.600,-189.262,286.685,-236.679,Roll
-0.542,-0.519,0.168,-215.005,286.685,-105.088,Roll
-1.523,0.130,1.098,-16.170,284.979,11.515,Roll
-1.725,0.553,1.354,-89.259,28.805,3.815,Roll
-1.592,0.176,0.898,-123.664,-272.965,-34.300,Roll
-1.221,-0.442,0.865,-142.660,-286.685,-49.280,Roll
-0.648,-0.974,0.510,-32.419,-286.685,-47.346,Roll
-0.299,-0.729,0.669,210.280,-286.685,17.001,Roll
-0.062,-0.235,0.882,259.840,-286.685,67.952,Roll
0.193,-0.091,0.986,166.696,-286.685,102.034,Roll
0.423,-0.109,0.626,126.420,-286.685,94.754,Roll
0.819,-0.127,0.385,101.824,-286.685,72.616,Roll
0.978,-0.030,0.256,64.776,-255.334,73.885,Roll
1.335,0.230,0.413,51.371,-100.415,43.811,Roll
1.193,0.377,0.329,-14.114,103.276,27.125,Roll
0.934,0.250,0.143,-53.060,286.414,-40.127,Roll
0.297,-0.154,0.573,-41.405,286.685,-134.102,Roll
0.156,-0.610,0.591,-36.732,286.685,-211.409,Roll
0.339,-0.488,0.872,-50.960,286.685,-208.285,Roll
0.149,-0.286,0.634,-130.375,286.685,-166.416,Roll
-0.287,-0.343,0.695,-174.212,286.685,-108.071,Roll
-0.902,-0.640,0.507,-28.866,286.685,-33.766,Roll
-1.543,0.379,1.249,44.695,286.230,-52.666,Roll
-1.408,0.223,1.160,-25.007,28.122,-102.918,Roll
-1.179,-0.268,0.725,-15.400,-235.051,-57.269,Roll
-0.835,-0.793,0.843,24.071,-286.685,-53.638,Roll
-0.400,-0.971,0.744,111.974,-286.685,-20.204,Roll
-0.164,-0.595,0.630,261.494,-286.685,84.656,Roll
0.056,-0.395,0.762,286.685,-286.685,156.844,Roll
0.255,-0.189,0.660,248.071,-286.685,213.833,Roll
0.436,-0.113,0.625,177.529,-286.685,240.800,Roll
0.877,-0.158,0.122,178.264,-286.685,249.524,Roll
1.104,0.515,0.359,175.919,-284.777,251.134,Roll
1.137,0.690,0.348,30.179,-153.046,186.139,Roll
1.742,0.676,0.116,-28.472,-20.440,140.980,Roll
0.949,0.280,0.394,-99.330,217.175,78.995,Roll
0.829,-0.247,0.177,-129.054,286.685,-124.058,Roll
0.160,-0.670,0.684,82.486,286.685,-233.590,Roll
-0.658,-0.692,0.912,168.709,286.685,-285.626,Roll
0.055,-0.243,0.913,-2.931,286.685,-286.685,Roll
-0.116,-0.177,0.684,-42.542,286.685,-280.499,Roll
-0.850,0.304,0.795,-79.905,286.685,-159.994,Roll
-1.415,0.089,0.727,-126.989,286.685,-168.648,Roll
-1.590,0.527,1.313,-9.993,204.400,-164.798,Roll
-1.425,0.307,1.024,-5.014,-128.249,-74.620,Roll
-0.870,-0.438,0.728,0.779,-286.685,-10.413,Roll
-0.356,-0.833,0.547,74.988,-286.685,26.941,Roll
0.028,-0.692,0.455,169.137,-286.685,78.295,Roll
-0.049,-0.514,0.904,248.360,-286.685,181.143,Roll
0.218,-0.354,0.711,156.354,-286.685,177.345,Roll
0.478,-0.030,0.608,165.349,-286.685,171.202,Roll
0.833,0.024,0.579,152.600,-286.685,153.458,Roll
0.916,0.166,0.518,104.659,-257.801,129.920,Roll
1.006,0.635,0.493,7.359,-91.875,110.775,Roll
1.039,0.745,0.329,-74.051,91.560,51.249,Roll
1.063,0.644,0.340,-113.251,243.758,11.769,Roll
0.675,0.046,0.558,-120.986,286.685,-92.872,Roll
0.525,-0.908,0.336,-85.960,286.685,-228.839,Roll
0.738,-0.628,0.605,-114.896,286.685,-200.305,Roll
0.325,-0.192,0.920,-207.182,286.685,-100.450,Roll
-0.321,-0.312,0.631,-247.196,286.685,-13.554,Roll
-1.164,-0.540,0.867,-137.209,286.685,34.536,Roll
-1.567,-0.205,1.553,-7.823,129.220,17.579,Roll
-1.385,-0.262,1.197,-3.089,-79.345,-55.291,Roll
-0.716,-0.423,0.745,57.435,-286.659,-104.974,Roll
-0.374,-0.517,0.698,115.106,-286.685,-44.240,Roll
-0.304,-0.562,0.727,201.320,-286.685,25.532,Roll
-0.171,-0.396,0.721,198.800,-286.685,37.625,Roll
0.052,-0.454,0.563,150.273,-286.685,55.982,Roll
0.567,-0.248,0.585,108.465,-286.685,91.980,Roll
0.927,-0.105,0.311,122.535,-286.685,64.872,Roll
1.148,0.114,0.362,151.602,-275.879,74.191,Roll
1.422,0.345,0.309,77.289,-145.163,79.301,Roll
1.337,0.514,0.044,-1.426,79.537,63.236,Roll
1.175,0.340,0.079,3.098,283.544,-23.188,Roll
0.898,0.186,0.532,-0.639,286.685,-92.960,Roll
0.499,-0.477,0.413,-52.955,286.685,-223.195,Roll
0.562,-0.762,0.274,-74.471,286.685,-215.364,Roll
0.252,-0.079,0.879,-57.724,286.685,-120.479,Roll
0.170,0.229,1.098,-122.159,286.685,-73.771,Roll
-0.322,-0.051,0.367,-260.540,286.685,24.868,Roll
-1.264,-0.442,0.701,-69.912,285.871,81.183,Roll
-1.461,0.007,1.507,-17.894,86.223,32.340,Roll
-1.116,-0.267,1.249,-27.536,-105.857,-13.545,Roll
-0.937,-0.242,1.124,-10.876,-286.685,16.923,Roll
-0.763,-0.703,0.788,-12.329,-286.685,43.216,Roll
-0.569,-0.787,0.551,132.694,-286.685,56.569,Roll
-0.541,-0.213,0.688,199.911,-286.685,70.516,Roll
0.112,-0.049,0.490,137.550,-286.685,54.644,Roll
1.023,-0.173,0.361,96.819,-286.685,66.360,Roll
1.331,-0.127,0.435,110.232,-286.685,115.106,Roll
1.440,0.164,0.593,139.143,-222.329,139.869,Roll
1.373,0.401,0.491,51.826,-49.674,120.146,Roll
1.084,0.289,0.262,0.289,149.739,60.016,Roll
0.954,0.174,0.118,-58.362,277.226,-6.930,Roll
0.617,-0.097,0.226,-84.324,286.685,-120.295,Roll
0.478,-0.375,0.118,29.776,286.685,-222.154,Roll
0.136,-0.230,0.842,69.527,286.685,-253.216,Roll
-0.015,-0.255,0.998,-36.382,286.685,-259.788,Roll
0.066,-0.479,0.662,-171.273,286.685,-227.710,Roll
-0.352,-0.337,0.745,-162.417,286.685,-68.486,Roll
-1.509,-0.082,0.988,-135.336,286.685,20.571,Roll
-1.673,0.077,1.407,-67.725,123.147,-7.175,Roll
-1.317,0.067,1.322,-111.659,-115.238,-49.088,Roll
-1.167,-0.440,0.814,-109.165,-286.685,-116.393,Roll
-0.426,-0.952,0.381,-2.642,-286.685,-114.765,Roll
-0.188,-0.828,0.167,211.584,-286.685,-43.199,Roll
-0.161,-0.194,0.841,244.851,-286.685,30.888,Roll
0.095,-0.221,0.844,189.840,-286.685,14.114,Roll
0.596,-0.235,0.457,155.242,-286.685,-3.570,Roll
0.856,0.004,0.363,154.254,-286.685,22.173,Roll
0.956,0.345,0.352,130.804,-201.696,38.412,Roll
0.963,0.432,0.617,86.879,-63.263,41.081,Roll
1.074,0.527,0.636,-45.719,131.889,-32.638,Roll
0.729,0.089,0.514,-93.669,286.624,-108.955,Roll
0.757,-0.205,0.520,-21.884,286.685,-193.191,Roll
0.849,-0.304,0.655,13.974,286.685,-219.739,Roll
0.547,-0.155,0.660,-119.245,286.685,-158.559,Roll
-0.109,-0.135,0.877,-283.859,286.685,-58.634,Roll
-0.719,-0.448,0.734,-281.348,286.685,34.842,Roll
-1.094,-0.436,0.690,-228.130,286.685,87.649,Roll
-1.514,-0.088,1.194,-73.981,219.240,73.518,Roll
-1.264,-0.076,1.214,-47.810,-47.618,-17.622,Roll
-1.012,-0.259,0.731,-38.920,-286.466,-91.796,Roll
-0.608,-0.571,0.611,74.743,-286.685,-74.025,Roll
-0.467,-0.820,0.647,139.659,-286.685,-31.360,Roll
-0.267,-0.451,0.658,238.639,-286.685,-4.839,Roll
0.206,-0.334,0.678,230.151,-286.685,6.738,Roll
0.450,-0.190,0.534,212.240,-286.685,46.541,Roll
0.918,0.041,0.443,189.315,-286.685,65.109,Roll
1.039,0.317,0.539,161.936,-276.124,68.618,Roll
1.233,0.503,0.542,62.624,-88.900,35.761,Roll
1.301,0.531,0.499,0.744,118.177,2.713,Roll
1.000,0.191,0.301,-68.390,255.316,-38.377,Roll
0.667,-0.071,0.463,-62.055,286.685,-101.229,Roll
0.075,-0.416,0.466,-26.180,286.685,-162.391,Roll
0.133,-0.517,0.413,-57.479,286.685,-158.699,Roll
-0.028,-0.288,0.851,-102.270,286.685,-125.545,Roll
-0.302,-0.159,0.584,-168.508,286.685,-33.014,Roll
-1.006,0.079,0.483,-146.274,286.685,49.429,Roll
-1.523,0.576,1.245,-88.629,196.656,42.604,Roll
-1.437,0.310,1.318,-73.815,2.879,3.841,Roll
-1.331,-0.198,1.102,-112.105,-286.204,-46.428,Roll
-1.053,-0.699,0.519,-115.728,-286.685,-61.967,Roll
-0.454,-0.661,0.325,80.404,-286.685,-66.640,Roll
-0.198,-0.380,0.438,194.932,-286.685,-40.801,Roll
0.216,-0.026,0.881,197.592,-286.685,-10.754,Roll
0.601,-0.153,0.646,158.445,-286.685,-9.161,Roll
0.915,0.097,0.506,147.035,-286.685,5.206,Roll
1.038,0.237,0.549,143.841,-261.581,6.405,Roll
1.163,0.397,0.657,90.886,-80.605,-5.784,Roll
1.103,0.437,0.533,-42.936,103.688,-30.940,Roll
0.874,0.232,0.460,-87.570,277.533,-94.666,Roll
0.854,0.005,0.467,-92.601,286.685,-137.830,Roll
0.396,-0.447,0.408,-75.574,286.685,-154.000,Roll
0.251,-0.254,0.592,-137.008,286.685,-155.111,Roll
0.107,-0.048,0.817,-191.441,286.685,-116.043,Roll
-0.215,-0.102,0.603,-284.121,286.685,-6.256,Roll
-1.211,-0.475,0.349,-243.355,286.685,54.232,Roll
-1.686,0.157,1.186,-91.149,176.199,37.537,Roll
-1.427,-0.034,1.080,-59.106,-109.384,-8.540,Roll
-1.363,-0.146,1.055,-43.173,-286.685,-52.868,Roll
-0.972,-0.478,0.589,-22.942,-286.685,-73.386,Roll
-0.550,-0.689,0.319,119.070,-286.685,-105.402,Roll
-0.196,-0.346,0.442,273.796,-286.685,-98.577,Roll
0.142,-0.209,0.635,286.685,-286.685,-77.394,Roll
0.570,-0.037,0.549,262.176,-286.685,-24.754,Roll
0.886,0.105,0.469,219.494,-286.685,0.866,Roll
1.261,0.395,0.635,135.205,-286.685,3.491,Roll
1.501,0.713,0.512,77.368,-116.034,42.630,Roll
1.148,0.898,0.609,-36.251,101.885,37.109,Roll
1.039,0.648,0.059,-84.035,254.485,-7.682,Roll
0.834,0.367,0.423,-74.760,286.685,-80.412,Roll
0.402,-0.535,0.641,-145.215,286.685,-116.637,Roll
0.474,-0.640,0.453,-159.128,286.685,-99.286,Roll
0.226,-0.007,0.830,-153.107,286.685,-73.500,Roll
-0.146,0.012,0.825,-213.334,286.685,-15.802,Roll
-0.785,-0.395,0.195,-237.536,286.685,65.406,Roll
-1.334,-0.112,0.562,-105.901,284.681,90.869,Roll
-1.679,0.154,1.210,-36.111,106.706,25.708,Roll
-1.106,-0.091,1.256,-108.272,-234.395,-21.333,Roll
-1.009,-0.313,0.736,-94.509,-286.685,-80.229,Roll
-0.714,-0.667,0.454,-9.940,-286.685,-101.150,Roll
-0.534,-0.742,0.112,33.705,-286.685,-98.298,Roll
0.263,-0.306,0.423,206.762,-286.685,-98.717,Roll
0.838,-0.001,0.742,242.270,-286.685,-21.315,Roll
1.060,0.049,0.495,117.582,-286.685,23.520,Roll
1.224,0.131,0.279,109.637,-274.111,24.334,Roll
1.434,0.418,0.545,126.228,-81.174,29.278,Roll
1.164,0.489,0.518,13.650,148.680,36.750,Roll
0.699,0.284,0.472,-94.535,286.685,-27.449,Roll
0.571,-0.053,0.331,-115.588,286.685,-81.777,Roll
0.404,-0.551,0.353,2.432,286.685,-127.216,Roll
0.295,-0.378,0.587,-42.271,286.685,-113.426,Roll
0.052,-0.302,0.708,-118.396,286.685,-131.740,Roll
-0.073,-0.110,0.670,-159.171,286.685,-105.481,Roll
-0.594,-0.298,0.513,-210.919,286.685,-16.835,Roll
-1.428,-0.072,0.881,-102.559,282.704,51.800,Roll
-1.774,0.185,1.150,-57.470,87.150,-3.797,Roll
-1.297,-0.032,1.301,-85.391,-220.771,-28.420,Roll
-1.273,-0.484,0.869,-92.820,-286.685,-52.290,Roll
-0.772,-0.906,0.681,-8.540,-286.685,-100.030,Roll
-0.430,-0.733,0.573,114.319,-286.685,-65.240,Roll
-0.109,-0.412,0.511,225.977,-286.685,-32.909,Roll
0.304,-0.209,0.387,229.591,-286.685,-45.377,Roll
0.761,-0.078,0.543,238.236,-286.685,-29.566,Roll
1.019,0.105,0.577,157.080,-286.685,25.506,Roll
1.249,0.264,0.519,84.175,-231.569,40.329,Roll
1.195,0.567,0.293,48.589,-37.135,32.104,Roll
1.081,0.524,0.137,15.172,95.673,10.509,Roll
0.972,0.295,0.212,-67.646,281.505,-42.910,Roll
0.734,-0.201,0.625,-108.841,286.685,-124.679,Roll
0.433,-0.650,0.393,-74.034,286.685,-161.114,Roll
0.433,-0.435,0.512,-41.361,286.685,-133.875,Roll
-0.005,-0.093,0.958,-35.726,286.685,-108.369,Roll
-0.247,0.089,0.998,-116.629,286.685,-83.125,Roll
-0.855,-0.344,0.389,-219.039,286.685,-8.015,Roll
-1.177,-0.011,0.670,-91.175,268.931,42.639,Roll
-1.503,0.428,1.133,-58.713,87.509,42.131,Roll
-1.147,-0.045,1.138,-113.059,-220.019,23.161,Roll
-1.071,-0.425,0.741,-96.250,-286.685,-26.801,Roll
-0.597,-0.766,0.624,-22.199,-286.685,-65.354,Roll
-0.530,-0.701,0.587,29.680,-286.685,-50.566,Roll
-0.114,-0.477,0.489,130.961,-286.685,-51.485,Roll
0.492,-0.112,0.572,208.355,-286.685,-49.805,Roll
0.845,0.140,0.522,188.606,-286.685,-38.010,Roll
0.987,0.135,0.388,140.026,-286.685,-28.726,Roll
1.257,0.353,0.225,124.591,-214.375,-47.941,Roll
1.455,0.676,0.359,70.543,0.149,-39.804,Roll
1.163,0.412,0.206,-66.920,243.303,-36.347,Roll
0.962,0.226,0.419,-112.910,286.685,-64.549,Roll
0.698,-0.468,0.612,-137.331,286.685,-111.562,Roll
0.605,-0.422,0.337,-70.997,286.685,-129.299,Roll
0.253,-0.091,0.752,-97.904,286.685,-82.031,Roll
0.065,0.040,0.762,-164.080,286.685,-52.876,Roll
-0.403,0.016,0.392,-262.964,286.685,31.176,Roll
-1.225,-0.166,0.686,-115.281,262.465,87.010,Roll
-1.427,0.007,1.460,-64.864,73.526,51.013,Roll
-1.242,0.014,1.425,-65.966,-136.973,-1.549,Roll
-1.034,-0.204,0.872,-57.689,-286.685,-55.195,Roll
-0.613,-0.450,0.561,25.646,-286.685,-91.866,Roll
-0.218,-0.560,0.384,127.890,-286.685,-85.050,Roll
0.117,-0.279,0.562,243.530,-286.685,-72.485,Roll
0.600,-0.096,0.987,201.092,-286.685,-62.606,Roll
0.941,0.061,0.618,136.062,-286.685,-30.844,Roll
1.085,0.247,0.295,171.447,-281.321,-18.419,Roll
1.355,0.446,0.428,158.690,-184.284,-18.471,Roll
1.364,0.605,0.488,19.022,39.287,1.558,Roll
0.911,0.360,0.431,-92.785,271.241,-32.121,Roll
0.682,-0.113,0.477,-118.387,286.685,-102.393,Roll
0.671,-0.424,0.379,-97.956,286.685,-113.479,Roll
0.604,-0.278,0.501,-36.934,286.685,-80.080,Roll
0.177,0.119,0.799,-148.409,286.685,-75.189,Roll
-0.227,0.144,0.836,-285.661,286.685,-22.243,Roll
-0.697,-0.258,0.264,-274.908,286.685,29.409,Roll
-1.111,-0.066,0.746,-60.480,244.510,65.293,Roll
-1.341,0.021,1.320,-75.609,70.254,27.020,Roll
-0.980,-0.001,1.048,-96.329,-226.048,-45.614,Roll
-0.785,-0.058,0.631,-74.296,-286.685,-65.887,Roll
-0.397,-0.527,0.540,34.107,-286.685,-38.447,Roll
-0.404,-0.703,0.888,157.675,-286.685,-26.985,Roll
0.001,-0.409,1.056,181.755,-286.685,-39.751,Roll
0.476,-0.042,0.826,167.204,-286.685,-18.970,Roll
0.769,0.147,0.657,162.129,-286.685,-2.940,Roll
0.913,0.220,0.408,138.565,-286.685,21.061,Roll
1.205,0.542,0.423,113.558,-164.010,0.744,Roll
1.324,0.538,0.523,28.796,25.454,-18.366,Roll
1.221,0.377,0.444,-43.120,155.899,-24.526,Roll
1.079,0.206,0.432,-106.540,286.685,-28.017,Roll
0.533,-0.601,0.178,-75.950,286.685,-49.604,Roll
0.420,-0.625,0.264,8.575,286.685,-74.410,Roll
0.021,-0.219,0.771,-6.020,286.685,-84.674,Roll
-0.074,0.058,0.843,-87.456,286.685,-95.323,Roll
-0.552,-0.150,0.231,-235.436,286.685,-10.526,Roll
-0.996,-0.162,0.341,-150.202,283.430,-13.895,Roll
-1.203,0.031,0.983,-98.796,214.393,-66.518,Roll
-1.206,0.121,1.075,-56.796,5.941,-67.244,Roll
-1.032,-0.018,1.211,-76.536,-272.991,-22.155,Roll
-0.595,-0.777,0.796,-45.089,-286.685,-17.360,Roll
-0.401,-0.818,0.841,20.064,-286.685,-3.062,Roll
-0.337,-0.561,0.867,128.958,-286.685,11.200,Roll
0.009,-0.356,0.784,195.650,-286.685,-6.729,Roll
0.682,0.043,0.773,189.227,-286.685,0.586,Roll
1.104,0.115,0.695,151.751,-286.685,5.784,Roll
1.258,0.222,0.493,149.284,-276.596,24.552,Roll
1.172,0.341,0.503,95.384,-89.022,8.496,Roll
0.992,0.220,0.224,-44.616,95.077,-29.216,Roll
0.872,0.235,0.326,-38.990,230.143,-86.082,Roll
0.653,-0.003,0.364,-51.940,286.685,-154.262,Roll
0.413,-0.400,0.511,-29.899,286.685,-184.756,Roll
0.305,-0.301,0.622,-117.250,286.685,-206.185,Roll
0.113,-0.071,0.728,-166.023,286.685,-178.867,Roll
-0.060,-0.092,0.875,-217.709,286.685,-125.878,Roll
-0.747,-0.375,0.581,-238.420,286.685,-11.725,Roll
-1.340,0.103,1.183,-72.616,210.805,29.426,Roll
-1.228,0.091,1.462,-47.749,-49.306,19.644,Roll
-1.037,-0.036,1.226,-82.801,-269.168,39.095,Roll
-0.851,-0.430,0.513,-22.321,-286.685,40.434,Roll
-0.583,-0.520,0.341,158.191,-286.685,73.964,Roll
-0.303,-0.120,0.758,262.168,-286.685,72.004,Roll
0.252,-0.116,0.942,217.333,-286.685,82.408,Roll
0.674,-0.261,0.935,139.562,-286.685,130.191,Roll
0.837,0.017,0.596,108.019,-286.685,139.878,Roll
1.064,0.276,0.492,90.090,-277.559,111.799,Roll
1.143,0.305,0.409,52.377,-160.247,66.544,Roll
1.152,0.330,0.453,-20.860,42.822,-11.917,Roll
0.975,0.243,0.336,-79.537,266.201,-81.375,Roll
0.758,0.057,0.432,-73.701,286.685,-155.890,Roll
0.505,-0.345,0.430,-79.564,286.685,-190.260,Roll
0.227,-0.222,0.567,-94.185,286.685,-202.344,Roll
0.003,-0.069,0.678,-139.790,286.685,-224.569,Roll
-0.386,-0.367,0.593,-185.185,286.685,-166.311,Roll
-0.739,-0.138,0.730,-196.402,286.685,-125.571,Roll
-0.926,-0.067,0.962,-104.195,206.570,-121.074,Roll
-1.229,-0.246,1.347,-6.545,-25.917,-53.436,Roll
-1.096,-0.269,1.376,-19.504,-281.146,3.754,Roll
-0.743,-0.623,0.917,-56.490,-286.685,-4.961,Roll
-0.318,-0.923,0.386,9.756,-286.685,-40.075,Roll
0.073,-0.551,0.483,243.801,-286.685,21.096,Roll
0.248,-0.115,0.839,257.478,-286.685,73.911,Roll
0.551,-0.145,0.801,209.764,-286.685,84.341,Roll
0.829,-0.043,0.679,156.126,-286.685,100.896,Roll
1.013,0.216,0.600,105.910,-275.546,95.296,Roll
1.027,0.354,0.726,58.459,-129.404,69.037,Roll
1.032,0.355,0.506,-0.123,-17.649,27.396,Roll
1.064,0.355,0.247,-57.873,191.783,-28.201,Roll
0.897,0.132,0.375,-53.812,286.685,-81.926,Roll
0.553,-0.437,0.284,-42.612,286.685,-141.059,Roll
0.504,-0.591,0.312,-73.885,286.685,-146.475,Roll
0.176,-0.308,0.555,-85.339,286.685,-97.755,Roll
-0.174,-0.186,0.821,-113.776,286.685,-44.958,Roll
-0.759,-0.359,0.793,-138.355,286.685,19.233,Roll
-1.177,-0.224,0.943,-44.756,285.897,31.404,Roll
-1.357,0.229,1.268,18.917,135.739,9.511,Roll
-1.064,0.143,1.283,-3.036,-167.921,-17.386,Roll
-0.798,-0.345,0.857,-10.159,-286.685,-38.509,Roll
-0.586,-0.690,0.715,11.568,-286.685,-44.345,Roll
-0.282,-0.798,0.597,66.754,-286.685,-17.649,Roll
0.015,-0.494,0.621,120.872,-286.685,33.513,Roll
0.546,-0.234,0.541,134.872,-286.685,54.443,Roll
0.871,-0.083,0.413,157.614,-286.685,67.524,Roll
1.198,0.248,0.475,158.760,-286.685,78.890,Roll
1.386,0.529,0.550,91.122,-189.954,46.646,Roll
1.341,0.585,0.333,-19.845,25.209,13.685,Roll
1.136,0.442,0.195,-71.811,181.545,-20.335,Roll
0.816,0.028,0.261,-46.909,286.685,-89.058,Roll
0.613,-0.451,0.440,-25.944,286.685,-178.955,Roll
0.708,-0.413,0.500,-62.667,286.685,-162.181,Roll
0.324,-0.411,0.462,-77.088,286.685,-111.580,Roll
-0.105,-0.328,0.632,-29.251,286.685,-107.424,Roll
-0.372,-0.100,0.876,-47.556,286.685,-85.575,Roll
-0.595,-0.013,0.789,-95.357,286.685,-16.879,Roll
-1.222,0.071,0.981,-76.011,281.890,19.792,Roll
-1.646,0.296,1.103,-63.000,71.146,8.645,Roll
-0.870,0.062,1.212,-79.529,-212.774,-3.902,Roll
-0.877,-0.135,0.892,-91.175,-286.685,29.041,Roll
-0.628,-0.669,0.580,-7.088,-286.685,25.471,Roll
-0.478,-0.493,0.616,99.181,-286.685,24.649,Roll
0.010,-0.312,0.750,117.040,-286.685,19.267,Roll
0.483,-0.255,0.719,104.107,-286.685,9.459,Roll
0.805,-0.253,0.489,51.599,-286.685,61.136,Roll
1.117,0.035,0.508,114.293,-286.685,58.100,Roll
1.324,0.371,0.552,92.426,-225.120,41.746,Roll
1.335,0.422,0.330,30.520,-97.046,22.347,Roll
1.217,0.352,0.105,-52.334,112.997,-9.354,Roll
1.011,0.070,0.225,-51.660,286.685,-63.656,Roll
0.819,-0.222,0.240,-22.890,286.685,-120.698,Roll
0.668,-0.437,0.225,-20.090,286.685,-123.007,Roll
0.154,-0.238,0.350,-77.158,286.685,-84.796,Roll
-0.270,-0.148,0.720,-91.927,286.685,-74.419,Roll
-0.391,-0.252,0.646,-110.609,286.685,-72.756,Roll
-0.447,-0.396,0.627,-84.647,286.685,-9.993,Roll
-1.437,0.131,1.054,-71.452,286.685,84.359,Roll
-1.344,0.294,1.165,-75.408,128.695,96.320,Roll
-1.432,0.526,1.371,-91.954,-135.607,90.037,Roll
-1.332,-0.236,0.885,-125.860,-286.685,30.371,Roll
-1.012,-0.521,0.641,-79.914,-286.685,-37.730,Roll
-0.625,-0.314,0.392,50.260,-286.685,-68.014,Roll
-0.001,-0.147,0.533,134.216,-286.685,-74.130,Roll
0.504,-0.184,0.601,142.923,-286.685,-76.562,Roll
0.962,-0.152,0.631,121.109,-286.685,-16.345,Roll
1.072,0.201,0.540,127.619,-285.355,3.447,Roll
1.199,0.531,0.491,75.040,-134.575,-30.896,Roll
1.088,0.444,0.389,3.859,84.035,-94.351,Roll
0.864,0.341,0.406,-99.426,242.952,-148.741,Roll
0.618,-0.078,0.508,-128.949,286.685,-221.349,Roll
0.738,-0.257,0.539,-122.762,286.685,-201.268,Roll
0.580,-0.085,0.729,-172.804,286.685,-120.654,Roll
0.244,-0.217,0.713,-197.216,286.685,-83.519,Roll
-0.177,-0.270,0.741,-205.923,286.685,-60.970,Roll
-0.841,-0.410,0.557,-213.964,286.685,7.105,Roll
-1.304,-0.053,1.173,-27.956,197.566,25.629,Roll
-1.430,0.109,1.277,-18.655,-53.760,-1.199,Roll
-1.246,-0.330,1.224,-60.287,-265.090,-13.694,Roll
-0.592,-0.649,0.782,-14.892,-286.685,-24.439,Roll
-0.235,-0.829,0.415,103.311,-286.685,-30.494,Roll
-0.082,-0.199,0.632,178.955,-286.685,23.520,Roll
0.211,0.004,0.720,167.309,-286.685,16.538,Roll
0.903,-0.131,0.733,151.777,-286.685,3.246,Roll
0.998,-0.010,0.618,157.876,-286.685,6.414,Roll
1.067,0.287,0.460,134.321,-247.048,-31.876,Roll
1.027,0.492,0.312,101.474,-146.825,-45.141,Roll
1.007,0.567,0.174,3.885,31.675,-49.796,Roll
1.008,0.453,0.133,-95.016,244.300,-29.619,Roll
0.839,0.049,0.305,-112.901,286.685,-27.046,Roll
0.826,-0.181,0.364,-104.151,286.685,-29.969,Roll
0.581,-0.336,0.394,-99.820,286.685,-7.508,Roll
0.321,-0.217,0.432,-141.803,286.685,-4.130,Roll
0.031,-0.218,0.550,-194.705,286.685,12.967,Roll
-0.509,-0.215,0.424,-168.070,286.685,41.589,Roll
-1.318,-0.130,0.940,-92.829,286.160,87.509,Roll
-1.494,-0.051,1.443,-89.793,104.545,39.970,Roll
-1.285,-0.077,1.424,-72.327,-79.844,-4.532,Roll
-1.086,-0.366,1.016,-89.661,-286.685,-72.923,Roll
-0.747,-0.707,0.662,-32.585,-286.685,-94.360,Roll
-0.421,-0.677,0.721,67.707,-286.685,-61.241,Roll
-0.139,-0.354,0.642,194.836,-286.685,-110.198,Roll
0.295,-0.344,0.484,198.844,-286.685,-137.095,Roll
0.830,-0.261,0.469,176.146,-286.685,-71.234,Roll
1.047,-0.020,0.379,134.846,-286.685,3.631,Roll
1.238,0.208,0.199,149.039,-275.992,13.248,Roll
1.382,0.551,0.399,111.230,-155.724,44.153,Roll
1.363,0.466,0.206,5.407,41.641,68.460,Roll
1.161,0.230,0.110,-27.239,273.280,55.632,Roll
0.800,-0.112,0.136,-12.950,286.685,-24.439,Roll
0.285,-0.249,0.385,9.415,286.685,-93.188,Roll
-0.431,-0.379,0.558,-38.876,286.685,-169.129,Roll
0.070,-0.232,0.438,-101.255,286.685,-146.195,Roll
-0.426,-0.283,0.485,-63.656,286.685,-39.655,Roll
-1.039,0.113,0.812,-60.305,286.685,38.728,Roll
-1.428,0.215,1.400,-66.168,203.788,29.461,Roll
-1.241,0.105,1.238,-66.658,-80.964,1.558,Roll
-1.104,-0.212,0.743,-29.689,-286.685,-28.647,Roll
-0.644,-0.217,0.775,-1.986,-286.685,-73.500,Roll
-0.382,-0.490,0.558,8.304,-286.685,-8.610,Roll
-0.267,-0.256,0.644,147.962,-286.685,26.154,Roll
0.092,-0.380,0.725,126.683,-286.685,0.761,Roll
0.328,-0.274,0.558,110.714,-286.685,-39.428,Roll
0.955,0.070,0.426,143.754,-286.685,-49.018,Roll
1.457,0.161,0.423,118.073,-276.089,-32.384,Roll
1.535,0.483,0.310,76.186,-75.154,0.123,Roll
1.342,0.550,0.299,24.491,40.845,-0.201,Roll
1.076,0.311,0.045,-35.438,232.855,-20.370,Roll
0.773,0.253,0.291,-39.156,286.685,-43.584,Roll
0.502,-0.132,0.603,-130.095,286.685,-100.170,Roll
-0.187,-0.605,0.685,-171.745,286.685,-135.940,Roll
0.042,-0.511,0.388,-166.670,286.685,-151.952,Roll
-0.187,0.014,0.838,-119.210,286.685,-75.154,Roll
-1.010,-0.188,0.455,-196.490,286.685,6.668,Roll
-1.483,0.177,1.172,-98.586,198.091,-3.203,Roll
-1.380,-0.009,1.115,-104.449,47.276,-39.375,Roll
-1.059,-0.303,1.035,-58.774,-234.789,-46.410,Roll
-0.822,-0.553,0.539,41.729,-286.685,-69.702,Roll
-0.470,-0.454,0.666,162.190,-286.685,-31.369,Roll
-0.238,-0.397,0.425,223.825,-286.685,-21.831,Roll
0.297,-0.225,0.750,285.451,-286.685,24.692,Roll
0.617,-0.224,0.841,182.831,-286.685,90.764,Roll
0.628,0.098,0.727,56.963,-286.685,135.555,Roll
0.858,0.149,0.321,50.120,-286.685,60.261,Roll
1.671,0.587,0.274,98.079,-241.176,26.189,Roll
1.515,0.635,0.319,-14.665,14.464,49.709,Roll
1.092,0.226,-0.037,-68.714,272.081,17.010,Roll
0.943,0.047,0.032,-47.022,286.685,-20.405,Roll
0.766,-0.277,0.508,-100.511,286.685,-73.552,Roll
0.129,-0.746,0.547,-61.941,286.685,-97.755,Roll
0.137,-0.320,0.635,-114.170,286.685,-80.290,Roll
-0.065,-0.163,0.686,-137.393,286.685,-30.739,Roll
-0.834,-0.078,0.650,-136.159,286.685,50.759,Roll
-1.167,0.162,1.003,-109.253,269.010,34.685,Roll
-1.227,-0.129,1.284,-32.139,2.949,-5.941,Roll
-1.229,-0.321,1.241,-9.931,-230.081,-13.738,Roll
-0.857,-0.362,0.656,8.890,-286.685,-83.247,Roll
-0.426,-0.430,0.430,111.221,-286.685,-85.164,Roll
-0.031,-0.377,0.575,220.666,-286.685,-43.995,Roll
0.158,-0.275,0.831,192.570,-286.685,-0.070,Roll
0.654,-0.219,0.821,151.051,-286.685,23.704,Roll
0.828,0.069,0.592,133.560,-286.685,43.094,Roll
0.977,0.301,0.352,126.350,-286.650,15.698,Roll
1.270,0.488,0.246,74.183,-157.920,-7.980,Roll
1.386,0.636,0.251,29.925,-16.896,-6.860,Roll
1.169,0.332,0.076,-57.059,200.751,-6.195,Roll
0.908,0.097,0.262,-71.286,286.685,-41.423,Roll
0.889,-0.128,0.384,-117.486,286.685,-74.340,Roll
0.559,-0.393,0.748,-162.304,286.685,-84.122,Roll
0.224,-0.553,0.643,-170.345,286.685,-87.308,Roll
0.342,-0.096,0.759,-186.279,286.685,-68.880,Roll
0.011,-0.074,0.577,-222.574,286.685,-20.230,Roll
-1.009,-0.350,0.582,-52.089,286.685,76.501,Roll
-1.427,0.078,1.207,-25.664,160.834,35.534,Roll
-1.366,0.126,1.135,-68.521,-115.430,-5.128,Roll
-1.150,-0.148,0.846,-107.319,-283.561,-32.287,Roll
-0.865,-0.445,0.680,-16.266,-286.685,-78.496,Roll
-0.649,-0.733,0.976,47.932,-286.685,-57.409,Roll
-0.351,-0.606,0.631,142.179,-286.685,-55.982,Roll
0.025,-0.443,0.636,211.829,-286.685,-81.419,Roll
0.319,-0.193,0.529,169.234,-286.685,-65.905,Roll
0.789,-0.050,0.286,120.356,-286.685,-66.491,Roll
1.091,0.188,0.120,111.230,-286.676,-48.414,Roll
1.441,0.476,0.224,129.351,-199.115,-25.550,Roll
1.392,0.698,0.291,51.739,11.646,0.586,Roll
1.155,0.486,0.104,-40.618,220.500,-3.999,Roll
0.976,0.205,0.444,-79.441,286.685,-40.460,Roll
1.009,-0.091,0.703,-115.500,286.685,-52.342,Roll
0.246,-0.615,0.797,-168.962,286.685,-32.217,Roll
0.251,-0.273,0.562,-200.673,286.685,-14.123,Roll
-0.104,-0.086,0.687,-193.174,286.685,34.090,Roll
-0.585,-0.066,0.606,-201.451,286.685,76.037,Roll
-1.271,-0.273,0.713,-93.091,271.985,66.500,Roll
-1.327,-0.122,1.317,-82.381,78.584,2.301,Roll
-1.166,-0.215,1.127,-56.612,-228.042,-58.905,Roll
-0.677,-0.395,0.828,-18.979,-286.685,-117.635,Roll
-0.396,-0.850,0.501,48.265,-286.685,-99.146,Roll
-0.269,-0.623,0.591,166.600,-286.685,-52.491,Roll
0.066,-0.423,0.831,219.511,-286.685,-63.630,Roll
0.317,-0.357,0.554,245.044,-286.685,-56.534,Roll
0.958,0.059,0.483,256.699,-286.685,-19.329,Roll
1.100,0.327,0.504,197.068,-286.685,44.389,Roll
1.238,0.556,0.463,124.924,-175.009,14.324,Roll
1.339,0.603,0.410,63.814,-41.291,-15.496,Roll
1.151,0.408,0.347,-22.645,139.773,-26.346,Roll
0.862,0.184,0.219,-68.329,286.484,-56.963,Roll
0.775,-0.096,0.398,-84.289,286.685,-120.846,Roll
0.542,-0.412,0.330,-90.457,286.685,-140.219,Roll
0.344,-0.401,0.455,-120.741,286.685,-131.600,Roll
0.004,-0.213,0.717,-141.208,286.685,-84.079,Roll
-0.525,-0.108,0.494,-199.789,286.685,-12.294,Roll
-0.981,-0.113,0.607,-149.747,284.559,29.417,Roll
-1.448,0.196,1.207,-104.615,175.026,-1.260,Roll
-1.204,-0.050,1.316,-98.044,-124.092,-42.665,Roll
-0.870,-0.428,0.745,-141.444,-286.685,-93.993,Roll
-0.469,-0.694,0.438,-11.839,-286.685,-76.134,Roll
-0.388,-0.703,0.931,64.811,-286.685,-36.829,Roll
-0.117,-0.640,1.024,140.586,-286.685,-45.080,Roll
0.349,-0.471,0.668,148.137,-286.685,-49.193,Roll
0.763,-0.028,0.459,179.497,-286.685,-45.115,Roll
1.092,0.070,0.340,157.054,-286.685,-30.861,Roll
1.353,0.273,0.312,150.255,-223.352,-19.442,Roll
1.414,0.535,0.443,75.591,5.784,11.996,Roll
1.150,0.358,0.098,-36.776,187.443,16.161,Roll
0.972,0.216,0.160,-41.090,283.719,-8.881,Roll
0.912,-0.030,0.377,-28.026,286.685,-54.766,Roll
0.252,-0.517,0.303,-49.744,286.685,-70.359,Roll
0.054,-0.366,0.526,-115.631,286.685,-80.710,Roll
-0.149,-0.148,0.631,-107.809,286.685,-77.201,Roll
-0.375,-0.112,0.705,-111.151,286.685,-22.750,Roll
-0.927,-0.199,0.914,-142.564,286.685,11.384,Roll
-1.164,-0.096,1.317,-92.461,142.984,-13.869,Roll
-1.178,-0.040,1.215,-81.217,-146.300,-52.981,Roll
-0.902,-0.234,0.818,-51.826,-286.239,-71.199,Roll
-0.386,-0.430,0.769,16.126,-286.685,-70.122,Roll
-0.408,-0.591,0.738,94.911,-286.685,-16.433,Roll
-0.211,-0.529,0.859,146.598,-286.685,-56.481,Roll
0.177,-0.406,0.640,173.749,-286.685,-84.026,Roll
0.943,-0.054,0.467,210.070,-286.685,-77.166,Roll
1.234,0.230,0.601,196.901,-286.510,-23.564,Roll
1.453,0.450,0.594,114.844,-138.346,1.584,Roll
1.322,0.551,0.437,47.022,-21.035,15.356,Roll
1.088,0.450,0.286,-17.159,137.165,21.761,Roll
0.938,0.271,0.187,-95.839,268.039,15.365,Roll
0.616,-0.190,0.428,-52.990,286.685,-39.559,Roll
0.301,-0.411,0.593,-57.995,286.685,-73.938,Roll
0.139,-0.423,0.522,-92.470,286.685,-114.170,Roll
0.122,-0.199,0.681,-116.349,286.685,-94.194,Roll
-0.289,-0.142,0.698,-123.918,286.685,17.526,Roll
-1.090,-0.188,0.746,-121.257,286.685,47.740,Roll
-1.425,0.262,1.020,-27.650,202.947,28.989,Roll
-1.326,0.232,1.038,-36.803,-63.866,-15.671,Roll
-1.250,-0.027,0.939,-54.819,-286.606,-42.088,Roll
-0.735,-0.571,0.674,-19.285,-286.685,-62.344,Roll
-0.200,-0.510,0.866,48.939,-286.685,-35.035,Roll
-0.275,-0.559,0.629,132.492,-286.685,23.538,Roll
0.159,-0.360,0.662,160.466,-286.685,13.493,Roll
0.388,-0.304,0.453,157.833,-286.685,21.122,Roll
0.997,0.018,0.450,166.180,-286.685,39.673,Roll
1.321,0.347,0.590,118.353,-285.740,30.599,Roll
1.532,0.490,0.472,37.494,-104.694,22.785,Roll
1.281,0.601,0.272,-11.165,37.406,3.010,Roll
0.998,0.332,0.190,-65.056,259.656,-50.619,Roll
0.751,-0.038,0.452,-91.630,286.685,-112.569,Roll
0.633,-0.348,0.405,-73.692,286.685,-150.299,Roll
0.657,-0.143,0.397,-151.909,286.685,-115.465,Roll
0.090,-0.336,0.310,-124.049,286.685,-38.894,Roll
-0.683,-0.336,0.642,-134.006,286.685,-18.751,Roll
-1.061,-0.062,0.965,-93.887,286.685,-37.389,Roll
-1.099,-0.044,1.090,-98.849,276.876,-43.391,Roll
-1.226,-0.069,1.391,-67.970,49.971,-21.761,Roll
-1.120,-0.357,1.083,-62.641,-250.311,-22.015,Roll
-0.654,-0.610,0.529,20.702,-286.685,-45.080,Roll
-0.161,-0.402,0.645,108.684,-286.685,-26.836,Roll
-0.361,-0.470,0.641,179.104,-286.685,31.036,Roll
0.013,-0.385,0.496,227.833,-286.685,-2.109,Roll
0.755,-0.230,0.460,182.525,-286.685,37.013,Roll
1.114,0.010,0.548,140.149,-286.685,92.759,Roll
1.222,0.320,0.365,117.688,-286.685,105.122,Roll
1.454,0.627,0.377,86.713,-163.275,67.926,Roll
1.333,0.549,0.159,-32.296,59.535,31.308,Roll
1.127,0.321,-0.005,-51.389,242.471,-9.310,Roll
0.886,-0.018,0.428,-112.823,286.685,-81.821,Roll
0.396,-0.395,0.477,-66.404,286.685,-160.825,Roll
0.321,-0.544,0.426,-83.361,286.685,-146.606,Roll
0.048,-0.253,0.649,-63.674,286.685,-140.901,Roll
-0.132,-0.139,0.875,-86.257,286.685,-132.055,Roll
-0.459,-0.173,0.911,-123.673,286.685,-41.536,Roll
-0.983,-0.003,1.296,-89.618,208.889,20.562,Roll
-1.094,0.019,1.448,-54.854,26.775,32.856,Roll
-1.026,-0.071,1.240,-40.731,-249.393,21.070,Roll
-0.600,-0.247,0.757,3.404,-286.685,-0.586,Roll
-0.405,-0.536,0.365,99.636,-286.685,33.722,Roll
-0.279,-0.276,0.586,178.938,-286.685,57.654,Roll
0.012,-0.216,0.720,133.184,-286.685,62.414,Roll
0.653,-0.338,0.683,78.207,-286.685,62.956,Roll
1.066,-0.195,0.554,39.471,-286.685,91.945,Roll
1.262,-0.077,0.207,78.225,-283.701,91.350,Roll
1.420,0.594,0.710,118.729,-125.851,73.920,Roll
1.304,0.585,0.661,22.321,45.710,29.549,Roll
1.138,0.330,0.130,-42.998,252.053,-28.044,Roll
0.890,0.031,0.359,-40.416,286.685,-62.510,Roll
0.420,-0.590,0.390,-25.410,286.685,-147.919,Roll
0.224,-0.509,0.492,-39.025,286.685,-168.402,Roll
0.011,-0.178,0.776,-26.425,286.685,-169.286,Roll
0.057,0.092,0.864,-114.494,286.685,-141.934,Roll
-0.396,-0.130,0.684,-178.124,286.685,-33.618,Roll
-1.189,-0.028,0.949,-55.947,276.448,42.744,Roll
-1.283,0.208,1.401,-53.156,57.829,26.014,Roll
-1.312,0.047,1.342,-103.136,-146.589,27.344,Roll
-1.034,-0.436,0.824,-122.290,-286.685,-36.627,Roll
-0.800,-0.470,0.495,-22.426,-286.685,-49.035,Roll
-0.657,-0.379,0.364,121.931,-286.685,-28.166,Roll
-0.301,-0.397,0.295,196.682,-286.685,-104.772,Roll
0.527,-0.171,0.465,203.621,-286.685,-114.485,Roll
1.137,-0.028,0.621,148.785,-286.685,-39.463,Roll
1.292,0.223,0.292,95.751,-286.685,-12.329,Roll
1.423,0.691,0.356,121.669,-170.021,-8.767,Roll
1.350,0.691,0.303,15.864,-47.889,8.680,Roll
1.044,0.268,-0.064,-84.910,206.281,-2.756,Roll
0.739,0.161,0.445,-77.857,286.685,-56.472,Roll
0.850,-0.179,0.554,-112.997,286.685,-77.070,Roll
0.461,-0.337,0.584,-104.493,286.685,-53.051,Roll
0.185,-0.343,0.312,-155.592,286.685,-64.601,Roll
0.027,-0.115,0.557,-203.122,286.685,-44.310,Roll
-0.371,-0.509,0.326,-149.844,286.685,32.419,Roll
-1.126,-0.146,1.025,-13.921,286.685,62.195,Roll
-1.321,0.376,1.386,-23.774,139.038,23.485,Roll
-1.285,0.160,1.179,-87.290,-129.290,-25.611,Roll
-1.106,-0.188,0.961,-121.476,-280.131,-51.826,Roll
-0.719,-0.826,0.733,-49.875,-286.685,-47.836,Roll
-0.554,-0.609,0.938,107.196,-286.685,-26.189,Roll
-0.278,-0.348,0.580,147.682,-286.685,-41.895,Roll
0.341,-0.310,0.363,180.758,-286.685,-48.676,Roll
0.832,-0.243,0.528,185.902,-286.685,-2.494,Roll
1.075,-0.146,0.750,142.905,-286.685,65.817,Roll
1.148,0.085,0.409,112.289,-282.888,83.641,Roll
1.101,0.375,0.224,89.924,-165.042,56.140,Roll
1.177,0.393,0.255,37.686,-61.845,39.200,Roll
1.166,0.293,0.274,-40.092,131.819,45.272,Roll
0.962,-0.036,0.418,-83.046,285.119,4.069,Roll
0.644,-0.362,0.365,-29.059,286.685,-72.511,Roll
0.436,-0.267,0.411,-2.100,286.685,-120.207,Roll
0.110,-0.093,0.732,-47.801,286.685,-141.374,Roll
-0.144,-0.104,0.742,-98.018,286.685,-129.089,Roll
-0.407,-0.230,0.760,-138.801,286.685,-86.188,Roll
-0.783,-0.216,0.901,-107.511,286.685,2.651,Roll
-1.237,0.130,1.330,-53.690,211.041,27.265,Roll
-1.279,0.107,1.406,-50.190,-65.887,21.481,Roll
-0.921,-0.392,0.959,-33.451,-286.624,-7.744,Roll
-0.399,-0.526,0.976,12.075,-286.685,20.939,Roll
-0.407,-0.786,0.608,80.649,-286.685,64.732,Roll
-0.328,-0.267,0.700,151.821,-286.685,102.664,Roll
0.208,-0.325,0.129,121.887,-286.685,49.464,Roll
0.583,-0.354,0.165,140.849,-286.685,67.480,Roll
1.397,-0.195,0.730,109.121,-286.685,119.919,Roll
1.827,0.423,0.687,93.844,-272.641,123.804,Roll
1.393,0.336,-0.002,7.744,-102.550,57.846,Roll
1.119,0.253,-0.182,-15.873,65.021,9.389,Roll
0.850,0.039,0.003,-43.024,272.256,-75.521,Roll
0.842,-0.175,0.273,-26.399,286.685,-138.040,Roll
0.419,-0.391,0.603,-11.996,286.685,-184.056,Roll
-0.021,-0.483,0.592,-68.880,286.685,-203.674,Roll
0.064,-0.300,0.391,-112.840,286.685,-184.459,Roll
-0.003,-0.111,0.518,-91.805,286.685,-137.008,Roll
-0.695,-0.264,0.607,-134.531,286.685,-34.449,Roll
-1.343,0.192,1.376,-58.695,205.520,25.743,Roll
-1.489,0.199,1.590,-76.851,35.665,4.620,Roll
-1.226,-0.117,1.146,-115.938,-269.911,-33.556,Roll
-0.756,-0.766,0.698,-78.942,-286.685,-47.250,Roll
-0.506,-0.920,0.446,99.243,-286.685,-25.130,Roll
-0.046,-0.140,0.870,251.598,-286.685,20.632,Roll
0.134,-0.136,1.033,189.788,-286.685,40.915,Roll
0.426,-0.181,0.711,134.015,-286.685,39.165,Roll
0.746,-0.047,0.475,111.860,-286.685,53.603,Roll
0.926,0.079,0.296,80.675,-286.624,46.217,Roll
1.298,0.221,0.206,81.253,-202.842,27.694,Roll
1.467,0.477,0.419,34.650,11.900,16.459,Roll
1.207,0.154,0.268,-35.429,222.705,-33.014,Roll
1.079,0.075,0.310,-50.225,286.685,-75.661,Roll
0.504,-0.118,0.612,-92.514,286.685,-121.809,Roll
0.407,-0.624,0.391,-161.516,286.685,-141.374,Roll
0.005,-0.429,0.559,-66.124,286.685,-97.283,Roll
-0.263,-0.116,0.820,-51.529,286.685,-54.162,Roll
-0.820,-0.232,0.739,-130.786,286.685,-22.759,Roll
-1.198,-0.019,1.203,-38.859,236.329,-28.525,Roll
-1.143,0.073,1.173,7.551,-11.217,-18.454,Roll
-1.021,0.017,1.041,27.737,-278.355,10.159,Roll
-0.768,-0.392,0.653,49.989,-286.685,14.831,Roll
-0.533,-0.397,0.584,130.734,-286.685,50.269,Roll
-0.123,-0.217,0.643,171.762,-286.685,57.881,Roll
0.154,-0.199,0.620,174.335,-286.685,70.560,Roll
0.709,-0.064,0.750,156.266,-286.685,106.479,Roll
1.037,0.087,0.660,96.897,-286.685,122.115,Roll
1.591,0.295,0.479,71.724,-213.640,97.493,Roll
1.471,0.560,0.569,53.349,-67.209,97.598,Roll
1.358,0.444,0.228,-54.810,167.099,60.865,Roll
0.866,0.109,0.444,-110.696,286.685,-30.573,Roll
0.408,-0.557,0.415,-106.759,286.685,-149.258,Roll
0.470,-0.667,0.284,-100.012,286.685,-172.191,Roll
0.259,-0.234,0.594,-72.581,286.685,-108.771,Roll
-0.231,-0.177,0.853,-110.819,286.685,-95.366,Roll
-0.491,-0.405,0.782,-183.575,286.685,-89.574,Roll
-0.846,-0.195,1.004,-76.431,215.443,-37.791,Roll
-1.010,0.042,1.177,-25.331,52.474,-17.439,Roll
-1.089,-0.212,1.144,-3.054,-227.509,-12.565,Roll
-0.771,-0.565,0.764,34.151,-286.685,-19.434,Roll
-0.412,-0.593,0.591,151.620,-286.685,25.419,Roll
-0.265,-0.397,0.818,219.887,-286.685,62.090,Roll
0.176,-0.226,1.024,183.050,-286.685,102.629,Roll
0.666,-0.050,1.100,157.526,-286.685,134.216,Roll
0.846,0.051,1.050,100.730,-286.685,155.540,Roll
1.070,-0.040,0.614,46.847,-282.021,159.110,Roll
1.113,0.045,0.247,48.396,-136.027,127.925,Roll
1.212,0.280,0.248,14.385,8.977,52.745,Roll
1.299,0.283,0.152,-6.869,123.217,12.390,Roll
0.963,0.055,0.355,-46.305,286.527,-35.884,Roll
0.404,-0.511,0.366,-51.599,286.685,-129.553,Roll
0.133,-0.456,0.529,-64.365,286.685,-208.285,Roll
0.041,-0.344,0.576,-93.363,286.685,-228.664,Roll
-0.182,-0.404,0.705,-140.018,286.685,-165.891,Roll
-0.463,-0.352,0.961,-133.429,286.685,-106.750,Roll
-0.853,-0.367,1.082,-90.387,253.557,-66.465,Roll
-0.979,-0.327,1.100,-4.060,-36.138,-60.734,Roll
-0.856,-0.241,1.083,47.066,-243.110,-46.104,Roll
-0.448,-0.503,0.691,93.747,-286.685,-27.790,Roll
-0.207,-0.543,0.817,189.866,-286.685,61.941,Roll
-0.180,-0.488,1.019,216.265,-286.685,104.081,Roll
0.136,-0.299,0.981,155.977,-286.685,145.731,Roll
0.505,-0.064,0.805,111.580,-286.685,164.596,Roll
0.889,0.041,0.538,87.824,-286.685,142.747,Roll
1.084,0.120,0.484,98.665,-269.859,127.094,Roll
1.295,0.200,0.375,53.681,-142.030,96.556,Roll
1.457,0.216,0.311,-12.609,47.241,43.216,Roll
1.049,-0.167,0.357,-49.429,261.240,-21.919,Roll
0.860,-0.425,0.254,-53.506,286.685,-74.165,Roll
0.008,-0.454,0.659,44.039,286.685,-146.694,Roll
-0.102,-0.599,0.623,33.932,286.685,-261.861,Roll
-0.019,-0.276,0.749,19.119,286.685,-262.474,Roll
-0.109,-0.180,0.786,-19.705,286.685,-212.214,Roll
-0.621,-0.174,0.724,-12.276,286.685,-105.315,Roll
-1.205,0.265,1.235,-21.823,256.314,-43.855,Roll
-1.301,0.295,1.202,-36.873,-23.222,-19.486,Roll
-1.288,0.067,1.047,-45.981,-285.661,8.304,Roll
-0.956,-0.590,0.850,-37.406,-286.685,-5.688,Roll
-0.603,-0.820,0.292,62.379,-286.685,-46.926,Roll
-0.279,-0.380,0.557,197.251,-286.685,-26.478,Roll
-0.159,-0.441,0.454,233.643,-286.685,0.245,Roll
0.496,-0.229,0.245,268.511,-286.685,14.796,Roll
1.109,0.274,0.502,238.508,-286.685,41.151,Roll
1.295,0.375,0.427,128.170,-286.440,49.368,Roll
1.420,0.534,0.253,112.980,-208.635,57.610,Roll
1.282,0.892,0.070,11.209,-44.336,52.798,Roll
1.167,0.671,-0.051,-80.605,187.670,20.659,Roll
0.870,0.240,0.150,-108.448,286.685,-56.542,Roll
0.624,-0.176,0.453,-88.533,286.685,-98.490,Roll
0.792,-0.375,0.561,-166.092,286.685,-118.169,Roll
0.383,-0.171,0.574,-137.585,286.685,-75.346,Roll
-0.136,-0.067,0.507,-180.652,286.685,-49.263,Roll
-0.579,-0.147,0.348,-160.816,286.685,22.251,Roll
-1.057,-0.114,0.900,-75.451,279.842,61.022,Roll
-1.519,-0.043,1.560,-74.217,137.410,53.252,Roll
-1.288,-0.188,1.325,-112.411,-102.900,-3.307,Roll
-0.915,-0.231,0.838,-85.461,-286.685,-41.772,Roll
-0.558,-0.423,0.595,-40.679,-286.685,-67.340,Roll
-0.297,-0.759,0.627,83.405,-286.685,-19.548,Roll
-0.003,-0.492,0.800,107.310,-286.685,20.956,Roll
0.315,-0.418,0.703,126.507,-286.685,47.189,Roll
0.576,-0.287,0.492,126.481,-286.685,29.461,Roll
1.027,-0.002,0.425,159.005,-286.685,18.235,Roll
1.322,0.084,0.220,130.952,-258.956,1.418,Roll
1.350,0.491,0.254,70.726,-87.342,3.929,Roll
1.376,0.498,0.020,-6.361,22.584,6.457,Roll
1.183,0.342,0.100,-31.964,247.021,10.727,Roll
0.858,-0.196,0.319,-73.150,286.685,-28.884,Roll
0.615,-0.488,0.460,6.046,286.685,-90.869,Roll
0.235,-0.454,0.591,14.595,286.685,-106.470,Roll
0.007,-0.302,0.539,15.689,286.685,-127.286,Roll
-0.159,0.023,0.750,-23.861,286.685,-139.274,Roll
-0.292,-0.057,0.786,-61.197,286.685,-62.860,Roll
-0.891,0.036,0.935,-71.759,286.685,11.471,Roll
-1.232,0.286,1.200,-87.054,165.314,38.246,Roll
-1.222,0.249,1.257,-74.725,-136.727,18.480,Roll
-1.198,-0.183,1.090,-106.067,-286.204,-10.124,Roll
-0.577,-0.769,0.775,-86.371,-286.685,-48.283,Roll
-0.477,-0.742,0.522,54.294,-286.685,-9.249,Roll
-0.026,-0.103,0.600,120.243,-286.685,15.190,Roll
0.466,-0.074,0.323,131.084,-286.685,-13.309,Roll
1.012,-0.102,0.444,148.400,-286.685,-8.864,Roll
1.453,0.097,0.614,117.241,-286.055,35.507,Roll
1.512,0.458,0.541,52.395,-144.620,67.988,Roll
1.261,0.488,0.273,-25.489,57.829,20.317,Roll
0.875,0.145,-0.007,-51.879,210.175,-36.531,Roll
0.689,-0.157,0.427,-64.295,286.685,-121.231,Roll
0.858,-0.190,0.480,-47.565,286.685,-162.794,Roll
0.752,-0.212,0.485,-71.365,286.685,-130.979,Roll
0.375,-0.157,0.532,-76.493,286.685,-90.982,Roll
-0.018,-0.242,0.682,-114.887,286.685,-76.536,Roll
-0.354,-0.387,0.601,-113.706,286.685,-12.539,Roll
-0.844,-0.087,0.824,-80.098,286.676,91.219,Roll
-1.363,0.178,1.072,-27.239,190.636,117.145,Roll
-1.387,0.230,1.265,-32.200,-74.909,55.685,Roll
-1.085,-0.068,1.049,-82.014,-286.668,13.134,Roll
-0.572,-0.297,1.009,-71.680,-286.685,-58.678,Roll
-0.621,-0.600,0.581,-14.866,-286.685,-26.364,Roll
-0.493,-0.153,0.729,81.603,-286.685,38.447,Roll
0.019,-0.297,0.547,93.957,-286.685,-41.895,Roll
0.924,-0.215,0.152,131.591,-286.685,-74.130,Roll
1.274,-0.126,0.182,155.050,-286.685,-49.376,Roll
1.515,0.299,0.562,148.444,-199.762,14.297,Roll
1.395,0.557,0.497,45.631,-14.394,39.252,Roll
1.318,0.517,0.176,-50.015,174.414,3.351,Roll
1.058,0.272,0.241,-68.346,284.541,-29.899,Roll
0.722,-0.264,0.454,-44.144,286.685,-90.580,Roll
0.377,-0.621,0.426,-33.145,286.685,-124.285,Roll
0.173,-0.382,0.616,-62.318,286.685,-99.619,Roll
-0.152,-0.072,0.684,-84.639,286.685,-86.669,Roll
-0.477,-0.195,0.597,-128.275,286.685,-50.557,Roll
-1.149,-0.313,0.722,-98.963,286.685,35.429,Roll
-1.337,0.216,1.151,-42.420,137.620,57.671,Roll
-1.461,0.364,1.319,-90.746,-44.590,9.240,Roll
-0.905,-0.009,1.211,-137.602,-286.527,-38.815,Roll
-0.745,-0.601,0.743,-96.416,-286.685,-81.961,Roll
-0.606,-0.372,0.458,58.441,-286.685,-42.271,Roll
-0.374,-0.144,0.558,134.881,-286.685,-44.564,Roll
0.289,-0.172,0.603,179.314,-286.685,-93.135,Roll
0.971,-0.191,0.566,177.371,-286.685,-53.585,Roll
1.073,0.013,0.543,118.247,-286.685,-4.637,Roll
1.134,0.179,0.514,100.004,-230.283,4.095,Roll
1.099,0.479,0.645,23.144,-45.316,15.243,Roll
1.011,0.364,0.467,-71.978,168.700,-15.426,Roll
0.736,0.043,0.369,-80.132,286.685,-94.675,Roll
0.936,-0.174,0.415,-69.265,286.685,-134.689,Roll
0.869,-0.294,0.496,-73.054,286.685,-107.730,Roll
0.339,-0.281,0.524,-94.938,286.685,-43.129,Roll
-0.116,-0.198,0.813,-139.090,286.685,-28.035,Roll
-0.518,-0.336,0.746,-196.997,286.685,10.693,Roll
-1.021,-0.010,0.795,-136.378,286.685,88.830,Roll
-1.420,0.383,1.043,-64.470,216.466,101.412,Roll
-1.307,0.198,1.182,-36.636,-44.958,28.280,Roll
-1.415,0.158,1.045,-51.485,-243.854,14.140,Roll
-1.017,-0.456,0.703,-64.251,-286.685,-73.736,Roll
-0.604,-0.740,0.761,3.430,-286.685,-89.906,Roll
-0.421,-0.553,0.559,88.191,-286.685,-62.265,Roll
-0.023,-0.462,0.401,148.129,-286.685,-83.501,Roll
0.710,-0.191,0.341,179.139,-286.685,-74.051,Roll
1.176,0.076,0.403,172.961,-286.685,-40.206,Roll
1.374,0.491,0.554,141.803,-253.899,7.481,Roll
1.332,0.710,0.578,70.577,-122.552,33.845,Roll
1.174,0.634,0.153,-53.533,110.302,30.896,Roll
0.915,0.195,0.133,-50.286,286.641,-41.449,Roll
0.537,-0.503,0.432,-43.234,286.685,-105.035,Roll
0.677,-0.679,0.348,-45.894,286.685,-96.408,Roll
0.291,-0.214,0.561,-49.438,286.685,-28.875,Roll
-0.134,0.040,0.634,-140.508,286.685,-13.484,Roll
-0.406,-0.169,0.566,-208.591,286.685,55.764,Roll
-1.235,-0.508,0.798,-131.801,286.685,115.404,Roll
-1.297,0.550,1.179,2.756,159.679,114.424,Roll
-1.510,0.527,1.268,-97.676,-150.264,41.309,Roll
-1.534,0.065,0.927,-141.190,-286.685,-92.382,Roll
-0.468,-0.604,0.846,-120.802,-286.685,-157.518,Roll
-0.621,-0.581,0.890,27.606,-286.685,-97.842,Roll
-0.383,-0.416,0.722,103.434,-286.685,-96.031,Roll
0.339,-0.375,0.357,171.833,-286.685,-130.244,Roll
0.999,-0.113,0.309,182.709,-286.685,-82.058,Roll
1.150,0.074,0.433,170.870,-286.685,-38.684,Roll
1.174,0.478,0.524,115.456,-165.909,-11.917,Roll
1.130,0.622,0.102,15.908,11.244,-35.717,Roll
1.067,0.506,0.053,-52.421,206.281,-57.243,Roll
1.003,0.142,0.241,-83.326,286.501,-82.399,Roll
0.904,-0.195,0.420,-68.215,286.685,-81.664,Roll
0.508,-0.240,0.470,-69.003,286.685,-35.079,Roll
0.055,-0.112,0.587,-104.808,286.685,-43.374,Roll
-0.505,-0.119,0.781,-125.387,286.685,-53.375,Roll
-0.629,-0.369,0.986,-130.393,286.685,-5.425,Roll
-1.180,0.040,1.225,-128.931,284.401,93.100,Roll
-1.622,0.309,1.345,-113.732,23.949,63.472,Roll
-1.238,0.095,1.186,-145.486,-203.122,18.060,Roll
-0.454,-0.181,1.023,-78.978,-286.685,-72.433,Roll
-0.684,-0.882,0.576,-5.381,-286.685,-30.642,Roll
-0.419,-0.500,0.574,142.459,-286.685,-43.811,Roll
0.075,-0.226,0.610,172.156,-286.685,-50.662,Roll
0.742,-0.149,0.508,160.492,-286.685,-28.061,Roll
1.112,-0.045,0.371,141.041,-286.685,27.003,Roll
1.274,0.317,0.298,119.035,-269.369,56.866,Roll
1.302,0.537,0.153,78.382,-166.565,40.373,Roll
1.273,0.564,0.042,-14.892,42.193,9.424,Roll
1.012,0.280,0.139,-85.452,275.389,-20.694,Roll
0.836,-0.094,0.285,-74.918,286.685,-88.060,Roll
0.468,-0.500,0.372,6.545,286.685,-122.588,Roll
0.220,-0.417,0.572,50.339,286.685,-174.484,Roll
-0.117,-0.076,0.942,-1.120,286.685,-207.340,Roll
-0.189,0.020,1.023,-73.806,286.685,-205.030,Roll
-0.252,0.045,0.910,-159.364,286.685,-149.161,Roll
-0.855,-0.016,0.678,-122.999,286.685,7.210,Roll
-1.551,0.278,1.237,-65.546,182.446,75.679,Roll
-1.516,0.356,1.398,-111.912,-103.399,33.635,Roll
-1.224,0.004,0.968,-117.521,-275.328,-9.257,Roll
-0.739,-0.760,0.568,-65.747,-286.685,-8.881,Roll
-0.434,-0.498,0.867,86.739,-286.685,41.755,Roll
-0.381,-0.343,0.624,122.876,-286.685,45.710,Roll
0.036,-0.161,0.554,153.107,-286.685,36.146,Roll
0.395,-0.325,0.364,124.224,-286.685,54.967,Roll
0.919,0.032,0.506,112.341,-286.685,67.217,Roll
1.186,0.266,0.494,80.439,-286.685,63.674,Roll
1.379,0.582,0.371,38.001,-177.319,48.151,Roll
1.302,0.649,0.162,-42.280,54.766,3.824,Roll
0.903,0.187,0.197,-86.039,285.057,-72.126,Roll
0.704,-0.218,0.429,-89.539,286.685,-135.660,Roll
0.600,-0.512,0.495,-18.515,286.685,-190.470,Roll
0.176,-0.467,0.578,-54.399,286.685,-159.740,Roll
-0.127,-0.142,0.791,-94.780,286.685,-163.923,Roll
-0.135,-0.051,0.930,-116.716,286.685,-136.675,Roll
-0.572,-0.062,0.883,-185.894,286.685,-11.305,Roll
-1.544,0.091,0.975,-74.366,262.071,76.606,Roll
-1.515,0.266,1.265,-62.764,23.791,9.301,Roll
-1.150,0.019,1.118,-79.870,-253.269,5.793,Roll
-0.987,-0.491,0.696,-54.836,-286.685,4.139,Roll
-0.693,-0.596,0.546,61.618,-286.685,10.903,Roll
-0.428,-0.082,0.474,123.891,-286.685,30.870,Roll
-0.205,0.046,0.420,104.230,-286.685,31.395,Roll
0.268,-0.289,0.240,108.762,-286.685,-6.991,Roll
0.872,-0.239,0.510,176.260,-286.685,4.200,Roll
1.276,0.254,0.600,137.716,-286.685,48.606,Roll
1.395,0.389,0.385,83.930,-260.663,40.180,Roll
1.388,0.606,0.210,7.989,-64.409,19.862,Roll
1.165,0.387,-0.050,-81.594,186.716,-6.659,Roll
0.938,-0.010,0.327,-97.676,286.685,-82.933,Roll
0.604,-0.315,0.314,-66.404,286.685,-129.386,Roll
0.484,-0.365,0.400,-65.914,286.685,-128.896,Roll
-0.035,-0.345,0.668,-89.740,286.685,-125.790,Roll
-0.109,-0.122,0.826,-120.348,286.685,-128.389,Roll
-0.128,-0.073,0.750,-159.023,286.685,-69.387,Roll
-1.176,-0.188,0.515,-146.046,286.685,41.186,Roll
-1.602,0.376,1.332,-37.249,186.296,26.407,Roll
-1.340,0.104,1.131,-90.562,-81.909,-42.989,Roll
-1.333,-0.061,0.975,-89.854,-245.735,-63.149,Roll
-0.938,-0.650,0.591,-48.956,-286.685,-64.050,Roll
-0.484,-0.765,0.389,128.914,-286.685,-43.391,Roll
-0.136,-0.225,0.693,238.928,-286.685,7.980,Roll
0.179,-0.254,0.635,178.824,-286.685,43.041,Roll
0.502,-0.245,0.421,174.816,-286.685,43.111,Roll
1.003,0.082,0.630,142.188,-286.685,88.086,Roll
1.081,0.047,0.297,75.880,-286.309,121.931,Roll
1.201,0.604,0.656,106.321,-125.816,100.730,Roll
1.348,0.792,0.488,-0.438,-1.496,63.114,Roll
1.111,0.332,0.378,-53.655,230.711,-24.999,Roll
0.884,-0.184,0.489,-32.961,286.685,-129.334,Roll
0.357,-0.653,0.368,-62.746,286.685,-204.033,Roll
0.344,-0.487,0.396,-104.808,286.685,-179.331,Roll
-0.102,-0.288,0.753,-62.877,286.685,-152.381,Roll
-0.130,-0.104,0.841,-148.102,286.685,-93.406,Roll
-0.964,0.122,0.829,-187.731,286.685,34.029,Roll
-1.412,0.224,1.208,-76.247,157.675,52.614,Roll
-1.585,0.377,1.261,-64.164,-16.826,15.908,Roll
-1.297,-0.171,1.094,-109.427,-257.294,-18.952,Roll
-0.970,-0.657,0.946,-68.110,-286.685,-61.486,Roll
-0.542,-0.913,0.575,36.452,-286.685,-92.881,Roll
-0.350,-0.436,0.239,78.137,-286.685,-66.080,Roll
0.044,-0.377,-0.010,142.599,-286.685,-45.824,Roll
0.591,-0.206,0.133,197.986,-286.685,-38.246,Roll
1.099,-0.011,0.239,207.139,-286.685,-30.809,Roll
1.359,0.402,0.426,176.435,-286.685,-29.225,Roll
1.798,0.722,0.354,49.385,-147.271,10.605,Roll
1.425,0.582,-0.056,-56.761,95.848,56.814,Roll
1.127,0.020,-0.198,-77.368,286.615,42.630,Roll
0.845,-0.363,0.042,-25.909,286.685,-0.481,Roll
0.157,-0.356,0.680,10.806,286.685,-72.144,Roll
-0.002,-0.459,0.507,-16.205,286.685,-128.214,Roll
0.059,-0.211,0.751,-69.632,286.685,-105.070,Roll
-0.127,-0.174,0.897,-120.706,286.685,-33.819,Roll
-1.094,0.075,0.545,-126.630,286.685,89.793,Roll
-1.460,0.444,1.172,-84.893,171.010,63.822,Roll
-1.306,0.081,1.361,-78.426,-99.461,-22.225,Roll
-1.338,-0.117,1.239,-80.964,-275.275,-57.487,Roll
-0.968,-0.551,0.752,-90.641,-286.685,-67.821,Roll
-0.774,-0.573,0.308,35.254,-286.685,-47.985,Roll
-0.339,-0.135,0.398,111.772,-286.685,-42.551,Roll
0.311,-0.123,0.288,132.851,-286.685,-77.079,Roll
0.677,-0.268,0.351,148.732,-286.685,-60.419,Roll
0.921,-0.111,0.544,147.788,-286.685,-1.321,Roll
1.380,0.308,0.369,156.704,-286.641,-38.474,Roll
1.550,0.661,0.243,88.139,-172.384,-29.374,Roll
1.515,0.622,0.018,-12.714,-43.750,-11.226,Roll
1.247,0.263,-0.092,-86.774,215.294,2.432,Roll
0.892,-0.114,0.288,-105.805,286.685,-53.638,Roll
0.754,-0.193,0.448,-63.910,286.685,-93.056,Roll
0.311,-0.324,0.502,-63.884,286.685,-97.895,Roll
-0.026,-0.517,0.638,-102.305,286.685,-148.925,Roll
0.126,-0.124,0.846,-130.611,286.685,-120.111,Roll
-0.615,-0.093,0.200,-193.016,286.685,50.444,Roll
-1.540,0.185,0.702,-104.064,281.619,96.863,Roll
-1.746,0.079,1.444,-106.304,78.286,1.671,Roll
-1.372,-0.019,1.257,-95.077,-229.504,-55.300,Roll
-0.885,-0.340,0.574,-78.908,-286.685,-81.988,Roll
-0.431,-0.639,0.402,9.441,-286.685,-73.736,Roll
-0.154,-0.703,0.591,105.787,-286.685,-21.298,Roll
-0.165,-0.184,0.939,132.291,-286.685,48.160,Roll
0.411,-0.315,0.581,117.031,-286.685,-23.476,Roll
0.956,-0.323,0.428,128.021,-286.685,-9.450,Roll
1.145,-0.211,0.239,135.223,-286.685,3.159,Roll
1.345,0.320,0.508,162.592,-216.834,13.326,Roll
1.451,0.569,0.181,16.984,-46.743,-0.735,Roll
1.467,0.585,-0.127,-42.656,184.931,20.659,Roll
1.047,0.226,0.001,-41.764,286.571,1.260,Roll
0.533,-0.193,0.389,4.681,286.685,-98.420,Roll
0.161,-0.644,0.432,9.879,286.685,-185.010,Roll
0.217,-0.455,0.591,-24.587,286.685,-154.131,Roll
-0.089,-0.047,0.874,-47.897,286.685,-109.891,Roll
-0.320,0.045,0.901,-97.116,286.685,-47.548,Roll
-0.984,0.061,0.830,-118.510,284.576,50.592,Roll
-1.173,0.325,1.123,-90.116,97.738,85.024,Roll
-1.412,0.283,1.242,-117.731,-99.365,61.162,Roll
-1.208,-0.081,1.169,-154.490,-286.685,-18.865,Roll
-0.769,-0.729,0.759,-85.496,-286.685,-61.250,Roll
-0.485,-0.477,0.426,86.397,-286.685,-30.888,Roll
-0.247,-0.276,0.466,155.864,-286.685,-9.695,Roll
0.443,-0.193,0.542,163.940,-286.685,-16.861,Roll
0.825,-0.068,0.353,174.020,-286.685,-7.000,Roll
1.042,0.355,0.490,151.104,-285.224,-9.406,Roll
1.410,0.576,0.439,122.692,-188.650,-53.716,Roll
1.314,0.458,0.428,44.940,-12.556,-53.708,Roll
1.253,0.316,0.124,-59.071,162.085,-61.810,Roll
1.184,0.194,0.164,-88.909,286.685,-79.704,Roll
1.143,-0.019,0.530,-113.899,286.685,-92.304,Roll
0.604,-0.430,0.494,-130.559,286.685,-114.188,Roll
0.441,-0.230,0.364,-129.439,286.685,-128.144,Roll
-0.279,-0.163,0.811,-127.076,286.685,-46.900,Roll
-0.686,-0.137,0.832,-126.543,286.685,30.153,Roll
-1.220,0.084,0.698,-91.910,286.475,59.605,Roll
-1.469,0.497,1.172,-67.961,123.165,37.494,Roll
-1.349,0.061,1.179,-113.881,-175.569,-29.470,Roll
-1.150,-0.214,0.802,-108.062,-286.685,-80.780,Roll
-0.506,-0.596,0.325,-13.939,-286.685,-84.507,Roll
-0.386,-0.393,0.318,132.046,-286.685,-35.026,Roll
0.037,-0.398,0.743,207.979,-286.685,-24.929,Roll
0.542,-0.307,0.869,153.466,-286.685,-19.897,Roll
0.645,-0.087,0.470,102.585,-286.685,-15.881,Roll
1.009,0.349,-0.044,131.705,-286.685,-34.440,Roll
1.616,0.932,0.183,137.839,-219.966,-56.394,Roll
1.526,0.697,0.042,-35.779,17.080,23.292,Roll
1.293,0.346,-0.127,-91.105,196.621,50.514,Roll
0.960,-0.128,0.233,-92.724,286.685,28.464,Roll
0.862,-0.350,0.304,-49.709,286.685,-44.975,Roll
0.447,-0.163,0.485,-39.095,286.685,-83.379,Roll
0.069,-0.339,0.417,-54.180,286.685,-112.061,Roll
-0.285,-0.441,0.704,-81.909,286.685,-145.512,Roll
-0.481,0.100,1.267,-92.908,286.685,-63.752,Roll
-1.196,-0.051,1.028,-135.415,285.066,11.812,Roll
-1.282,0.266,1.185,-72.756,79.783,27.983,Roll
-1.237,0.396,1.070,-87.535,-98.368,-7.271,Roll
-0.905,-0.252,0.725,-104.440,-286.685,-57.382,Roll
-0.410,-0.537,0.508,11.830,-286.685,-35.341,Roll
-0.236,-0.356,0.956,120.969,-286.685,41.396,Roll
-0.296,-0.408,0.893,107.109,-286.685,42.534,Roll
0.169,-0.405,0.744,111.344,-286.685,-11.655,Roll
0.594,-0.156,0.406,138.163,-286.685,-31.010,Roll
0.901,-0.075,0.343,164.342,-286.685,-39.489,Roll
1.327,0.128,-0.019,146.458,-272.746,-11.620,Roll
1.395,0.682,0.267,65.537,-94.570,24.360,Roll
1.369,0.602,0.093,-59.482,96.994,22.470,Roll
1.281,0.312,0.140,-85.295,246.803,1.374,Roll
1.082,-0.111,0.381,-86.721,286.685,-43.776,Roll
0.590,-0.392,0.559,-57.452,286.685,-84.158,Roll
-0.008,-0.468,0.578,-65.923,286.685,-138.670,Roll
-0.163,-0.234,0.829,-58.835,286.685,-147.586,Roll
-0.227,0.090,0.922,-55.213,286.685,-111.694,Roll
-0.695,0.100,0.979,-111.055,286.685,-20.650,Roll
-1.156,0.127,1.099,-111.659,210.455,12.792,Roll
-1.104,0.242,1.090,-98.201,-58.625,7.350,Roll
-0.957,-0.078,0.799,-105.726,-236.749,0.752,Roll
-0.712,-0.426,0.496,-51.564,-286.685,-8.225,Roll
-0.506,-0.305,0.750,48.895,-286.685,15.846,Roll
-0.449,-0.400,0.681,89.548,-286.685,48.571,Roll
-0.094,-0.431,0.665,135.056,-286.685,-0.796,Roll
0.562,-0.348,0.541,158.961,-286.685,-22.417,Roll
0.854,-0.182,0.397,159.924,-286.685,2.713,Roll
1.025,0.077,0.340,137.874,-286.685,14.613,Roll
1.554,0.516,0.158,84.236,-214.139,0.840,Roll
1.551,0.940,0.152,31.395,19.355,-12.819,Roll
1.411,0.664,-0.001,-65.397,270.568,-26.521,Roll
0.923,0.194,0.610,-127.934,286.685,-54.626,Roll
0.770,-0.387,0.664,-129.605,286.685,-157.395,Roll
0.684,-0.272,0.275,-119.674,286.685,-173.609,Roll
0.253,-0.248,0.294,-131.583,286.685,-118.738,Roll
-0.270,-0.361,0.518,-79.371,286.685,-60.533,Roll
-0.841,-0.121,1.166,-93.021,286.685,-35.289,Roll
-1.126,-0.043,1.120,-142.266,209.020,-0.683,Roll
-1.264,0.089,1.154,-81.611,-31.920,25.839,Roll
-1.204,-0.087,0.944,-74.664,-212.432,8.925,Roll
-0.744,-0.430,0.520,34.116,-286.685,-19.241,Roll
-0.419,-0.306,0.650,124.933,-286.685,25.778,Roll
-0.228,-0.489,0.661,213.736,-286.685,61.810,Roll
0.117,-0.331,0.760,205.564,-286.685,54.504,Roll
0.463,-0.161,0.569,147.788,-286.685,46.349,Roll
1.023,0.137,0.248,119.866,-286.685,31.483,Roll
1.881,0.495,0.214,156.319,-282.520,19.985,Roll
1.900,0.907,0.595,118.265,-164.334,77.604,Roll
1.356,0.634,0.155,-52.684,29.864,82.827,Roll
0.961,0.104,-0.311,-49.079,277.725,0.481,Roll
0.537,0.287,0.408,-72.853,286.685,-99.872,Roll
0.667,-0.535,0.592,-154.359,286.685,-164.955,Roll
0.767,-0.384,0.390,-92.181,286.685,-119.884,Roll
0.286,-0.124,0.463,-110.749,286.685,-77.507,Roll
-0.015,-0.107,0.454,-112.683,286.685,-53.655,Roll
-0.394,-0.192,0.555,-108.736,286.685,-1.094,Roll
-1.265,0.076,0.997,-37.118,286.090,74.865,Roll
-1.642,0.359,1.415,-60.725,80.272,15.365,Roll
-1.186,0.058,1.056,-96.941,-235.322,-18.515,Roll
-0.702,-0.030,0.913,-77.140,-286.685,-38.780,Roll
-0.544,-0.804,0.463,-53.174,-286.685,-13.379,Roll
-0.233,-0.470,0.713,80.456,-286.685,4.742,Roll
0.087,-0.331,0.793,87.955,-286.685,-1.435,Roll
0.423,-0.405,0.565,97.055,-286.685,-32.086,Roll
0.901,-0.220,0.045,120.382,-286.685,-52.264,Roll
1.428,0.383,0.292,214.874,-286.615,-50.592,Roll
1.990,0.666,0.393,69.326,-125.256,38.544,Roll
1.496,0.518,0.221,-15.864,20.247,69.764,Roll
1.165,0.066,-0.079,-59.176,250.145,59.605,Roll
0.834,-0.202,0.216,-50.382,286.685,1.785,Roll
0.753,-0.404,0.411,2.004,286.685,-84.368,Roll
0.562,-0.564,0.390,9.774,286.685,-110.434,Roll
0.164,-0.455,0.502,-14.385,286.685,-105.893,Roll
-0.201,-0.106,0.672,-18.331,286.685,-73.080,Roll
-0.411,0.158,0.646,14.070,286.685,2.957,Roll
-1.065,0.412,0.798,18.874,286.177,49.175,Roll
-1.433,0.540,1.410,-60.051,116.287,41.947,Roll
-1.126,0.360,1.250,-112.368,-170.765,12.014,Roll
-1.053,0.193,0.963,-137.734,-286.545,-0.962,Roll
-0.538,-0.329,0.589,-89.836,-286.685,-38.237,Roll
-0.420,-0.512,0.828,15.085,-286.685,2.572,Roll
-0.171,-0.317,0.992,-9.467,-286.685,13.974,Roll
0.027,-0.379,0.674,-60.664,-286.685,-52.500,Roll
0.657,-0.531,0.052,26.180,-286.685,-84.753,Roll
1.153,-0.220,0.159,175.586,-286.685,-63.787,Roll
1.420,0.179,0.451,146.860,-228.130,20.458,Roll
1.471,0.407,0.408,69.457,-132.746,54.311,Roll
1.296,0.406,0.219,-24.675,41.877,81.007,Roll
1.043,0.213,0.151,-19.478,241.631,50.076,Roll
0.856,-0.157,0.558,1.785,286.685,-63.787,Roll
0.822,-0.365,0.638,24.868,286.685,-122.439,Roll
0.460,-0.345,0.462,-28.735,286.685,-139.379,Roll
-0.014,-0.393,0.553,-18.734,286.685,-118.772,Roll
-0.262,-0.352,0.736,-15.146,286.685,-118.326,Roll
-0.591,-0.171,0.881,-10.946,286.685,-35.210,Roll
-1.213,0.211,0.943,-56.481,286.685,15.820,Roll
-1.460,0.393,1.261,-62.816,102.541,23.975,Roll
-1.440,0.384,1.093,-110.189,-201.040,12.233,Roll
-1.047,-0.163,0.898,-111.519,-286.685,-21.333,Roll
-0.602,-0.510,0.604,-102.305,-286.685,-56.928,Roll
-0.569,-0.497,0.309,25.734,-286.685,3.264,Roll
-0.312,-0.309,0.669,118.808,-286.685,-30.844,Roll
0.305,-0.264,0.495,177.450,-286.685,-92.164,Roll
0.731,-0.049,0.376,185.369,-286.685,-101.351,Roll
1.334,0.114,0.080,185.553,-286.685,-90.676,Roll
1.781,0.837,0.551,168.481,-192.421,-24.378,Roll
1.414,0.647,0.330,-14.289,36.951,28.726,Roll
1.179,0.310,0.060,-69.632,203.271,5.819,Roll
0.902,-0.132,0.215,-82.512,286.685,-53.384,Roll
0.708,-0.264,0.475,-95.699,286.685,-84.945,Roll
0.227,-0.378,0.412,-128.966,286.685,-57.487,Roll
-0.003,-0.348,0.567,-137.524,286.685,-72.984,Roll
-0.016,-0.135,0.487,-155.671,286.685,-86.957,Roll
-0.629,-0.162,0.263,-70.280,286.685,42.569,Roll
-1.345,0.437,0.652,15.592,280.814,88.253,Roll
-1.695,0.553,0.994,-36.251,146.134,-13.571,Roll
-1.579,0.433,1.271,-142.756,-189.788,-2.669,Roll
-1.203,-0.287,1.047,-198.240,-286.685,-17.465,Roll
-0.544,-1.059,0.636,-150.570,-286.685,-102.777,Roll
-0.343,-0.709,0.499,40.460,-286.685,-62.746,Roll
-0.125,-0.406,0.701,144.568,-286.685,-20.247,Roll
0.283,-0.151,0.568,176.881,-286.685,-53.393,Roll
0.915,-0.114,0.380,182.779,-286.685,-86.467,Roll
1.251,0.116,0.457,183.654,-286.309,-63.324,Roll
1.303,0.366,0.367,140.289,-210.875,-47.959,Roll
1.166,0.598,0.089,50.505,-44.765,-51.240,Roll
1.073,0.452,-0.042,-46.025,130.673,-54.871,Roll
1.009,0.194,0.183,-86.817,285.425,-67.620,Roll
0.884,0.088,0.347,-95.935,286.685,-76.423,Roll
0.561,-0.183,0.487,-123.174,286.685,-70.009,Roll
0.222,-0.301,0.439,-137.191,286.685,-83.344,Roll
0.181,-0.012,0.559,-143.465,286.685,-78.470,Roll
-0.312,0.062,0.770,-232.242,286.685,-50.173,Roll
-1.189,-0.680,0.493,-167.519,284.611,46.734,Roll
-1.664,0.046,1.447,-79.354,143.071,53.366,Roll
-1.653,-0.005,1.366,-106.671,-61.766,-19.276,Roll
-1.226,-0.402,1.022,-108.596,-286.685,-102.751,Roll
-0.454,-0.768,0.494,-32.856,-286.685,-139.431,Roll
-0.191,-0.804,0.394,147.411,-286.685,-78.654,Roll
0.106,-0.325,0.812,224.271,-286.685,-2.231,Roll
0.374,-0.265,0.682,229.836,-286.685,-19.486,Roll
0.800,0.010,0.364,222.898,-286.685,-13.239,Roll
1.122,0.334,0.157,207.016,-286.685,-35.070,Roll
1.472,0.779,0.349,133.280,-159.889,-31.054,Roll
1.541,0.780,0.333,54.092,-26.548,-11.961,Roll
1.232,0.511,0.148,-67.200,198.625,-2.082,Roll
0.966,-0.013,0.109,-68.189,286.685,-46.541,Roll
0.666,-0.309,0.433,-74.891,286.685,-103.661,Roll
0.564,-0.512,0.471,-92.111,286.685,-123.226,Roll
0.333,-0.325,0.669,-136.255,286.685,-103.897,Roll
-0.034,-0.156,0.913,-191.327,286.685,-71.111,Roll
-0.382,-0.049,0.737,-274.207,286.685,2.520,Roll
-1.171,-0.432,0.108,-97.720,262.220,59.456,Roll
-1.548,0.256,1.214,-32.095,147.009,55.046,Roll
-1.496,-0.104,1.291,-83.204,-123.725,-27.589,Roll
-0.995,-0.428,1.035,-116.095,-286.685,-61.145,Roll
-0.635,-1.025,0.563,-12.871,-286.685,-83.816,Roll
-0.447,-0.975,0.319,155.724,-286.685,-56.026,Roll
-0.146,-0.328,0.654,256.970,-286.685,11.462,Roll
0.374,-0.084,0.737,204.190,-286.685,15.592,Roll
0.774,-0.128,0.452,111.694,-286.685,3.342,Roll
0.964,-0.131,0.420,172.025,-285.644,1.872,Roll
1.114,0.379,0.489,156.109,-204.837,-6.396,Roll
1.315,0.651,0.482,58.844,-26.696,-43.776,Roll
1.190,0.460,0.208,-51.888,164.929,-47.469,Roll
1.007,0.304,0.195,-77.683,284.821,-83.982,Roll
0.641,-0.165,0.278,-55.851,286.685,-120.146,Roll
0.626,-0.401,0.332,-66.150,286.685,-149.249,Roll
0.265,-0.384,0.589,-77.219,286.685,-147.219,Roll
-0.110,-0.260,0.823,-108.692,286.685,-124.162,Roll
-0.534,-0.121,1.077,-190.916,286.685,-36.111,Roll
-1.290,-0.225,0.794,-148.811,278.915,69.335,Roll
-1.687,0.238,1.192,-45.999,83.965,75.294,Roll
-1.459,0.137,1.253,-87.448,-205.695,10.745,Roll
-1.260,-0.244,0.904,-108.246,-286.685,-29.190,Roll
-0.714,-0.687,0.395,-42.009,-286.685,-76.283,Roll
-0.452,-0.349,0.655,153.283,-286.685,-8.006,Roll
-0.006,-0.158,0.763,142.511,-286.685,-4.541,Roll
0.424,-0.221,0.797,126.114,-286.685,-17.894,Roll
0.796,-0.090,0.676,131.723,-286.685,20.720,Roll
0.864,0.172,0.347,98.411,-286.685,46.034,Roll
1.213,0.470,0.033,117.504,-194.014,37.879,Roll
1.272,0.489,0.074,74.935,-70.490,45.071,Roll
1.117,0.284,0.076,-31.500,142.476,30.494,Roll
0.960,-0.124,0.249,-75.556,286.641,-16.205,Roll
0.880,-0.395,0.332,-40.574,286.685,-55.178,Roll
0.310,-0.441,0.570,33.530,286.685,-65.397,Roll
-0.144,-0.377,0.555,18.471,286.685,-126.315,Roll
-0.135,-0.186,0.780,-60.926,286.685,-178.518,Roll
-0.246,-0.084,0.995,-148.916,286.685,-114.021,Roll
-0.758,-0.336,0.554,-189.884,286.685,-37.266,Roll
-1.428,0.201,1.071,-16.914,242.296,17.010,Roll
-1.663,0.284,1.347,-89.416,-41.895,-35.735,Roll
-1.287,-0.277,1.058,-123.970,-286.633,-96.600,Roll
-1.073,-0.805,0.447,-72.677,-286.685,-112.927,Roll
-0.621,-0.663,0.162,58.914,-286.685,-114.704,Roll
-0.059,-0.232,0.473,235.261,-286.685,-63.000,Roll
0.355,-0.341,0.617,249.288,-286.685,-4.506,Roll
0.878,-0.100,0.656,215.215,-286.685,46.095,Roll
1.121,0.094,0.622,142.651,-286.685,72.616,Roll
1.211,0.407,0.434,172.384,-223.904,62.239,Roll
1.329,0.510,0.406,61.819,-60.261,44.607,Roll
1.242,0.341,0.188,-19.198,99.715,34.729,Roll
1.077,0.072,0.011,-37.196,225.033,13.773,Roll
0.690,-0.117,0.399,-21.516,286.685,-26.521,Roll
0.382,-0.232,0.528,13.431,286.685,-112.779,Roll
-0.219,-0.737,0.724,-15.995,286.685,-221.200,Roll
0.257,-0.449,0.755,-126.700,286.685,-223.265,Roll
0.028,-0.220,1.001,-136.684,286.685,-131.863,Roll
-0.591,-0.017,0.672,-174.099,286.685,13.256,Roll
-1.154,0.287,0.984,-73.622,186.708,56.534,Roll
-1.385,0.344,1.247,-78.916,-36.409,22.995,Roll
-1.313,0.058,1.307,-108.806,-198.503,-6.983,Roll
-1.099,-0.604,1.104,-115.421,-286.685,-56.735,Roll
-0.788,-0.806,0.770,-22.566,-286.685,-74.156,Roll
-0.401,-0.354,0.534,110.539,-286.685,-62.029,Roll
0.014,-0.188,0.668,214.209,-286.685,-82.652,Roll
0.370,-0.163,0.659,218.592,-286.685,-99.269,Roll
0.909,-0.117,0.416,209.125,-286.685,-72.450,Roll
1.263,0.022,0.193,175.569,-282.529,-15.068,Roll
1.358,0.451,0.621,157.727,-138.749,17.334,Roll
1.378,0.551,0.517,40.565,-65.984,25.830,Roll
1.284,0.411,0.014,-27.414,118.169,19.486,Roll
1.080,0.230,0.094,-56.236,286.641,-0.892,Roll
0.811,0.002,0.270,-64.662,286.685,-78.094,Roll
-0.116,-0.332,0.365,-46.489,286.685,-128.844,Roll
0.105,-0.332,0.323,-165.454,286.685,-131.031,Roll
-0.468,-0.406,0.546,-112.691,286.685,-38.036,Roll
-0.904,-0.082,0.867,-48.615,286.685,41.195,Roll
-1.199,0.206,1.132,-34.493,269.036,66.640,Roll
-1.645,0.431,1.390,-53.226,39.130,59.202,Roll
-1.345,0.257,1.352,-131.827,-277.690,30.161,Roll
-1.126,-0.479,0.664,-109.305,-286.685,-86.879,Roll
-0.685,-0.735,0.275,51.354,-286.685,-178.806,Roll
-0.049,-0.177,0.375,198.975,-286.685,-83.571,Roll
0.291,0.013,0.621,170.809,-286.685,-11.812,Roll
0.702,-0.012,0.281,140.630,-286.685,-9.030,Roll
1.097,0.112,0.282,129.666,-285.784,31.474,Roll
1.195,0.307,0.372,110.880,-230.230,42.604,Roll
1.314,0.470,0.560,56.744,-86.494,44.511,Roll
1.191,0.536,0.302,-19.198,57.540,27.475,Roll
1.134,0.311,0.135,-79.118,242.436,-6.983,Roll
0.936,0.080,0.248,-85.382,286.685,-37.975,Roll
0.468,-0.304,0.724,-80.675,286.685,-103.915,Roll
0.275,-0.604,0.644,-98.254,286.685,-168.954,Roll
0.262,-0.380,0.625,-86.397,286.685,-145.416,Roll
-0.197,-0.085,0.995,-97.956,286.685,-125.274,Roll
-0.441,-0.167,1.012,-163.844,286.685,-58.695,Roll
-1.245,-0.082,0.804,-148.488,284.104,25.629,Roll
-1.514,0.280,1.115,-108.902,102.104,7.648,Roll
-1.511,0.079,1.113,-95.769,-84.044,-40.136,Roll
-1.215,-0.408,0.939,-72.074,-286.668,-94.981,Roll
-0.467,-0.890,0.608,22.802,-286.685,-136.666,Roll
-0.334,-0.711,0.211,189.438,-286.685,-88.524,Roll
0.047,-0.328,0.383,274.304,-286.685,-53.506,Roll
0.595,-0.098,0.558,281.759,-286.685,-55.729,Roll
0.941,-0.122,0.309,228.139,-286.685,2.161,Roll
0.954,0.380,0.325,203.857,-286.685,26.880,Roll
1.173,0.756,0.297,124.014,-189.542,-6.361,Roll
1.338,0.874,0.254,31.833,-79.923,0.954,Roll
1.167,0.564,-0.053,-98.376,142.039,38.404,Roll
0.951,0.161,0.102,-118.764,286.685,17.754,Roll
0.797,-0.165,0.249,-115.535,286.685,-42.630,Roll
0.285,-0.565,0.442,-107.555,286.685,-61.521,Roll
0.104,-0.566,0.615,-129.596,286.685,-74.961,Roll
0.000,-0.268,1.061,-156.074,286.685,-65.249,Roll
-0.161,-0.172,0.903,-172.970,286.685,1.321,Roll
-1.073,-0.368,0.429,-93.336,286.685,75.688,Roll
-1.687,0.480,1.444,-39.830,228.804,96.469,Roll
-1.521,0.127,1.164,-62.230,-79.091,-18.025,Roll
-1.266,-0.110,0.867,-53.147,-248.710,-65.966,Roll
-0.664,-0.477,0.482,9.704,-286.685,-69.440,Roll
-0.368,-0.177,0.617,128.048,-286.685,-10.071,Roll
-0.104,-0.319,0.846,153.598,-286.685,-21.744,Roll
0.250,-0.655,0.771,136.010,-286.685,5.346,Roll
0.374,-0.417,0.649,149.923,-286.685,30.196,Roll
0.847,0.026,0.422,125.948,-286.685,10.386,Roll
1.147,0.257,0.209,166.329,-282.721,-20.029,Roll
1.381,0.669,0.580,86.406,-113.715,17.360,Roll
1.234,0.693,0.250,-2.424,5.994,25.235,Roll
1.042,0.544,0.286,-56.840,206.334,-22.190,Roll
1.003,0.090,0.618,-116.314,286.685,-60.480,Roll
0.581,-0.375,0.706,-125.317,286.685,-100.135,Roll
0.838,-0.377,0.441,-162.557,286.685,-109.305,Roll
0.277,-0.240,0.499,-162.619,286.685,-60.812,Roll
-0.403,-0.171,0.617,-217.709,286.685,2.266,Roll
-1.102,-0.223,0.808,-121.861,274.321,49.149,Roll
-1.437,0.025,1.364,-64.829,186.550,55.475,Roll
-1.435,-0.119,1.565,-53.410,-67.970,6.265,Roll
-0.984,-0.198,0.999,-66.342,-286.676,-49.893,Roll
-0.530,-0.391,0.218,13.510,-286.685,-43.864,Roll
-0.243,-0.597,0.359,134.908,-286.685,-56.429,Roll
0.062,-0.552,0.778,221.708,-286.685,-34.099,Roll
0.546,-0.270,0.957,191.607,-286.685,10.745,Roll
0.743,-0.060,0.511,115.115,-286.685,42.376,Roll
0.894,0.064,0.202,133.954,-286.685,20.536,Roll
1.285,0.432,0.080,162.321,-263.121,-11.095,Roll
1.556,0.718,0.190,40.057,-91.744,11.392,Roll
1.378,0.406,-0.029,-57.768,118.475,36.173,Roll
1.131,0.122,-0.062,-57.881,264.897,33.049,Roll
0.793,-0.310,0.210,-90.247,286.685,-5.871,Roll
0.482,-0.405,0.443,-39.252,286.685,-63.394,Roll
-0.101,-0.462,0.596,-28.122,286.685,-114.809,Roll
-0.047,-0.271,0.638,-46.025,286.685,-153.606,Roll
0.027,0.144,0.621,-93.118,286.685,-118.571,Roll
-0.706,-0.172,0.771,-127.277,286.685,-35.289,Roll
-1.317,-0.043,1.438,-90.764,227.894,11.953,Roll
-1.097,-0.120,1.329,-130.742,-36.409,-12.784,Roll
-0.991,-0.207,1.032,-117.311,-206.675,-9.398,Roll
-0.832,-0.538,0.830,-80.622,-286.685,-5.372,Roll
-0.779,-0.845,0.467,-13.108,-286.685,9.966,Roll
-0.402,-0.432,0.599,134.943,-286.685,13.711,Roll
-0.045,-0.174,0.606,161.744,-286.685,-50.575,Roll
0.663,-0.226,0.413,149.686,-286.685,-66.080,Roll
1.073,0.022,0.485,163.074,-286.685,-12.346,Roll
1.322,0.303,0.536,126.140,-243.241,15.925,Roll
1.320,0.468,0.518,63.893,-67.611,-4.148,Roll
1.237,0.455,0.323,-5.224,54.014,-41.720,Roll
1.114,0.202,0.205,-66.132,256.926,-84.490,Roll
0.855,-0.121,0.433,-53.585,286.685,-129.553,Roll
0.709,-0.273,0.542,-62.230,286.685,-144.322,Roll
0.531,-0.182,0.475,-112.000,286.685,-125.353,Roll
0.175,-0.337,0.378,-123.926,286.685,-90.361,Roll
-0.471,-0.354,0.602,-115.544,286.685,-22.356,Roll
-0.932,-0.058,1.017,-58.643,286.685,18.392,Roll
-1.340,0.047,1.236,-50.925,250.250,24.229,Roll
-1.260,0.103,1.307,-75.810,5.582,5.075,Roll
-1.066,-0.221,0.931,-79.039,-254.091,-0.131,Roll
-0.927,-0.491,0.676,-9.363,-286.685,-7.621,Roll
-0.744,-0.364,0.616,91.359,-286.685,-3.378,Roll
-0.470,-0.330,0.481,151.462,-286.685,6.414,Roll
0.237,-0.445,0.307,229.723,-286.685,2.441,Roll
0.570,-0.250,0.433,215.294,-286.685,32.812,Roll
0.809,0.036,0.328,153.475,-286.685,65.161,Roll
1.156,0.294,-0.031,134.934,-286.685,-1.452,Roll
1.756,0.775,0.460,116.918,-184.958,15.260,Roll
1.543,0.757,0.281,5.495,-61.486,63.744,Roll
1.276,0.390,-0.180,-110.364,169.496,32.051,Roll
0.821,0.137,0.505,-105.577,286.685,-28.079,Roll
0.842,-0.318,0.480,-125.186,286.685,-112.560,Roll
0.603,-0.258,0.609,-118.011,286.685,-118.755,Roll
0.033,-0.540,0.595,-124.189,286.685,-129.946,Roll
-0.033,-0.052,1.031,-142.529,286.685,-139.038,Roll
-0.183,-0.005,1.027,-214.900,286.685,-81.979,Roll
-0.998,-0.400,0.726,-77.254,286.685,-1.330,Roll
-1.226,0.224,1.303,-34.002,171.386,-4.637,Roll
-1.190,0.160,1.272,-93.363,-20.694,-8.908,Roll
-0.937,-0.409,0.892,-118.029,-277.909,10.552,Roll
-0.704,-0.762,0.687,31.255,-286.685,2.144,Roll
-0.654,-0.669,0.602,208.434,-286.685,11.716,Roll
-0.159,-0.222,0.855,232.872,-286.685,18.874,Roll
0.256,-0.461,0.657,172.673,-286.685,40.766,Roll
0.545,-0.185,0.694,168.542,-286.685,70.298,Roll
0.702,0.156,0.480,119.630,-286.685,61.154,Roll
1.121,0.255,-0.137,155.102,-286.685,-2.826,Roll
1.503,0.690,0.247,87.955,-156.380,6.492,Roll
1.327,0.528,0.172,-43.461,99.426,52.588,Roll
1.185,0.162,0.020,-92.155,269.474,18.200,Roll
0.759,-0.145,0.420,-53.244,286.685,-74.891,Roll
0.534,-0.519,0.429,-46.445,286.685,-142.958,Roll
0.543,-0.150,0.487,-75.460,286.685,-117.556,Roll
0.063,-0.294,0.460,-95.734,286.685,-87.456,Roll
-0.345,-0.271,0.712,-105.805,286.685,-98.368,Roll
-0.712,-0.300,0.510,-115.036,286.685,-50.636,Roll
-1.247,0.336,1.016,-2.713,273.997,-0.157,Roll
-1.607,0.358,1.382,7.289,138.364,2.039,Roll
-1.554,0.154,1.334,-32.069,-198.030,-3.150,Roll
-1.133,-0.346,0.622,-41.099,-286.685,11.760,Roll
-0.435,-0.466,0.649,35.805,-286.685,-35.499,Roll
-0.405,-0.461,0.467,75.548,-286.685,-46.629,Roll
0.057,-0.384,0.512,201.285,-286.685,-1.899,Roll
0.512,-0.135,0.783,212.704,-286.685,54.556,Roll
0.636,0.043,0.471,133.770,-286.685,74.007,Roll
0.997,0.092,0.014,133.656,-286.685,33.145,Roll
1.402,0.679,0.280,136.386,-240.669,13.659,Roll
1.339,0.776,0.200,11.944,-20.195,49.228,Roll
1.204,0.502,0.036,-70.683,206.404,26.513,Roll
1.007,0.090,-0.026,-54.644,286.685,-11.602,Roll
0.847,-0.192,0.400,-102.340,286.685,-76.510,Roll
0.293,-0.457,0.483,-99.321,286.685,-115.754,Roll
0.047,-0.535,0.432,-105.175,286.685,-131.784,Roll
-0.065,-0.270,0.737,-140.245,286.685,-166.224,Roll
-0.372,-0.203,0.803,-159.670,286.685,-116.856,Roll
-1.173,-0.091,0.766,-18.034,286.685,-15.234,Roll
-1.588,0.407,1.172,-22.890,160.659,-25.681,Roll
-1.671,0.404,1.195,-56.647,-40.294,-14.752,Roll
-1.273,-0.110,0.896,-112.577,-286.309,-16.065,Roll
-0.679,-0.712,0.823,-61.591,-286.685,-28.936,Roll
-0.556,-0.901,0.719,25.112,-286.685,-17.430,Roll
-0.297,-0.618,0.494,184.266,-286.685,-7.122,Roll
0.122,-0.246,0.541,257.617,-286.685,4.742,Roll
0.450,-0.172,0.515,216.982,-286.685,36.330,Roll
0.794,-0.109,0.306,135.765,-286.685,46.366,Roll
0.954,0.032,0.063,169.785,-286.659,21.017,Roll
1.302,0.514,0.188,102.086,-223.160,38.080,Roll
1.366,0.700,0.135,-0.831,-15.540,67.060,Roll
1.038,0.293,-0.021,-73.360,230.107,35.009,Roll
1.021,0.034,0.248,-69.781,286.685,-26.425,Roll
0.951,-0.278,0.505,-71.899,286.685,-86.406,Roll
0.004,-0.695,0.586,-110.652,286.685,-111.283,Roll
0.049,-0.371,0.765,-108.369,286.685,-104.834,Roll
-0.083,-0.051,0.803,-87.246,286.685,-65.511,Roll
-0.728,-0.339,0.344,-80.255,286.685,-32.375,Roll
-1.241,0.222,1.001,-0.971,286.685,-12.031,Roll
-1.481,0.391,1.228,-43.041,162.312,-17.596,Roll
-1.624,0.261,1.098,-28.341,-119.131,-34.116,Roll
-1.136,-0.091,0.898,-26.058,-281.776,-46.568,Roll
-0.815,-0.491,0.766,-35.954,-286.685,-35.271,Roll
-0.375,-0.586,0.597,-2.135,-286.685,-37.118,Roll
-0.257,-0.545,0.510,117.644,-286.685,8.374,Roll
-0.048,-0.308,0.561,175.079,-286.685,11.462,Roll
0.541,-0.159,0.408,170.590,-286.685,-0.875,Roll
0.918,0.101,0.337,194.932,-286.685,-6.834,Roll
1.152,0.366,0.381,179.480,-279.694,-17.771,Roll
1.558,0.523,0.381,103.180,-179.244,-5.355,Roll
1.354,0.489,0.081,5.057,23.590,32.174,Roll
1.077,0.132,-0.234,-66.754,249.393,17.272,Roll
0.735,0.029,0.161,-76.851,286.685,-47.101,Roll
0.533,-0.282,0.329,-36.619,286.685,-99.365,Roll
0.036,-0.371,0.771,-16.109,286.685,-138.408,Roll
0.180,-0.467,0.521,-89.530,286.685,-196.648,Roll
0.028,-0.302,0.466,-87.456,286.685,-158.060,Roll
-0.757,0.071,0.811,-46.139,286.685,-54.932,Roll
-1.472,0.120,1.027,-69.195,282.205,-26.548,Roll
-1.619,0.492,1.346,-61.022,46.926,-33.329,Roll
-1.567,0.353,1.321,-85.365,-169.496,-44.415,Roll
-0.940,-0.325,1.001,-125.501,-286.685,-53.314,Roll
-0.508,-0.914,0.674,-30.625,-286.685,-36.750,Roll
-0.232,-0.554,0.323,143.369,-286.685,-23.406,Roll
0.186,-0.160,0.581,254.669,-286.685,20.974,Roll
0.640,-0.157,0.429,226.389,-286.685,37.450,Roll
0.927,0.019,0.335,206.780,-286.685,75.941,Roll
1.232,0.363,0.440,128.275,-283.658,82.390,Roll
1.366,0.585,0.319,45.395,-137.742,68.058,Roll
1.207,0.606,0.139,-4.305,0.884,49.079,Roll
0.984,0.114,-0.108,-65.581,232.242,-22.409,Roll
0.939,-0.045,0.403,-76.073,286.685,-102.174,Roll
0.862,-0.252,0.492,-69.939,286.685,-127.374,Roll
0.183,-0.477,0.760,-69.457,286.685,-112.927,Roll
0.179,-0.385,0.619,-92.916,286.685,-151.191,Roll
-0.153,-0.008,1.013,-43.540,286.685,-88.261,Roll
-0.450,0.093,0.968,-98.691,286.685,-41.186,Roll
-1.190,0.195,0.583,-49.385,286.379,45.482,Roll
-1.596,0.539,1.173,-46.463,100.406,31.194,Roll
-1.473,0.129,1.241,-63.131,-232.934,-19.897,Roll
-1.245,-0.322,0.871,-70.543,-286.685,-48.239,Roll
-0.614,-0.609,0.261,44.660,-286.685,-50.356,Roll
-0.101,-0.388,0.470,147.131,-286.685,0.420,Roll
0.099,-0.377,0.786,174.318,-286.685,79.476,Roll
0.256,-0.199,0.719,154.044,-286.685,81.952,Roll
0.652,-0.070,0.257,102.226,-286.685,61.696,Roll
1.053,0.259,0.329,129.141,-286.685,35.928,Roll
1.344,0.615,0.283,70.823,-195.816,37.310,Roll
1.349,0.719,0.083,24.386,-70.289,43.496,Roll
1.243,0.435,-0.097,-32.856,157.570,3.929,Roll
0.984,0.324,0.615,-54.460,286.685,-64.479,Roll
1.048,-0.088,0.742,-129.036,286.685,-134.557,Roll
0.498,-0.610,0.810,-89.609,286.685,-162.960,Roll
0.567,-0.418,0.495,-122.701,286.685,-168.709,Roll
-0.054,-0.131,0.677,-100.118,286.685,-90.353,Roll
-0.623,-0.129,0.666,-96.959,286.685,-35.735,Roll
-0.982,-0.063,0.829,-87.876,283.579,2.100,Roll
-1.332,0.229,1.104,-78.269,199.745,16.240,Roll
-1.443,0.197,1.069,-46.620,-21.009,23.879,Roll
-1.246,0.030,0.719,-27.300,-268.056,10.211,Roll
-0.969,-0.267,0.316,34.729,-286.685,7.866,Roll
-0.160,-0.253,0.659,157.684,-286.685,21.070,Roll
-0.213,-0.490,1.066,123.603,-286.685,45.255,Roll
-0.024,-0.331,0.885,47.731,-286.685,37.896,Roll
0.218,-0.240,0.609,1.794,-286.685,29.225,Roll
0.872,-0.434,-0.503,118.414,-286.685,3.255,Roll
1.155,0.622,0.357,224.577,-286.186,40.416,Roll
1.515,1.003,0.435,49.472,-136.378,54.792,Roll
1.441,0.860,0.175,-24.343,-5.950,72.118,Roll
1.112,0.274,-0.160,-66.973,222.609,43.094,Roll
0.956,-0.062,0.364,-35.857,286.685,-41.799,Roll
0.647,-0.256,0.864,-33.285,286.685,-130.681,Roll
0.320,-0.652,0.755,-76.379,286.685,-164.500,Roll
0.194,-0.320,0.809,-103.294,286.685,-151.296,Roll
-0.044,-0.030,0.910,-130.751,286.685,-97.772,Roll
-0.531,-0.017,0.833,-133.997,286.685,10.448,Roll
-1.069,-0.118,0.775,-97.501,286.125,70.376,Roll
-1.420,0.473,1.233,-23.153,91.796,89.985,Roll
-1.303,0.319,0.953,-55.379,-219.739,37.494,Roll
-1.020,-0.124,0.544,11.856,-286.685,-28.035,Roll
-0.284,-0.452,0.790,64.216,-286.685,-44.135,Roll
-0.017,-0.699,0.808,132.562,-286.685,19.311,Roll
0.209,-0.335,1.033,92.505,-286.685,51.135,Roll
0.402,-0.049,0.514,21.210,-286.685,32.839,Roll
0.775,-0.162,-0.188,63.989,-286.685,-15.488,Roll
1.116,0.424,0.210,190.085,-286.685,-5.758,Roll
1.511,0.879,0.280,82.276,-158.410,11.410,Roll
1.484,0.790,0.066,-6.562,55.659,16.266,Roll
1.185,0.263,-0.101,-12.679,229.959,13.545,Roll
0.844,-0.240,0.395,-64.522,286.685,-30.503,Roll
0.715,-0.468,0.497,-1.969,286.685,-92.216,Roll
0.419,-0.488,0.605,-15.068,286.685,-130.165,Roll
0.105,-0.225,0.700,-70.166,286.685,-149.923,Roll
-0.070,0.020,0.933,-100.266,286.685,-127.759,Roll
-0.382,0.076,0.790,-165.734,286.685,-41.037,Roll
-0.888,-0.013,0.666,-149.205,286.335,32.287,Roll
-1.230,0.287,1.016,-67.559,228.856,12.880,Roll
-1.377,0.495,1.088,-33.976,28.341,-9.800,Roll
-1.382,0.124,1.208,-22.846,-251.834,-26.766,Roll
-1.007,-0.475,1.038,-18.743,-286.685,-62.440,Roll
-0.469,-0.700,0.666,32.156,-286.685,-67.567,Roll
-0.133,-0.289,0.249,149.958,-286.685,-47.722,Roll
0.334,-0.354,0.426,263.690,-286.685,19.337,Roll
0.574,0.106,0.822,175.893,-286.685,62.580,Roll
0.895,0.102,0.362,83.615,-286.685,44.800,Roll
1.370,0.537,0.454,143.815,-251.895,4.725,Roll
1.364,0.728,0.249,17.579,-88.253,35.604,Roll
1.165,0.610,-0.018,-21.630,147.682,16.616,Roll
0.790,0.330,0.212,-41.160,277.436,-31.019,Roll
0.719,-0.164,0.345,-105.709,286.685,-106.724,Roll
0.702,-0.375,0.678,-79.844,286.685,-144.471,Roll
0.248,-0.569,0.605,-79.949,286.685,-128.100,Roll
0.064,0.017,0.889,-107.975,286.685,-112.464,Roll
-0.175,0.060,1.001,-197.225,286.685,-79.056,Roll
-0.912,-0.509,0.149,-202.580,286.685,19.495,Roll
-1.209,0.108,0.567,-50.470,286.685,41.300,Roll
-1.611,0.526,1.031,2.660,163.004,28.420,Roll
-1.619,0.120,1.097,-42.254,-141.260,3.693,Roll
-1.325,-0.327,0.747,-54.338,-286.685,-2.380,Roll
-0.946,-0.715,0.524,34.939,-286.685,-8.199,Roll
-0.289,-0.519,0.563,137.506,-286.685,-19.163,Roll
0.145,-0.312,0.502,242.419,-286.685,29.811,Roll
0.441,-0.079,0.738,216.799,-286.685,95.463,Roll
0.592,0.015,0.656,124.967,-286.685,115.482,Roll
0.813,0.073,0.042,117.565,-286.685,85.251,Roll
1.093,0.640,0.265,117.136,-257.198,48.178,Roll
1.480,0.760,0.185,21.000,-44.853,35.429,Roll
1.406,0.541,0.109,-49.647,121.214,31.798,Roll
1.015,0.170,0.326,-73.868,286.685,-32.751,Roll
0.391,-0.408,0.733,-127.540,286.685,-153.991,Roll
0.334,-0.599,0.621,-87.780,286.685,-275.809,Roll
0.497,-0.232,0.816,-159.556,286.685,-253.671,Roll
-0.161,-0.281,0.314,-174.423,286.685,-154.954,Roll
-0.788,0.091,0.627,-138.941,286.685,-74.751,Roll
-1.417,-0.023,0.680,-127.435,286.668,-44.853,Roll
-1.707,0.026,1.087,-60.891,188.554,-29.750,Roll
-1.630,0.005,1.067,-50.986,27.571,-13.729,Roll
-1.433,-0.193,0.796,-116.830,-261.240,44.459,Roll
-1.145,-0.822,0.368,-18.629,-286.685,-2.888,Roll
-0.565,-0.633,0.742,81.436,-286.685,-26.276,Roll
-0.342,-0.727,0.329,162.592,-286.685,11.392,Roll
0.001,-0.244,0.376,286.633,-286.685,34.309,Roll
0.444,-0.221,0.495,249.506,-286.685,59.229,Roll
0.771,0.012,0.567,136.413,-286.685,102.130,Roll
0.851,0.047,0.221,60.182,-286.685,102.988,Roll
1.118,0.567,0.243,87.745,-285.626,82.276,Roll
1.217,0.707,-0.071,-35.472,-121.240,94.859,Roll
1.278,0.713,0.039,-104.982,144.375,73.605,Roll
0.855,0.414,0.323,-96.854,286.318,7.787,Roll
0.815,-0.488,0.736,-143.553,286.685,-125.186,Roll
-0.146,-0.749,0.868,-76.624,286.685,-147.962,Roll
0.063,-0.763,0.547,-98.140,286.685,-178.019,Roll
-0.144,-0.139,0.806,-49.201,286.685,-107.240,Roll
-0.816,0.043,0.979,-108.159,286.685,3.719,Roll
-1.438,0.097,1.161,-66.719,280.280,31.132,Roll
-1.601,0.181,1.177,-36.085,65.756,10.596,Roll
-1.451,0.130,1.258,2.564,-136.133,6.003,Roll
-0.921,-0.386,0.806,-30.144,-286.685,-28.665,Roll
-0.310,-0.611,0.740,47.443,-286.685,-26.215,Roll
-0.222,-0.544,0.441,156.712,-286.685,18.060,Roll
0.024,-0.328,0.585,203.402,-286.685,52.439,Roll
0.447,-0.263,0.742,174.545,-286.685,56.971,Roll
0.788,-0.281,0.150,106.330,-286.685,39.646,Roll
1.096,0.339,0.250,186.760,-286.685,35.368,Roll
1.356,0.618,0.267,129.999,-243.521,62.265,Roll
1.563,0.881,0.079,24.343,-32.550,87.535,Roll
1.128,0.372,-0.244,-69.300,245.000,73.666,Roll
0.292,-0.122,0.400,-18.935,286.685,-41.562,Roll
0.314,-0.572,0.669,-67.699,286.685,-134.216,Roll
-0.387,-0.775,0.540,-22.837,286.685,-183.689,Roll
-0.083,-0.428,0.618,-103.364,286.685,-147.210,Roll
-0.717,0.074,1.126,-38.456,286.685,-33.661,Roll
-1.111,0.264,1.132,-111.632,279.842,-6.860,Roll
-1.317,0.413,1.345,-83.982,149.599,-1.619,Roll
-1.449,0.306,1.264,-61.110,-149.669,-16.214,Roll
-0.989,-0.291,0.912,-69.501,-286.685,-65.415,Roll
-0.195,-0.510,0.739,-8.811,-286.685,-68.399,Roll
-0.175,-0.656,0.285,118.519,-286.685,-0.752,Roll
0.122,-0.319,0.830,238.840,-286.685,54.583,Roll
0.554,-0.196,0.890,148.356,-286.685,75.924,Roll
0.695,-0.013,0.771,108.710,-286.685,78.829,Roll
1.254,0.168,0.300,148.488,-286.685,42.184,Roll
1.513,0.699,0.306,100.319,-135.747,40.749,Roll
1.193,0.589,0.230,0.866,100.546,19.267,Roll
1.029,0.179,-0.129,-31.544,267.890,-31.351,Roll
0.523,-0.219,0.631,-70.096,286.685,-110.416,Roll
0.049,-0.620,0.716,-23.170,286.685,-205.678,Roll
0.115,-0.329,0.725,-52.631,286.685,-249.988,Roll
0.229,-0.120,0.581,-109.594,286.685,-184.599,Roll
-0.225,-0.029,0.632,-141.295,286.685,-80.736,Roll
-1.054,0.044,0.676,-155.750,286.685,-18.961,Roll
-1.459,0.376,1.401,-99.356,172.008,-9.476,Roll
-1.693,0.257,1.331,-91.079,-15.802,-20.737,Roll
-1.133,-0.256,1.032,-76.160,-286.046,-62.720,Roll
-0.575,-0.695,0.425,39.603,-286.685,-101.806,Roll
-0.230,-0.714,0.291,172.139,-286.685,-63.901,Roll
0.165,-0.377,0.726,251.169,-286.685,12.425,Roll
0.401,-0.177,0.843,175.000,-286.685,33.259,Roll
0.962,-0.278,0.001,126.901,-286.685,37.616,Roll
1.415,0.552,0.360,243.670,-286.685,49.298,Roll
1.877,0.879,0.296,96.574,-190.295,78.698,Roll
1.547,0.877,0.204,7.709,-2.870,80.360,Roll
1.034,0.143,-0.213,-74.121,268.196,8.041,Roll
0.600,-0.051,0.435,-58.485,286.685,-78.768,Roll
0.423,-0.484,0.467,-57.076,286.685,-166.119,Roll
0.319,-0.587,0.344,0.858,286.685,-193.279,Roll
0.294,-0.217,0.476,-47.504,286.685,-158.095,Roll
-0.135,-0.037,0.480,-63.105,286.685,-73.911,Roll
-0.610,0.018,0.568,-100.275,286.685,-10.439,Roll
-1.203,0.370,0.878,-100.607,286.685,-0.420,Roll
-1.466,0.402,1.137,-67.401,177.590,11.296,Roll
-1.783,0.265,1.291,-83.081,-99.269,11.672,Roll
-1.591,-0.057,1.176,-99.829,-278.460,-38.404,Roll
-0.871,-0.716,0.479,-60.533,-286.685,-87.115,Roll
0.147,-0.400,0.382,129.255,-286.685,-70.446,Roll
0.039,-0.499,0.608,186.533,-286.685,41.554,Roll
0.171,-0.459,0.629,161.193,-286.685,68.320,Roll
0.570,-0.022,0.353,150.220,-286.685,43.890,Roll
1.166,0.181,0.167,185.570,-286.685,20.878,Roll
1.453,0.677,0.449,128.783,-166.556,44.861,Roll
1.426,0.758,0.220,40.521,18.716,53.121,Roll
1.061,0.469,-0.040,-49.866,164.693,26.670,Roll
0.781,0.060,0.032,-43.076,286.685,-55.099,Roll
0.551,-0.168,0.683,-47.084,286.685,-134.689,Roll
0.053,-0.533,0.820,-112.438,286.685,-189.717,Roll
0.157,-0.653,0.684,-193.008,286.685,-189.534,Roll
-0.259,-0.136,0.791,-125.720,286.685,-73.159,Roll
-1.114,-0.053,0.686,-107.669,286.685,-13.221,Roll
-1.473,0.395,1.204,-34.641,241.631,-32.550,Roll
-1.722,0.478,1.299,-65.450,-56.980,-51.748,Roll
-1.673,-0.132,0.878,-114.529,-271.320,-89.793,Roll
-0.882,-0.799,0.286,20.317,-286.685,-164.027,Roll
0.005,-0.414,0.821,249.148,-286.685,-89.171,Roll
0.151,-0.614,0.830,251.554,-286.685,31.745,Roll
0.315,-0.325,0.896,195.562,-286.685,72.266,Roll
0.525,0.060,0.764,113.312,-286.685,73.281,Roll
0.821,0.299,0.157,153.764,-286.685,41.186,Roll
1.008,0.702,0.201,141.137,-200.314,70.018,Roll
1.146,0.834,0.118,68.014,-68.967,69.562,Roll
1.141,0.466,-0.010,-32.147,136.500,39.296,Roll
0.978,-0.074,0.312,-49.647,286.685,-9.389,Roll
0.645,-0.200,0.814,-87.299,286.685,-59.824,Roll
0.270,-0.798,0.753,-122.999,286.685,-80.255,Roll
0.083,-0.465,0.624,-110.031,286.685,-89.565,Roll
-0.234,-0.119,0.719,-117.626,286.685,-65.161,Roll
-0.645,-0.070,0.834,-114.048,286.685,-3.596,Roll
-1.305,0.167,0.945,-35.350,286.283,18.427,Roll
-1.567,0.454,1.163,-38.500,98.787,-0.656,Roll
-1.492,0.018,1.138,-59.649,-224.105,-45.710,Roll
-1.207,-0.489,0.816,-62.405,-286.685,-92.207,Roll
-0.539,-0.734,0.739,44.879,-286.685,-112.158,Roll
-0.344,-0.676,0.268,126.088,-286.685,-65.713,Roll
0.172,-0.366,0.578,215.241,-286.685,-38.045,Roll
0.759,-0.255,0.423,158.270,-286.685,-21.157,Roll
1.025,-0.029,0.214,196.166,-286.685,-9.756,Roll
1.227,0.586,0.319,200.926,-286.685,3.150,Roll
1.443,0.902,0.057,111.064,-174.947,-1.400,Roll
1.306,0.663,-0.241,-15.523,72.397,18.331,Roll
1.103,0.307,-0.251,-67.576,237.667,17.325,Roll
0.883,-0.102,-0.006,-64.811,286.685,-18.917,Roll
0.305,-0.337,0.543,-56.919,286.685,-99.041,Roll
-0.105,-0.704,0.390,-83.606,286.685,-147.726,Roll
0.151,-0.322,0.711,-106.706,286.685,-142.861,Roll
-0.044,-0.023,0.876,-118.982,286.685,-87.850,Roll
-0.816,-0.265,0.673,-162.461,286.685,1.295,Roll
-1.239,0.458,1.063,-52.981,213.736,23.476,Roll
-1.570,0.268,1.240,-38.798,-67.497,-12.792,Roll
-1.367,-0.242,1.272,-18.419,-266.927,-35.586,Roll
-0.798,-0.692,0.810,30.844,-286.685,-40.390,Roll
-0.281,-0.519,0.437,121.319,-286.685,10.491,Roll
0.134,-0.238,0.548,137.891,-286.685,69.457,Roll
0.606,-0.243,0.512,109.034,-286.685,64.304,Roll
1.047,-0.141,0.525,164.929,-286.685,95.489,Roll
1.024,0.366,0.463,139.913,-286.685,95.716,Roll
1.166,0.546,0.116,97.668,-226.800,29.479,Roll
1.354,0.724,-0.058,72.476,-98.315,14.394,Roll
1.212,0.451,-0.205,-20.151,138.425,13.886,Roll
0.862,-0.025,-0.015,-36.636,286.685,-26.924,Roll
0.686,-0.333,0.414,-99.671,286.685,-125.344,Roll
0.493,-0.540,0.539,-38.421,286.685,-151.244,Roll
-0.095,-0.532,0.696,-29.382,286.685,-174.212,Roll
-0.023,-0.143,0.854,-59.780,286.685,-168.367,Roll
-0.292,0.091,0.909,-121.380,286.685,-82.906,Roll
-0.768,0.001,0.825,-172.944,286.685,-16.625,Roll
-1.265,0.329,0.949,-72.809,255.587,14.324,Roll
-1.591,0.482,1.110,-31.132,-17.789,-24.290,Roll
-1.474,-0.090,1.142,-0.236,-284.261,-74.244,Roll
-0.604,-0.643,1.041,47.688,-286.685,-48.291,Roll
-0.361,-0.597,0.762,91.613,-286.685,44.966,Roll
-0.102,-0.412,0.509,138.206,-286.685,85.348,Roll
0.292,-0.193,0.898,184.931,-286.685,108.185,Roll
0.439,0.020,0.735,125.554,-286.685,112.061,Roll
0.620,0.052,0.284,60.839,-286.685,70.805,Roll
1.188,0.428,0.260,79.853,-243.600,15.479,Roll
1.310,0.621,0.119,31.841,-31.596,25.147,Roll
1.275,0.482,0.041,-12.828,127.768,22.706,Roll
1.037,0.044,0.308,-19.565,286.685,-36.803,Roll
0.734,-0.306,0.716,-66.071,286.685,-106.846,Roll
0.228,-0.621,0.818,-56.849,286.685,-178.929,Roll
0.268,-0.644,0.711,-109.287,286.685,-193.497,Roll
-0.104,-0.230,0.772,-89.661,286.685,-165.690,Roll
-0.675,-0.146,0.751,-115.806,286.685,-54.180,Roll
-1.207,0.261,1.008,-63.472,253.242,16.380,Roll
-1.495,0.267,1.200,-44.013,127.969,16.756,Roll
-1.462,0.201,1.181,-63.324,-144.760,12.889,Roll
-1.155,-0.299,0.764,-76.317,-286.685,-5.267,Roll
-0.834,-0.528,0.491,66.614,-286.685,-36.908,Roll
-0.422,-0.404,0.369,140.866,-286.685,-52.185,Roll
0.012,-0.328,0.660,159.906,-286.685,-18.795,Roll
0.558,-0.266,0.676,153.195,-286.685,6.344,Roll
0.985,0.071,0.298,200.900,-286.685,2.993,Roll
1.114,0.557,0.316,201.014,-286.685,-4.095,Roll
1.511,0.916,0.145,139.484,-152.276,4.314,Roll
1.425,0.740,0.037,-10.841,110.320,31.806,Roll
1.199,0.301,-0.015,-92.785,286.685,6.650,Roll
0.619,-0.069,0.514,-75.171,286.685,-30.651,Roll
0.046,-1.068,0.314,-77.971,286.685,-164.089,Roll
0.512,-0.415,0.571,-99.785,286.685,-133.254,Roll
0.219,-0.140,0.434,-108.946,286.685,-55.834,Roll
-0.504,-0.130,0.655,-126.919,286.685,7.753,Roll
-1.229,0.301,1.011,-77.805,281.628,78.610,Roll
-1.728,0.664,1.327,-102.235,70.175,68.408,Roll
-1.617,0.351,1.305,-140.516,-259.271,21.184,Roll
-1.344,-0.208,0.825,-199.316,-286.685,-24.920,Roll
-0.751,-0.666,0.380,-58.704,-286.685,-144.357,Roll
-0.102,-0.348,0.478,107.109,-286.685,-115.395,Roll
0.272,-0.088,0.744,187.504,-286.685,-91.245,Roll
0.678,-0.092,0.710,185.369,-286.685,-107.371,Roll
1.002,0.081,0.406,205.467,-286.685,-109.261,Roll
1.217,0.595,0.299,189.516,-256.497,-119.420,Roll
1.348,0.865,0.222,88.734,-42.840,-83.694,Roll
1.207,0.653,0.040,-16.336,207.576,-66.806,Roll
1.019,0.300,0.056,-107.406,286.685,-66.894,Roll
0.592,-0.188,0.522,-178.281,286.685,-70.840,Roll
0.493,-0.470,0.388,-121.336,286.685,-67.777,Roll
0.281,-0.299,0.600,-114.905,286.685,-58.756,Roll
0.050,-0.089,0.936,-240.660,286.685,-45.570,Roll
-0.435,-0.090,0.817,-286.685,286.685,60.410,Roll
-1.140,-0.025,0.732,-137.996,192.745,145.224,Roll
-1.395,0.430,1.155,-43.103,96.154,144.296,Roll
-1.655,0.114,1.418,-108.019,-167.081,91.402,Roll
-1.215,-0.203,1.000,-122.238,-286.685,-16.371,Roll
-0.767,-0.618,0.206,-65.048,-286.685,-133.849,Roll
-0.001,-0.368,0.758,162.041,-286.685,-174.764,Roll
0.373,-0.306,0.650,153.466,-286.685,-149.879,Roll
0.913,-0.256,0.689,157.167,-286.685,-84.735,Roll
1.096,0.210,0.366,197.934,-286.685,-75.469,Roll
1.377,0.691,0.238,173.329,-190.199,-92.470,Roll
1.495,0.767,0.200,109.489,34.606,-70.814,Roll
1.217,0.535,-0.129,-16.984,201.031,-58.783,Roll
0.893,0.216,0.360,-98.473,286.685,-68.338,Roll
0.373,-0.686,0.234,-106.452,286.685,-87.850,Roll
0.371,-0.486,0.275,-73.719,286.685,-84.289,Roll
0.091,-0.206,0.570,-103.320,286.685,-71.111,Roll
-0.222,-0.092,0.784,-117.066,286.685,-54.451,Roll
-0.498,0.190,1.010,-206.281,286.685,-30.564,Roll
-0.763,0.039,0.801,-204.803,286.685,3.832,Roll
-1.132,0.332,0.920,-101.832,129.745,25.996,Roll
-1.207,0.032,1.083,-136.211,-91.009,3.763,Roll
-0.967,-0.327,1.148,-128.660,-283.946,-16.170,Roll
-0.774,-0.672,1.315,-111.449,-286.685,-49.604,Roll
-0.415,-0.873,0.982,-34.869,-286.685,-63.228,Roll
-0.162,-0.699,0.582,67.130,-286.685,-84.315,Roll
0.200,-0.194,0.674,173.294,-286.685,-77.604,Roll
0.658,-0.060,0.416,183.531,-286.685,-105.035,Roll
1.064,0.067,0.217,225.461,-286.685,-96.119,Roll
1.496,0.459,0.260,173.784,-280.201,-58.240,Roll
1.439,0.703,0.061,47.119,-129.999,-1.820,Roll
1.196,0.541,-0.209,-41.632,77.009,31.868,Roll
1.028,0.109,-0.241,-46.349,234.307,38.806,Roll
0.438,-0.319,0.401,9.642,286.685,-41.143,Roll
0.495,-0.304,0.489,52.369,286.685,-128.809,Roll
0.370,0.016,0.832,-18.900,286.685,-124.793,Roll
-0.194,-0.219,0.834,-93.966,286.685,-119.000,Roll
-0.145,-0.223,0.953,-113.531,286.685,-125.396,Roll
-0.123,0.167,0.801,-117.460,286.685,-54.757,Roll
-1.120,0.207,0.726,-108.500,273.543,73.334,Roll
-1.521,0.374,1.251,-94.736,119.534,31.448,Roll
-1.439,0.062,1.313,-73.981,-228.086,-34.860,Roll
-0.551,-0.238,1.214,5.845,-286.685,-71.636,Roll
-0.280,-0.653,0.469,57.899,-286.685,-15.479,Roll
-0.044,-0.363,0.676,124.679,-286.685,-10.238,Roll
0.283,-0.159,0.740,103.933,-286.685,9.529,Roll
0.729,-0.088,0.146,113.321,-286.685,-4.436,Roll
1.193,0.338,0.279,214.471,-284.069,8.794,Roll
1.407,0.655,0.409,162.829,-200.952,32.524,Roll
1.508,0.823,0.490,28.726,-7.595,61.364,Roll
1.104,0.357,-0.013,-38.019,242.777,48.912,Roll
0.616,-0.142,0.382,-27.335,286.685,-23.581,Roll
0.348,-0.448,0.624,-48.064,286.685,-81.454,Roll
-0.106,-0.635,0.648,-13.099,286.685,-163.485,Roll
0.095,-0.053,0.862,-74.979,286.685,-169.190,Roll
-0.275,-0.037,0.961,-160.370,286.685,-118.720,Roll
-0.638,-0.293,0.457,-166.416,286.685,-38.237,Roll
-1.012,0.030,0.681,-56.394,279.886,23.459,Roll
-1.626,0.571,1.029,-13.825,93.091,43.138,Roll
-1.621,0.286,1.112,-56.341,-194.810,-24.325,Roll
-1.265,-0.272,0.617,-49.709,-286.685,-64.129,Roll
-0.792,-0.630,0.547,69.107,-286.685,-76.414,Roll
-0.232,-0.406,0.842,148.899,-286.685,-56.752,Roll
-0.008,-0.474,0.450,177.809,-286.685,-10.824,Roll
0.327,-0.082,0.374,196.219,-286.685,-11.427,Roll
0.698,0.183,0.016,212.074,-286.685,-60.235,Roll
1.290,0.718,0.290,229.372,-286.685,-56.070,Roll
1.715,0.991,0.472,81.839,-182.770,62.274,Roll
1.405,0.749,0.046,-41.099,70.621,103.276,Roll
1.016,0.300,0.034,-74.891,261.564,42.472,Roll
0.604,-0.069,0.338,-78.750,286.685,-24.264,Roll
0.203,-0.554,0.584,-60.209,286.685,-106.584,Roll
0.469,-0.284,0.636,-80.325,286.685,-111.834,Roll
0.264,0.012,0.717,-166.303,286.685,-68.521,Roll
-0.522,-0.186,0.572,-241.990,286.685,15.820,Roll
-0.992,-0.033,0.675,-75.793,286.685,34.388,Roll
-1.594,0.565,1.109,-55.965,196.822,22.767,Roll
-1.688,0.415,1.252,-35.884,14.656,-20.562,Roll
-1.179,0.033,1.087,-58.643,-282.432,-59.623,Roll
-0.660,-0.585,0.450,34.554,-286.685,-102.156,Roll
-0.181,-0.366,0.703,147.569,-286.685,-81.655,Roll
0.054,-0.494,0.638,151.209,-286.685,-23.266,Roll
0.372,-0.288,0.699,167.405,-286.685,-1.820,Roll
0.725,-0.022,0.393,156.494,-286.685,0.306,Roll
1.014,0.597,0.311,238.236,-286.685,-30.573,Roll
1.361,0.844,0.447,165.340,-237.195,-15.636,Roll
1.362,0.898,0.175,16.188,-20.939,46.778,Roll
1.107,0.356,-0.220,-65.931,246.225,44.765,Roll
0.771,0.055,0.491,-111.256,286.685,7.385,Roll
0.669,-0.439,0.692,-158.462,286.685,-33.810,Roll
0.252,-0.797,0.564,-83.624,286.685,-36.426,Roll
0.094,-0.113,0.790,-104.037,286.685,-31.290,Roll
-0.229,0.042,0.843,-150.115,286.685,2.520,Roll
-1.002,-0.239,0.603,-133.928,286.685,24.404,Roll
-1.238,0.295,1.211,-18.069,251.020,47.941,Roll
-1.653,0.414,1.327,-29.794,0.149,0.324,Roll
-1.402,0.166,1.230,-64.207,-203.945,-43.908,Roll
-0.779,-0.282,0.518,-38.028,-286.685,-117.530,Roll
-0.349,-0.484,0.430,69.466,-286.685,-106.636,Roll
-0.055,-0.609,0.654,161.744,-286.685,-76.641,Roll
0.310,-0.328,0.962,124.512,-286.685,-85.558,Roll
0.784,-0.242,0.467,122.859,-286.685,-104.116,Roll
1.053,0.418,0.219,244.116,-286.685,-37.494,Roll
1.144,0.900,0.331,147.018,-198.249,28.936,Roll
1.248,0.984,0.238,14.070,34.204,43.059,Roll
1.134,0.700,0.102,-49.158,228.340,27.247,Roll
0.668,0.015,0.416,-76.160,286.685,-12.233,Roll
0.424,-0.847,0.625,-100.931,286.685,-55.326,Roll
0.591,-0.539,0.673,-130.865,286.685,-2.196,Roll
0.372,-0.042,0.712,-180.434,286.685,31.798,Roll
-0.580,-0.233,0.474,-199.054,286.685,78.540,Roll
-1.245,-0.033,0.768,-14.262,286.685,65.564,Roll
-1.579,0.572,1.230,-16.153,173.784,-8.523,Roll
-1.589,0.407,1.279,-32.620,-17.920,-56.893,Roll
-0.929,0.066,0.911,-88.541,-286.422,-116.716,Roll
-0.118,-0.704,0.606,39.611,-286.685,-162.155,Roll
-0.088,-0.888,1.022,115.509,-286.685,-80.631,Roll
-0.013,-0.490,0.774,103.390,-286.685,-52.194,Roll
0.521,-0.260,0.696,161.717,-286.685,-58.748,Roll
0.974,0.138,0.280,219.625,-286.685,-61.994,Roll
1.234,0.702,0.351,226.538,-272.589,-44.748,Roll
1.437,0.972,0.274,87.920,-75.294,-18.366,Roll
1.316,0.818,-0.042,-23.083,87.841,7.569,Roll
1.039,0.338,-0.078,-61.714,286.685,26.040,Roll
0.351,-0.357,0.562,-101.159,286.685,2.494,Roll
0.145,-0.913,0.247,-56.096,286.685,-41.912,Roll
0.369,-0.304,0.469,-76.772,286.685,-21.753,Roll
0.016,-0.180,0.510,-134.628,286.685,0.219,Roll
-0.768,-0.098,0.380,-156.074,286.685,30.476,Roll
-1.089,-0.112,0.699,-58.713,275.564,33.836,Roll
-1.368,0.312,1.464,-26.066,163.721,8.592,Roll
-1.342,0.223,1.335,-78.120,-104.230,-42.061,Roll
-1.074,-0.043,0.930,-94.990,-286.685,-95.760,Roll
-0.545,-0.440,0.851,-29.094,-286.685,-140.997,Roll
-0.306,-0.711,1.169,12.863,-286.685,-106.531,Roll
0.012,-0.597,0.760,70.683,-286.685,-67.357,Roll
0.462,-0.172,0.659,165.988,-286.685,-49.166,Roll
0.881,-0.024,0.567,173.031,-286.685,-38.307,Roll
1.030,0.105,0.665,165.182,-286.685,-21.849,Roll
1.131,0.340,0.561,136.404,-190.435,-15.208,Roll
1.047,0.528,0.253,82.775,-31.334,-24.404,Roll
1.075,0.403,0.032,30.730,140.822,-31.150,Roll
0.973,0.288,0.112,10.789,265.904,-37.826,Roll
0.759,-0.108,0.348,-30.853,286.685,-63.472,Roll
0.198,-0.825,0.097,-88.935,286.685,-93.677,Roll
0.264,-0.441,0.443,-116.366,286.685,-83.396,Roll
0.032,-0.073,0.740,-131.565,286.685,-55.790,Roll
-0.784,-0.358,0.506,-130.034,286.685,-0.796,Roll
-1.162,0.173,0.760,-71.750,263.462,12.810,Roll
-1.354,0.382,1.014,-28.962,168.735,19.442,Roll
-1.680,0.339,1.483,-69.029,-74.716,-15.172,Roll
-1.593,-0.047,1.093,-181.221,-286.685,-68.530,Roll
-0.841,-0.743,0.386,-91.280,-286.685,-160.991,Roll
-0.240,-0.558,0.546,68.941,-286.685,-140.306,Roll
0.136,-0.627,0.584,132.545,-286.685,-71.277,Roll
0.592,-0.276,0.646,201.250,-286.685,-28.140,Roll
1.123,-0.017,0.456,195.003,-286.685,-11.454,Roll
1.332,0.336,0.386,200.226,-286.668,6.624,Roll
1.485,0.521,0.341,162.715,-213.465,16.503,Roll
1.267,0.639,0.160,60.419,14.507,29.978,Roll
1.110,0.264,-0.293,-34.904,263.392,-3.124,Roll
0.707,-0.097,0.662,-63.385,286.685,-59.701,Roll
0.085,-0.675,0.370,-52.658,286.685,-129.001,Roll
0.411,-0.568,0.269,-2.432,286.685,-131.040,Roll
0.122,-0.171,0.298,-108.596,286.685,-66.955,Roll
-0.415,-0.023,0.586,-193.060,286.685,-0.376,Roll
-1.007,0.062,0.814,-153.536,286.685,2.441,Roll
-1.254,0.099,1.206,-107.056,223.878,-24.780,Roll
-1.368,0.090,1.297,-66.981,33.066,-39.401,Roll
-1.366,0.038,1.201,-107.949,-154.070,-45.019,Roll
-1.190,-0.460,0.607,-146.326,-286.685,-100.135,Roll
-0.068,-0.812,0.830,28.298,-286.685,-158.725,Roll
-0.219,-0.618,0.666,151.489,-286.685,-70.271,Roll
0.287,-0.203,0.643,230.554,-286.685,-37.135,Roll
0.817,-0.065,0.531,216.256,-286.685,-17.343,Roll
1.217,0.136,0.553,179.401,-286.685,19.696,Roll
1.449,0.312,0.569,135.249,-240.398,47.294,Roll
1.392,0.455,0.297,63.219,-13.055,56.831,Roll
1.195,0.392,-0.079,7.455,153.134,44.765,Roll
0.687,0.148,0.210,-16.817,286.685,-8.172,Roll
0.360,-0.371,0.391,-0.333,286.685,-103.836,Roll
-0.326,-0.753,0.364,38.745,286.685,-165.900,Roll
0.160,-0.308,0.609,-15.767,286.685,-169.864,Roll
-0.171,0.151,0.734,-98.490,286.685,-77.919,Roll
-1.105,-0.319,0.886,-107.520,286.685,-45.605,Roll
-1.353,0.432,1.245,-109.620,187.819,-3.579,Roll
-1.653,0.418,1.102,-104.265,29.776,-34.501,Roll
-1.281,-0.231,1.028,-73.185,-254.783,-90.895,Roll
-0.449,-0.580,0.686,16.896,-286.685,-113.715,Roll
-0.196,-0.579,0.673,88.296,-286.685,-14.149,Roll
-0.082,-0.443,1.068,167.711,-286.685,38.386,Roll
0.200,-0.228,0.858,125.361,-286.685,24.570,Roll
0.571,-0.213,0.486,113.969,-286.685,21.683,Roll
0.931,0.061,0.356,195.886,-286.685,22.452,Roll
1.168,0.325,0.419,158.366,-221.856,47.976,Roll
1.268,0.620,0.402,78.444,-110.626,48.667,Roll
1.279,0.696,0.057,-8.453,84.586,29.129,Roll
1.022,0.223,0.131,-25.900,286.108,-21.753,Roll
0.733,-0.137,0.567,-49.542,286.685,-87.369,Roll
-0.268,-0.847,0.375,-64.426,286.685,-204.916,Roll
0.421,-0.241,0.639,-189.525,286.685,-228.349,Roll
-0.103,-0.505,0.397,-176.479,286.685,-114.704,Roll
-1.105,-0.297,0.726,-84.175,286.685,12.836,Roll
-1.549,0.162,1.020,-67.235,285.950,1.295,Roll
-1.699,0.273,1.145,-34.011,104.090,-45.124,Roll
-1.459,0.097,1.131,-29.041,-192.614,-55.571,Roll
-1.029,-0.482,0.826,-32.743,-286.685,-78.619,Roll
-0.424,-0.644,0.825,21.044,-286.685,-99.120,Roll
-0.186,-0.595,0.771,113.654,-286.685,-51.616,Roll
-0.175,-0.483,0.569,199.001,-286.685,-1.129,Roll
0.139,-0.251,0.398,208.250,-286.685,6.309,Roll
0.767,-0.054,0.110,198.660,-286.685,-17.806,Roll
1.164,0.323,0.436,264.233,-286.685,3.369,Roll
1.338,0.599,0.546,178.649,-229.337,62.580,Roll
1.206,0.825,0.330,40.224,-58.537,75.941,Roll
1.050,0.785,0.107,-28.683,75.889,61.092,Roll
0.897,0.353,-0.123,-81.357,284.427,0.245,Roll
0.401,-0.252,0.694,-134.199,286.685,-96.994,Roll
0.180,-0.906,0.344,-148.190,286.685,-162.610,Roll
0.407,-0.414,0.594,-133.402,286.685,-133.893,Roll
0.092,-0.184,0.738,-202.396,286.685,-89.801,Roll
-0.829,-0.749,0.462,-193.156,286.685,15.680,Roll
-1.161,0.101,1.032,-3.824,230.458,24.640,Roll
-1.381,0.199,1.209,1.312,6.501,5.267,Roll
-1.484,0.207,1.306,-23.257,-201.355,-23.625,Roll
-0.974,-0.342,1.044,-88.716,-286.685,-96.478,Roll
-0.303,-0.761,0.819,-41.720,-286.685,-131.915,Roll
-0.066,-0.737,0.615,115.098,-286.685,-51.459,Roll
0.062,-0.441,0.669,203.875,-286.685,-28.157,Roll
0.657,-0.036,0.613,238.997,-286.685,-37.660,Roll
1.082,0.216,0.396,245.840,-286.685,-16.240,Roll
1.283,0.441,0.484,224.779,-250.408,21.017,Roll
1.342,0.560,0.431,157.911,-146.519,55.807,Roll
1.189,0.567,0.263,43.881,43.531,86.441,Roll
1.019,0.231,-0.015,-37.196,263.961,53.812,Roll
0.615,-0.133,0.605,-61.504,286.685,-29.628,Roll
0.021,-0.742,0.427,-68.031,286.685,-85.558,Roll
0.484,-0.500,0.512,-71.829,286.685,-122.071,Roll
0.106,-0.271,0.318,-120.908,286.685,-39.760,Roll
-0.404,-0.178,0.411,-60.524,286.685,9.398,Roll
-0.993,0.046,0.672,-27.169,286.685,-7.543,Roll
-1.202,0.205,1.088,7.770,268.888,-47.110,Roll
-1.485,0.608,1.085,-33.346,66.561,-51.555,Roll
-1.447,0.263,1.002,-90.493,-116.314,-76.886,Roll
-1.229,-0.242,0.726,-114.223,-286.685,-98.446,Roll
-0.388,-0.662,1.044,11.743,-286.685,-123.051,Roll
-0.312,-0.827,0.847,80.631,-286.685,-20.344,Roll
-0.094,-0.401,0.744,140.070,-286.685,33.504,Roll
0.315,-0.128,0.534,143.106,-286.685,23.406,Roll
0.761,-0.094,0.565,150.806,-286.685,28.945,Roll
1.142,-0.030,0.590,152.066,-286.685,54.189,Roll
1.332,0.089,0.532,116.900,-225.426,95.874,Roll
1.253,0.329,0.350,63.805,-124.381,111.982,Roll
1.067,0.412,0.260,-6.501,46.296,69.414,Roll
0.915,0.070,0.235,-47.504,244.694,-36.505,Roll
0.848,-0.196,0.466,-25.532,286.685,-119.919,Roll
0.326,-0.601,0.458,42.647,286.685,-142.100,Roll
0.453,-0.418,0.444,26.049,286.685,-139.247,Roll
0.034,-0.184,0.593,-70.315,286.685,-110.512,Roll
-0.265,-0.146,0.764,-109.261,286.685,-64.794,Roll
-0.825,-0.117,0.704,-146.869,286.685,-9.047,Roll
-1.168,0.289,1.055,-87.001,247.179,5.793,Roll
-1.294,0.296,1.085,-94.832,58.739,-27.737,Roll
-1.331,0.083,1.213,-82.863,-127.225,-50.531,Roll
-1.050,-0.489,1.059,-113.059,-286.685,-95.217,Roll
-0.446,-0.855,1.016,-61.416,-286.685,-123.550,Roll
-0.292,-0.593,0.193,29.654,-286.685,-99.592,Roll
0.013,-0.287,0.322,182.289,-286.685,-85.382,Roll
0.696,-0.236,0.701,206.124,-286.685,-76.641,Roll
1.067,-0.050,0.734,172.795,-286.685,-24.237,Roll
1.248,0.253,0.585,160.974,-257.521,5.512,Roll
1.394,0.363,0.447,114.345,-83.387,10.334,Roll
1.198,0.379,0.261,74.130,42.551,15.365,Roll
1.031,0.159,0.162,8.453,232.654,-18.664,Roll
0.734,-0.051,0.499,-6.396,286.685,-44.520,Roll
0.110,-0.409,0.555,-5.233,286.685,-90.291,Roll
0.286,-0.460,0.497,-19.731,286.685,-151.708,Roll
0.198,-0.157,0.457,-85.899,286.685,-93.380,Roll
-0.592,-0.262,0.579,-74.804,286.685,-24.517,Roll
-0.908,0.063,0.860,-8.050,286.685,-11.462,Roll
-1.179,0.567,1.224,-42.752,151.611,7.219,Roll
-1.492,0.519,1.122,-90.545,-98.735,4.690,Roll
-1.289,0.169,0.910,-120.295,-286.685,-24.071,Roll
-0.751,-0.506,0.805,-93.730,-286.685,-50.934,Roll
-0.548,-0.759,0.842,-0.507,-286.685,-54.276,Roll
-0.072,-0.439,0.765,115.588,-286.685,-59.115,Roll
0.642,-0.178,0.488,109.445,-286.685,-50.846,Roll
0.888,-0.269,0.552,112.954,-286.685,6.974,Roll
1.129,0.020,0.413,143.938,-286.685,16.468,Roll
1.236,0.490,0.299,147.648,-222.565,18.620,Roll
1.386,0.742,0.156,68.548,-37.336,12.810,Roll
1.303,0.613,0.066,4.611,129.999,27.388,Roll
0.962,0.049,0.175,-29.225,286.685,-8.864,Roll
0.295,-0.305,0.652,-14.262,286.685,-93.984,Roll
0.407,-0.496,0.574,-21.656,286.685,-147.919,Roll
0.353,-0.274,0.345,-64.207,286.685,-141.120,Roll
-0.307,-0.400,0.264,-109.882,286.685,-70.551,Roll
-0.917,0.111,0.834,-81.270,286.685,-9.730,Roll
-1.232,0.248,1.335,-65.476,197.759,-11.113,Roll
-1.384,0.246,1.393,-41.458,70.761,-1.969,Roll
-1.418,0.303,1.393,3.115,-219.634,13.108,Roll
-1.043,-0.346,0.854,-30.013,-286.685,-45.255,Roll
-0.699,-0.876,0.830,-68.679,-286.685,-71.566,Roll
-0.432,-0.799,0.434,11.708,-286.685,-128.870,Roll
0.412,-0.423,0.026,159.906,-286.685,-121.126,Roll
0.901,0.353,0.272,286.685,-286.685,-58.257,Roll
1.309,0.573,0.392,256.051,-285.897,-21.927,Roll
1.436,0.804,0.627,109.183,-152.810,17.010,Roll
1.265,0.816,0.400,16.984,-37.389,22.032,Roll
0.919,0.620,0.003,-60.016,179.935,18.261,Roll
0.688,0.154,0.048,-100.931,286.685,-33.530,Roll
0.519,-0.320,0.417,-137.926,286.685,-102.410,Roll
0.666,-0.389,0.393,-145.661,286.685,-85.418,Roll
0.482,-0.169,0.442,-200.113,286.685,-57.461,Roll
0.075,-0.367,0.418,-284.436,286.685,6.055,Roll
-0.715,-0.569,0.826,-224.158,286.685,85.794,Roll
-1.256,-0.296,1.202,-71.925,283.920,118.886,Roll
-1.591,0.218,1.318,-73.474,155.129,62.134,Roll
-1.455,-0.056,1.096,-89.250,-145.758,-24.255,Roll
-1.164,-0.598,0.714,-31.552,-286.685,-55.213,Roll
-0.930,-0.824,0.845,124.863,-286.685,-120.356,Roll
-0.440,-0.488,0.936,153.186,-286.685,-133.989,Roll
0.222,-0.435,0.513,152.355,-286.685,-117.276,Roll
0.656,-0.079,0.465,221.988,-286.685,-53.401,Roll
0.942,-0.004,0.154,197.663,-286.685,1.120,Roll
1.123,0.361,0.232,167.501,-271.644,3.526,Roll
1.334,0.750,0.233,106.601,-163.196,2.949,Roll
1.245,0.766,0.039,4.174,39.917,21.192,Roll
1.184,0.297,-0.186,-81.174,266.779,15.750,Roll
1.010,0.091,0.295,-86.415,286.685,2.572,Roll
0.375,-0.690,0.682,-81.777,286.685,-41.125,Roll
0.418,-0.447,0.475,-57.759,286.685,-84.298,Roll
0.165,-0.258,0.543,-165.602,286.685,-69.921,Roll
-0.348,-0.299,0.640,-178.544,286.685,-21.079,Roll
-1.051,-0.187,0.773,-147.630,286.685,25.699,Roll
-1.326,0.015,1.163,-41.711,230.335,30.459,Roll
-1.486,0.149,1.333,-32.454,5.101,15.557,Roll
-1.302,-0.121,1.138,-78.286,-183.479,-5.031,Roll
-0.919,-0.478,0.775,-22.776,-286.685,-48.423,Roll
-0.481,-0.669,0.640,19.355,-286.685,-88.751,Roll
-0.347,-0.489,0.604,160.099,-286.685,-16.179,Roll
-0.128,-0.422,0.634,196.262,-286.685,-15.024,Roll
0.353,-0.355,0.284,155.557,-286.685,-5.845,Roll
0.942,-0.155,-0.013,178.264,-286.685,-6.956,Roll
1.430,0.424,0.308,203.831,-286.685,24.587,Roll
1.469,0.719,0.065,101.211,-148.277,23.625,Roll
1.230,0.673,-0.036,29.024,-2.257,15.216,Roll
1.108,0.285,-0.222,-45.255,219.398,-27.484,Roll
1.024,0.039,0.349,-48.186,286.685,-80.850,Roll
0.923,-0.173,0.584,-79.284,286.685,-125.851,Roll
-0.011,-0.758,0.433,-78.435,286.685,-146.676,Roll
0.293,-0.353,0.570,-112.376,286.685,-166.329,Roll
-0.129,-0.104,0.640,-98.122,286.685,-91.131,Roll
-0.845,-0.157,0.666,-52.658,286.685,-42.403,Roll
-1.231,0.158,0.961,-28.866,282.030,-16.371,Roll
-1.501,0.515,1.378,-40.801,98.656,-13.134,Roll
-1.229,0.060,1.204,-94.124,-173.836,-42.403,Roll
-1.051,-0.400,0.668,-40.976,-286.685,-54.967,Roll
-0.663,-0.442,0.712,44.713,-286.685,-71.916,Roll
-0.294,-0.765,0.663,106.312,-286.685,-38.938,Roll
0.025,-0.328,0.546,211.251,-286.685,0.639,Roll
0.572,-0.011,0.331,166.994,-286.685,22.724,Roll
0.900,0.070,0.224,160.003,-286.685,18.331,Roll
1.302,0.504,0.296,177.074,-286.685,11.576,Roll
1.530,0.830,0.076,73.098,-209.982,39.847,Roll
1.171,0.733,-0.320,-23.091,42.586,55.291,Roll
0.920,0.221,-0.383,-42.158,219.258,25.812,Roll
0.831,-0.198,0.225,-73.762,286.685,-72.643,Roll
0.911,-0.136,0.360,-22.111,286.685,-104.982,Roll
0.495,-0.118,0.724,-43.330,286.685,-104.020,Roll
-0.120,-0.456,0.927,-108.938,286.685,-146.947,Roll
0.138,-0.128,1.065,-221.139,286.685,-186.305,Roll
-0.098,-0.070,0.615,-235.795,286.685,0.516,Roll
-1.164,0.044,1.009,-115.421,196.420,138.670,Roll
-1.577,0.385,1.575,-99.496,65.275,85.391,Roll
-1.267,-0.085,1.338,-101.649,-227.736,3.229,Roll
-0.741,-0.437,0.624,-29.522,-286.685,-57.557,Roll
-0.398,-0.596,0.574,92.418,-286.685,-39.235,Roll
-0.385,-0.407,0.851,109.384,-286.685,-50.496,Roll
0.536,-0.331,0.094,130.524,-286.685,-75.609,Roll
1.048,-0.098,0.331,183.785,-286.685,-2.467,Roll
1.223,0.260,0.133,163.126,-286.685,22.899,Roll
1.485,0.623,-0.013,139.746,-233.415,2.669,Roll
1.582,0.801,-0.356,68.967,-89.355,11.392,Roll
1.261,0.453,-0.501,-40.136,185.518,30.940,Roll
0.902,-0.008,0.082,-44.958,286.685,-5.582,Roll
0.841,-0.474,0.324,-96.512,286.685,-86.135,Roll
0.463,-0.466,0.549,-39.629,286.685,-112.665,Roll
0.293,-0.413,0.304,-16.100,286.685,-147.630,Roll
0.121,-0.003,0.721,-62.834,286.685,-127.776,Roll
-0.190,0.239,0.980,-136.202,286.685,-71.216,Roll
-0.739,0.119,1.083,-182.691,286.685,8.295,Roll
-1.391,-0.140,1.319,-122.526,146.650,46.357,Roll
-1.308,-0.032,1.428,-77.551,-155.925,10.229,Roll
-1.145,-0.269,1.182,-57.033,-286.589,-44.424,Roll
-0.658,-0.743,0.750,-22.584,-286.685,-121.529,Roll
-0.179,-0.747,-0.018,95.287,-286.685,-120.522,Roll
0.309,0.085,0.717,264.425,-286.685,-32.568,Roll
0.683,0.070,0.327,193.051,-286.685,-33.443,Roll
1.046,0.102,0.114,179.191,-286.685,-15.330,Roll
1.315,0.585,0.064,163.958,-285.871,-12.049,Roll
1.493,0.862,-0.078,85.960,-132.527,-9.844,Roll
1.317,0.672,-0.161,-46.034,124.171,37.625,Roll
0.998,0.076,-0.364,-72.249,276.876,30.441,Roll
0.694,-0.375,0.158,-65.949,286.685,-58.415,Roll
0.631,-0.288,0.394,4.594,286.685,-132.799,Roll
0.382,-0.243,0.643,-17.325,286.685,-165.646,Roll
-0.109,-0.374,0.775,-90.632,286.685,-203.551,Roll
-0.023,0.255,1.041,-141.549,286.685,-163.091,Roll
-0.438,0.068,0.914,-171.342,286.685,-48.947,Roll
-1.087,-0.123,0.872,-121.345,268.284,65.406,Roll
-1.830,0.494,1.513,-93.485,110.749,52.307,Roll
-1.472,0.021,1.464,-69.274,-233.476,-13.773,Roll
-0.691,-0.517,0.651,-37.310,-286.685,-50.426,Roll
-0.056,-0.414,0.583,74.463,-286.685,-30.861,Roll
-0.137,-0.339,0.591,111.020,-286.685,-6.037,Roll
0.043,-0.171,0.704,162.479,-286.685,32.882,Roll
0.342,-0.128,0.274,124.705,-286.685,13.309,Roll
0.750,-0.038,0.129,193.156,-286.685,-4.182,Roll
1.197,0.429,0.103,172.602,-286.685,-7.070,Roll
1.535,0.793,-0.031,91.805,-198.643,12.757,Roll
1.297,0.639,-0.231,-21.157,39.042,43.304,Roll
1.115,0.211,-0.192,-80.518,269.517,29.059,Roll
1.008,-0.160,0.330,-97.239,286.685,-15.523,Roll
0.936,-0.417,0.498,-66.561,286.685,-67.559,Roll
0.200,-0.489,0.334,-22.312,286.685,-93.844,Roll
-0.010,-0.487,0.518,-7.735,286.685,-149.783,Roll
-0.111,-0.029,0.596,-78.321,286.685,-169.356,Roll
-0.650,0.296,0.667,-69.387,286.685,-18.917,Roll
-1.406,0.396,1.245,-18.375,266.394,5.101,Roll
-1.655,0.402,1.672,-50.356,134.242,-15.251,Roll
-1.354,0.192,1.394,-83.746,-131.224,-1.855,Roll
-1.070,-0.289,0.665,-107.135,-286.685,3.675,Roll
-0.303,-0.373,0.589,27.160,-286.685,-33.635,Roll
-0.313,-0.497,0.404,123.305,-286.685,1.811,Roll
0.109,-0.114,0.476,264.005,-286.685,51.520,Roll
0.516,-0.021,0.447,180.679,-286.685,60.533,Roll
0.919,0.024,0.167,159.504,-286.685,65.371,Roll
1.099,0.457,0.364,170.065,-286.685,60.349,Roll
1.500,0.737,0.145,67.270,-193.077,59.640,Roll
1.421,0.654,0.038,-21.166,44.704,70.893,Roll
1.122,0.184,-0.095,-89.460,282.117,28.315,Roll
0.736,-0.267,0.212,-118.668,286.685,-44.135,Roll
0.694,-0.261,0.510,-28.114,286.685,-114.266,Roll
0.014,-0.326,0.832,-9.616,286.685,-168.350,Roll
-0.246,-0.569,0.718,-72.091,286.685,-241.167,Roll
0.120,-0.014,0.871,-138.320,286.685,-167.834,Roll
-0.496,0.320,0.846,-126.350,286.685,13.913,Roll
-1.429,0.195,0.982,-65.275,211.120,70.840,Roll
-1.597,0.513,1.406,-62.536,-69.842,28.647,Roll
-1.106,0.330,1.306,-88.060,-270.777,-4.060,Roll
-0.813,-0.251,0.837,-77.254,-286.685,-64.076,Roll
-0.375,-0.883,0.491,63.131,-286.685,-75.906,Roll
0.027,-0.449,0.571,202.816,-286.685,-12.670,Roll
0.603,0.009,0.800,244.702,-286.685,13.090,Roll
0.928,0.057,0.490,147.376,-286.685,45.640,Roll
1.048,0.304,0.313,168.262,-286.685,52.272,Roll
1.254,0.601,0.152,93.345,-203.464,50.050,Roll
1.298,0.777,0.045,43.059,-60.952,49.507,Roll
1.070,0.420,-0.058,-22.032,178.973,7.166,Roll
0.855,-0.071,0.181,-60.252,286.685,-70.262,Roll
0.748,-0.396,0.373,-50.024,286.685,-117.110,Roll
0.638,-0.236,0.526,-35.210,286.685,-138.932,Roll
0.049,-0.341,0.836,-91.131,286.685,-167.134,Roll
0.024,-0.338,0.988,-202.667,286.685,-171.798,Roll
0.027,-0.191,0.683,-224.761,286.685,-43.794,Roll
-0.881,-0.199,0.266,-107.380,286.685,39.821,Roll
-1.416,0.573,1.001,26.897,203.333,45.386,Roll
-1.594,0.399,1.247,-38.859,-86.301,-0.026,Roll
-1.624,0.175,1.136,-86.310,-286.685,-42.919,Roll
-1.012,-0.372,0.614,-50.951,-286.685,-68.827,Roll
-0.455,-0.470,0.865,54.022,-286.685,-69.457,Roll
-0.147,-0.562,0.795,148.951,-286.685,-14.954,Roll
0.243,-0.050,0.699,155.505,-286.685,-9.616,Roll
0.548,-0.054,0.314,147.586,-286.685,-20.913,Roll
0.777,0.246,0.137,200.909,-286.685,-11.804,Roll
1.221,0.568,0.241,154.455,-253.803,-10.929,Roll
1.440,0.848,0.274,33.495,-49.245,21.009,Roll
1.314,0.609,0.086,-25.856,119.613,22.382,Roll
0.922,0.193,0.299,-67.357,286.685,-51.240,Roll
0.844,-0.232,0.568,-89.136,286.685,-151.926,Roll
0.436,-0.529,0.680,-107.109,286.685,-171.238,Roll
0.446,-0.320,0.596,-123.279,286.685,-168.254,Roll
-0.056,0.086,0.752,-176.549,286.685,-94.649,Roll
-0.666,0.005,0.590,-190.925,286.685,-25.524,Roll
-1.297,-0.115,0.632,-92.006,286.659,19.688,Roll
-1.483,0.362,0.970,-35.175,209.965,22.733,Roll
-1.681,0.301,1.224,-18.165,-74.209,15.295,Roll
-1.428,-0.080,0.957,-79.704,-286.685,-30.056,Roll
-0.652,-0.707,0.574,2.021,-286.685,-82.084,Roll
-0.243,-0.433,0.621,101.964,-286.685,-46.716,Roll
-0.054,-0.426,0.419,196.438,-286.685,-1.706,Roll
0.537,-0.129,0.529,256.209,-286.685,-0.534,Roll
0.861,-0.037,0.360,175.481,-286.685,44.004,Roll
1.000,0.349,0.302,204.794,-286.685,28.175,Roll
1.377,0.826,0.267,173.040,-252.569,26.504,Roll
1.388,0.896,0.024,34.344,-42.053,41.790,Roll
1.177,0.383,-0.318,-75.189,213.413,28.962,Roll
0.939,0.147,-0.102,-62.632,286.685,-5.504,Roll
0.565,-0.353,0.492,-120.934,286.685,-70.402,Roll
-0.060,-0.862,0.572,-94.614,286.685,-126.787,Roll
0.150,-0.317,0.781,-142.091,286.685,-140.122,Roll
0.001,0.095,0.844,-161.227,286.685,-59.167,Roll
-0.829,-0.066,0.477,-149.336,286.685,25.165,Roll
-1.439,0.309,0.954,-16.301,279.361,51.686,Roll
-1.666,0.475,1.320,-5.845,53.786,-1.881,Roll
-1.524,0.421,1.208,-44.879,-181.790,-29.986,Roll
-1.014,-0.351,0.613,-85.645,-286.685,-58.083,Roll
-0.219,-0.466,0.807,17.456,-286.685,-77.306,Roll
-0.124,-0.565,0.655,71.776,-286.685,-33.722,Roll
0.090,-0.327,0.712,156.923,-286.685,3.938,Roll
0.435,-0.162,0.588,129.649,-286.685,6.046,Roll
0.970,0.038,0.126,179.357,-286.685,-9.958,Roll
1.164,0.638,0.283,192.876,-275.581,-8.715,Roll
1.380,0.750,0.254,129.789,-163.091,-1.251,Roll
1.292,0.699,0.054,7.446,34.799,24.780,Roll
1.137,0.218,-0.112,-80.552,257.057,-2.485,Roll
0.890,-0.180,0.592,-111.738,286.685,-47.320,Roll
0.563,-0.522,0.835,-129.745,286.685,-77.210,Roll
0.249,-0.753,0.568,-101.518,286.685,-109.952,Roll
0.275,-0.081,0.751,-126.376,286.685,-105.630,Roll
-0.258,0.054,0.617,-138.766,286.685,-9.704,Roll
-1.018,-0.256,0.185,-92.934,286.685,30.249,Roll
-1.473,0.389,1.254,-11.970,231.018,11.174,Roll
-1.624,0.268,1.435,-52.430,-11.139,-19.442,Roll
-1.236,-0.063,1.004,-103.128,-278.425,-27.737,Roll
-1.074,-0.470,0.626,-13.046,-286.685,-71.094,Roll
-0.530,-0.593,0.784,67.007,-286.685,-96.084,Roll
-0.176,-0.551,0.474,84.534,-286.685,-73.491,Roll
0.485,-0.445,0.460,170.695,-286.685,-28.586,Roll
0.836,-0.102,0.257,214.462,-286.685,17.483,Roll
0.918,0.233,0.150,236.303,-286.685,9.459,Roll
1.260,0.630,0.263,225.321,-263.034,-18.305,Roll
1.556,0.875,0.168,80.482,-74.734,23.415,Roll
1.358,0.788,-0.036,-39.576,170.170,40.206,Roll
1.114,0.234,-0.211,-65.774,286.405,-0.403,Roll
0.647,-0.372,0.613,-84.324,286.685,-96.827,Roll
0.416,-0.917,0.326,-67.235,286.685,-169.943,Roll
0.574,-0.434,0.360,-99.872,286.685,-150.465,Roll
-0.154,-0.264,0.588,-69.825,286.685,-116.095,Roll
-0.779,0.099,0.975,-77.910,286.685,-51.292,Roll
-1.369,-0.006,0.928,-109.603,265.974,5.836,Roll
-1.761,0.339,1.147,-3.570,86.467,1.969,Roll
-1.597,0.445,1.231,-25.112,-120.820,-4.200,Roll
-1.123,-0.047,0.703,-78.811,-286.685,-20.711,Roll
-0.560,-0.548,0.361,11.602,-286.685,-56.735,Roll
-0.336,-0.535,0.529,120.391,-286.685,-22.654,Roll
0.032,-0.540,0.760,149.931,-286.685,25.191,Roll
0.489,-0.129,0.678,132.484,-286.685,49.893,Roll
0.932,-0.133,0.008,126.052,-286.685,37.013,Roll
1.061,0.600,0.333,226.100,-281.426,5.548,Roll
1.435,0.684,0.313,131.504,-163.144,9.984,Roll
1.339,0.675,0.131,20.484,43.986,24.876,Roll
1.101,0.348,-0.002,-33.722,268.888,-20.965,Roll
0.989,0.086,0.340,-84.840,286.685,-82.338,Roll
0.569,-0.544,0.622,-106.452,286.685,-136.360,Roll
0.541,-0.542,0.559,-57.330,286.685,-154.691,Roll
0.089,-0.112,0.675,-83.921,286.685,-138.670,Roll
-0.186,0.109,0.723,-131.303,286.685,-83.011,Roll
-0.860,0.025,0.598,-143.176,286.685,-33.731,Roll
-1.305,0.150,0.964,-65.004,267.286,11.594,Roll
-1.712,0.189,1.132,-47.049,88.436,12.871,Roll
-1.619,0.336,1.300,-39.069,-230.029,18.410,Roll
-1.291,-0.102,0.975,-74.139,-286.685,7.936,Roll
-0.917,-0.592,0.346,-22.881,-286.685,-38.876,Roll
-0.521,-0.547,0.286,80.832,-286.685,-81.270,Roll
0.416,-0.374,0.146,206.159,-286.685,-52.701,Roll
0.934,-0.005,0.581,266.105,-286.685,21.744,Roll
0.986,0.161,0.261,187.863,-286.685,74.287,Roll
1.240,0.590,0.234,199.684,-274.251,48.265,Roll
1.442,0.786,0.160,119.901,-162.015,47.495,Roll
1.340,0.661,-0.015,5.416,55.956,48.309,Roll
0.964,0.072,-0.090,-47.224,277.900,1.033,Roll
0.727,-0.316,0.307,-99.286,286.685,-77.936,Roll
0.595,-0.286,0.437,-98.114,286.685,-109.629,Roll
-0.040,-0.457,0.625,-53.314,286.685,-141.741,Roll
0.042,-0.346,0.811,-73.973,286.685,-187.451,Roll
-0.031,0.160,0.803,-160.283,286.685,-101.430,Roll
-0.685,-0.023,0.521,-138.574,286.685,-17.587,Roll
-1.367,0.348,1.125,-18.305,285.714,-24.255,Roll
-1.669,0.348,1.279,-26.994,64.872,-64.698,Roll
-1.438,-0.088,1.224,-49.184,-243.845,-68.329,Roll
-0.954,-0.642,0.718,-18.664,-286.685,-72.607,Roll
-0.407,-0.582,0.604,84.665,-286.685,-71.636,Roll
-0.212,-0.602,0.623,99.601,-286.685,-4.034,Roll
0.026,-0.498,0.596,191.852,-286.685,60.375,Roll
0.435,0.020,0.553,182.210,-286.685,90.099,Roll
0.656,0.173,0.328,147.271,-286.685,68.451,Roll
1.108,0.416,0.085,183.811,-282.774,11.410,Roll
1.455,0.552,0.305,116.734,-116.655,29.671,Roll
1.439,0.585,0.271,1.960,95.900,30.721,Roll
1.273,0.316,0.244,-49.464,262.465,6.256,Roll
0.663,-0.336,0.507,-83.869,286.685,-81.891,Roll
0.315,-0.751,0.411,14.455,286.685,-176.260,Roll
0.496,-0.239,0.598,-41.711,286.685,-172.559,Roll
0.226,-0.186,0.532,-90.213,286.685,-123.664,Roll
-0.753,0.063,0.615,-70.219,286.685,-60.594,Roll
-1.190,0.149,0.840,-39.034,286.685,-74.095,Roll
-1.415,0.334,1.174,-39.629,181.160,-46.603,Roll
-1.508,0.328,1.090,-22.269,12.119,-26.093,Roll
-1.112,0.210,0.847,-46.130,-272.519,-10.273,Roll
-0.446,-0.231,0.758,-16.686,-286.685,-14.910,Roll
-0.419,-0.680,0.573,40.092,-286.685,19.548,Roll
-0.302,-0.392,0.761,104.729,-286.685,57.750,Roll
-0.024,-0.277,0.668,118.239,-286.685,75.040,Roll
0.604,-0.101,0.480,111.475,-286.685,37.074,Roll
1.034,0.088,0.460,174.291,-286.685,8.374,Roll
1.411,0.722,0.401,220.150,-281.076,-27.790,Roll
1.731,0.861,0.216,76.982,-86.327,-6.983,Roll
1.277,0.427,-0.180,-33.311,199.815,20.825,Roll
0.808,0.265,0.353,-65.091,286.685,-17.903,Roll
0.535,-0.299,0.740,-97.466,286.685,-135.721,Roll
0.580,-0.361,0.468,-54.005,286.685,-198.599,Roll
0.503,0.036,0.500,-133.035,286.685,-157.080,Roll
0.102,-0.064,0.468,-176.444,286.685,-107.039,Roll
-0.425,-0.126,0.668,-160.029,286.685,-11.506,Roll
-1.058,-0.137,0.970,-141.768,277.900,43.610,Roll
-1.550,0.351,1.286,-64.960,104.606,66.325,Roll
-1.504,0.176,1.398,-117.049,-178.027,33.250,Roll
-0.889,-0.148,0.960,-121.249,-286.685,16.004,Roll
-0.763,-0.429,0.506,-44.319,-286.685,-4.909,Roll
-0.520,-0.416,0.628,90.090,-286.685,10.430,Roll
-0.225,-0.244,0.768,131.845,-286.685,-25.034,Roll
0.616,-0.166,0.472,124.478,-286.685,-41.912,Roll
1.186,-0.042,0.449,131.390,-286.685,6.003,Roll
1.525,0.378,0.586,166.819,-249.034,32.979,Roll
1.481,0.584,0.352,74.060,-36.374,78.908,Roll
1.131,0.495,0.071,39.104,106.155,67.637,Roll
0.761,0.018,0.098,-13.615,281.129,-26.355,Roll
0.498,-0.264,0.407,26.014,286.685,-134.934,Roll
0.168,-0.553,0.634,32.086,286.685,-195.589,Roll
0.263,-0.291,0.671,-20.843,286.685,-199.867,Roll
-0.070,-0.146,0.757,-76.904,286.685,-196.315,Roll
-0.481,-0.408,0.695,-115.832,286.685,-151.550,Roll
-0.894,0.136,0.757,-54.110,286.536,-27.948,Roll
-1.219,0.508,0.964,-2.126,218.006,13.440,Roll
-1.506,0.690,1.203,-40.530,-17.535,26.862,Roll
-1.514,0.268,0.887,-164.798,-279.772,36.759,Roll
-1.350,-0.320,0.556,-140.753,-286.685,-43.339,Roll
-0.623,-0.521,0.652,-54.425,-286.685,-125.134,Roll
-0.248,-0.622,0.496,71.715,-286.685,-91.726,Roll
0.323,-0.281,0.591,151.821,-286.685,-52.255,Roll
0.953,0.105,0.361,194.959,-286.685,-56.114,Roll
1.145,0.371,0.435,247.485,-286.685,-48.886,Roll
1.530,0.628,0.757,185.062,-206.745,-18.830,Roll
1.332,0.762,0.618,21.271,1.619,31.150,Roll
0.947,0.360,0.097,-65.774,254.896,-21.516,Roll
0.637,0.043,0.344,-59.833,286.685,-89.145,Roll
0.552,-0.616,0.423,-81.305,286.685,-151.952,Roll
0.589,-0.128,0.580,-115.518,286.685,-106.794,Roll
0.202,-0.116,0.418,-190.628,286.685,-44.826,Roll
-0.210,-0.154,0.383,-196.586,286.685,-4.218,Roll
-0.976,-0.260,0.380,-175.954,286.685,44.065,Roll
-1.739,0.263,0.960,-10.150,274.418,88.051,Roll
-1.999,0.377,1.384,-29.409,33.057,38.176,Roll
-1.579,0.487,1.364,-113.356,-209.913,20.580,Roll
-1.323,-0.418,0.583,-201.959,-286.685,-48.379,Roll
-0.616,-0.749,0.375,-38.684,-286.685,-149.590,Roll
-0.104,-0.718,0.070,91.875,-286.685,-118.387,Roll
0.493,0.044,0.806,256.603,-286.685,-87.535,Roll
0.851,0.028,0.527,221.104,-286.685,-77.613,Roll
1.071,0.295,0.242,201.119,-286.685,-49.630,Roll
1.273,0.697,0.284,133.026,-231.184,-41.956,Roll
1.333,0.719,0.230,37.266,-10.517,-6.213,Roll
1.060,0.569,0.102,-36.426,124.688,0.788,Roll
0.830,0.263,0.077,-102.961,286.685,-37.240,Roll
0.498,-0.295,0.359,-128.923,286.685,-55.632,Roll
0.492,-0.467,0.320,-105.971,286.685,-57.374,Roll
0.369,-0.371,0.504,-126.735,286.685,-59.509,Roll
0.102,-0.169,0.655,-156.240,286.685,-15.584,Roll
-0.767,-0.111,1.022,-182.595,286.685,78.155,Roll
-1.451,-0.141,1.232,-192.789,279.772,103.530,Roll
-1.958,0.011,1.441,-98.840,76.440,49.857,Roll
-0.989,0.265,1.289,-75.014,-200.454,-16.161,Roll
-1.022,-0.831,0.688,-70.245,-286.685,-91.735,Roll
-0.772,-0.746,0.762,69.545,-286.685,-111.659,Roll
-0.544,-0.407,0.479,112.429,-286.685,-113.750,Roll
0.014,-0.127,0.275,180.967,-286.685,-115.019,Roll
0.954,-0.072,0.156,246.505,-286.685,-102.305,Roll
1.258,0.165,0.348,230.291,-286.685,-2.704,Roll
1.427,0.555,0.305,131.766,-267.820,33.224,Roll
1.502,0.712,0.050,64.312,-160.807,53.349,Roll
1.419,0.735,-0.069,-25.454,69.869,72.214,Roll
1.171,0.147,-0.057,-77.639,285.714,51.231,Roll
0.700,-0.336,0.481,-88.331,286.685,-55.300,Roll
0.244,-0.819,0.237,-69.309,286.685,-123.786,Roll
0.534,-0.444,0.403,-80.386,286.685,-136.474,Roll
0.077,-0.304,0.480,-100.739,286.685,-105.149,Roll
-0.552,-0.218,0.762,-113.111,286.685,-34.081,Roll
-0.979,-0.250,0.658,-151.349,285.906,21.000,Roll
-1.419,0.084,1.196,-42.709,213.553,30.958,Roll
-1.419,0.174,1.376,-50.549,-11.480,5.600,Roll
-1.292,-0.023,1.044,-70.866,-248.509,-38.412,Roll
-0.999,-0.485,0.751,-12.512,-286.685,-67.077,Roll
-0.499,-0.649,0.672,93.205,-286.685,-62.037,Roll
-0.209,-0.408,0.681,151.874,-286.685,-38.054,Roll
0.173,-0.368,0.571,157.150,-286.685,-34.274,Roll
0.863,-0.194,0.266,202.466,-286.685,-18.856,Roll
1.010,0.084,0.315,221.637,-286.685,36.557,Roll
1.206,0.457,0.306,174.598,-285.793,39.996,Roll
1.459,0.728,0.125,61.530,-143.885,33.740,Roll
1.366,0.676,-0.054,-33.565,71.243,51.958,Roll
1.270,0.417,-0.116,-89.591,244.729,43.496,Roll
0.926,-0.125,0.483,-125.650,286.685,-24.229,Roll
0.153,-0.731,0.406,-35.070,286.685,-136.482,Roll
0.278,-0.655,0.261,-32.568,286.685,-179.375,Roll
0.148,-0.120,0.356,-64.645,286.685,-144.725,Roll
-0.553,-0.298,0.746,-64.164,286.685,-82.162,Roll
-1.013,-0.079,1.030,-135.389,286.685,-22.628,Roll
-1.311,0.252,1.131,-86.389,180.836,23.476,Roll
-1.556,0.340,1.196,-49.779,33.022,19.854,Roll
-1.189,0.056,0.981,-70.122,-222.679,-21.411,Roll
-0.577,-0.426,0.569,8.251,-286.685,-32.725,Roll
-0.126,-0.497,0.702,107.039,-286.685,14.840,Roll
-0.181,-0.535,0.916,125.405,-286.685,58.590,Roll
0.107,-0.228,0.733,130.734,-286.685,89.215,Roll
-0.015,-0.003,1.043,0.674,-2.975,-0.157,Yaw
-0.017,-0.004,1.029,0.665,-2.966,-0.149,Yaw
-0.016,-0.005,1.035,0.656,-2.993,-0.140,Yaw
-0.016,-0.003,1.031,0.691,-2.975,-0.192,Yaw
-0.014,-0.004,1.034,0.639,-2.949,-0.140,Yaw
-0.008,0.001,1.029,0.560,-2.809,-2.774,Yaw
-0.020,-0.016,1.027,0.744,-3.054,2.485,Yaw
-0.015,-0.008,1.027,0.822,-2.783,3.054,Yaw
-0.030,-0.074,1.010,0.954,-3.185,14.368,Yaw
-0.027,-0.007,0.998,-0.140,-3.062,20.221,Yaw
0.089,-0.085,0.999,0.998,-2.922,22.208,Yaw
0.079,-0.108,0.957,0.079,-3.027,49.884,Yaw
-0.412,0.669,0.985,-0.858,-2.432,102.839,Yaw
0.407,0.037,0.691,0.849,-4.340,212.590,Yaw
-0.027,-0.011,0.838,0.656,-2.284,266.402,Yaw
0.152,-0.119,0.563,0.499,-1.785,245.971,Yaw
0.149,0.052,0.849,0.516,-3.045,230.676,Yaw
-0.287,0.290,0.940,0.018,-2.957,111.606,Yaw
-0.205,0.191,1.021,0.516,-2.949,-4.051,Yaw
-0.183,0.252,0.958,0.674,-2.783,-88.804,Yaw
0.001,-0.065,0.897,2.634,-3.894,-188.764,Yaw
-0.197,0.045,0.842,1.697,-3.080,-255.167,Yaw
-0.228,0.017,0.616,0.289,-1.776,-286.501,Yaw
-0.003,-0.121,0.437,-2.082,-1.479,-284.358,Yaw
0.035,-0.221,0.647,-0.114,-3.010,-286.449,Yaw
0.105,0.160,0.599,1.452,-2.931,-257.040,Yaw
0.105,0.189,0.109,0.394,-3.395,-237.851,Yaw
0.242,0.154,1.003,0.866,-3.447,-101.596,Yaw
-0.042,0.231,1.071,0.481,-2.818,53.139,Yaw
0.152,0.146,0.835,-0.735,-1.138,196.665,Yaw
0.392,0.262,0.559,1.776,-2.310,266.009,Yaw
0.187,-0.040,0.351,-4.821,-6.991,271.066,Yaw
-0.201,-0.003,0.250,1.768,-3.684,246.435,Yaw
-0.050,0.074,0.635,0.630,-5.233,273.245,Yaw
-0.287,0.024,0.516,-0.875,-4.778,276.596,Yaw
-0.030,-0.094,0.431,-0.324,-3.719,269.832,Yaw
-0.271,0.124,0.903,1.365,-3.754,168.236,Yaw
-0.260,-0.032,1.036,0.394,-2.783,7.831,Yaw
-0.426,0.123,0.995,2.047,-3.517,-52.106,Yaw
-0.357,0.112,0.800,0.674,-0.175,-279.536,Yaw
-0.125,-0.198,0.491,2.975,-2.931,-286.685,Yaw
0.096,-0.125,0.485,3.938,-4.139,-286.685,Yaw
0.247,-0.082,0.530,-1.067,-1.146,-286.685,Yaw
0.034,0.027,0.264,1.409,-6.387,-275.293,Yaw
-0.009,0.066,0.666,2.030,-2.546,-238.717,Yaw
0.049,0.114,0.521,0.245,-3.973,-208.303,Yaw
0.136,0.279,0.983,0.621,-2.537,-74.664,Yaw
0.087,0.289,0.933,0.796,-2.503,80.404,Yaw
0.146,0.408,0.593,-0.280,-0.411,210.175,Yaw
0.112,0.438,0.508,-0.516,-3.631,263.541,Yaw
-0.037,0.104,0.598,0.114,-2.231,286.685,Yaw
-0.076,-0.048,0.620,2.398,-6.860,286.685,Yaw
-0.130,-0.137,0.593,-1.278,-2.441,286.685,Yaw
-0.027,-0.055,0.723,0.700,-7.665,286.659,Yaw
-0.128,-0.050,0.639,0.858,-5.688,277.751,Yaw
-0.278,0.107,0.774,1.523,-3.325,204.645,Yaw
-0.492,0.115,1.038,-0.446,-3.631,93.424,Yaw
-0.370,0.379,1.004,0.035,-2.380,-43.785,Yaw
-0.231,0.103,0.633,1.260,-2.678,-264.241,Yaw
-0.175,-0.189,0.473,0.630,-1.286,-286.685,Yaw
-0.194,-0.180,0.388,1.811,-0.647,-286.685,Yaw
-0.063,-0.072,0.176,2.914,-3.141,-286.685,Yaw
0.361,-0.025,0.399,1.234,-2.957,-286.685,Yaw
0.111,-0.033,0.654,2.870,-2.398,-249.445,Yaw
-0.073,0.277,0.491,2.564,-4.218,-208.644,Yaw
0.023,0.261,0.375,1.102,-2.678,-180.591,Yaw
0.249,0.275,1.033,1.452,-2.905,-44.686,Yaw
0.116,0.298,0.931,0.114,-3.465,123.069,Yaw
0.071,0.384,0.994,-2.791,-3.719,223.064,Yaw
0.044,0.267,0.738,-22.855,-5.495,286.685,Yaw
0.066,-0.071,0.799,-25.095,-13.676,286.685,Yaw
-0.046,-0.172,0.616,8.330,-12.399,286.685,Yaw
-0.071,-0.076,0.834,49.140,-8.846,286.685,Yaw
0.148,-0.102,0.468,3.771,-4.305,286.309,Yaw
-0.029,-0.036,0.361,-0.236,-6.711,286.685,Yaw
-0.272,0.183,0.661,-0.052,-2.826,274.837,Yaw
-0.562,0.395,1.084,0.919,-3.588,66.789,Yaw
-0.005,0.338,1.029,0.884,-3.098,-92.969,Yaw
-0.170,-0.026,0.740,3.964,-8.488,-253.750,Yaw
-0.135,-0.201,0.439,2.888,-4.664,-286.685,Yaw
-0.229,-0.247,0.541,3.019,-5.320,-286.685,Yaw
-0.204,-0.189,0.281,3.754,-6.003,-286.685,Yaw
-0.066,-0.248,0.205,2.135,-3.036,-286.685,Yaw
0.087,-0.194,0.488,0.814,-5.189,-284.270,Yaw
0.329,0.329,0.585,-2.424,-2.949,-256.489,Yaw
0.052,0.139,0.707,-1.076,-2.196,-118.895,Yaw
-0.091,0.242,0.871,1.724,-3.447,-0.892,Yaw
0.187,0.269,0.760,0.674,-2.914,141.199,Yaw
0.308,0.462,0.462,-0.455,-3.246,264.425,Yaw
0.153,0.525,0.582,1.041,-2.135,286.046,Yaw
-0.052,0.311,0.572,-0.884,-0.998,285.469,Yaw
-0.111,0.008,0.703,-1.575,-3.693,280.455,Yaw
0.001,-0.054,0.563,0.061,-3.456,286.300,Yaw
0.024,0.078,0.500,2.975,-4.139,286.685,Yaw
-0.263,0.144,0.633,-3.273,0.324,276.019,Yaw
-0.608,0.292,0.818,-0.359,-3.045,144.034,Yaw
-0.242,0.087,0.982,0.822,-3.211,-46.716,Yaw
-0.056,0.140,0.956,3.605,-4.139,-182.359,Yaw
-0.283,-0.115,0.861,2.459,-4.305,-267.540,Yaw
-0.213,-0.163,0.657,-0.936,-4.690,-286.685,Yaw
-0.423,-0.078,0.432,0.341,-1.636,-286.379,Yaw
-0.288,-0.067,0.638,1.776,-1.759,-286.685,Yaw
0.275,0.076,0.189,2.170,-4.707,-286.685,Yaw
0.725,0.150,0.605,0.298,-4.174,-265.064,Yaw
-0.023,-0.051,0.714,-0.621,-3.535,-206.369,Yaw
-0.193,0.211,0.688,0.683,-3.649,-101.465,Yaw
0.200,0.415,0.982,1.304,-2.704,43.741,Yaw
0.247,0.519,0.876,1.479,-2.721,163.791,Yaw
0.064,0.445,0.642,1.199,-1.540,282.704,Yaw
0.012,0.313,0.902,-1.129,-2.888,286.685,Yaw
-0.108,0.154,0.710,-19.889,-5.084,286.685,Yaw
-0.112,-0.032,0.640,19.784,-5.276,286.685,Yaw
-0.088,-0.041,0.657,-0.543,-4.742,286.685,Yaw
-0.122,-0.086,0.587,-1.269,-3.351,283.019,Yaw
-0.266,0.075,0.911,2.091,-4.760,257.381,Yaw
-0.520,0.218,0.935,-0.306,-2.721,86.923,Yaw
-0.399,0.222,0.993,0.630,-2.800,-30.853,Yaw
-0.028,0.099,0.633,7.131,-6.247,-218.330,Yaw
-0.340,-0.193,0.590,1.347,-1.864,-286.685,Yaw
-0.451,-0.349,0.787,0.534,-4.148,-286.659,Yaw
-0.347,-0.161,0.497,0.026,-2.152,-286.685,Yaw
-0.054,-0.028,0.403,-2.152,0.980,-286.685,Yaw
0.549,0.320,0.488,-0.770,0.796,-286.685,Yaw
0.415,0.144,0.475,-0.175,-0.709,-242.550,Yaw
-0.044,0.166,0.496,0.052,-3.745,-182.700,Yaw
0.049,0.259,1.047,1.636,-3.001,-51.039,Yaw
0.234,0.221,0.942,0.744,-2.844,87.308,Yaw
0.160,0.316,0.711,0.052,-2.949,259.997,Yaw
0.068,0.378,0.755,1.251,-3.115,281.348,Yaw
0.226,0.252,0.580,-2.791,-3.754,285.784,Yaw
-0.106,0.049,0.516,-2.371,-2.257,286.685,Yaw
-0.180,0.129,0.727,-0.717,-2.161,286.685,Yaw
0.134,-0.031,0.534,2.800,-2.293,286.685,Yaw
-0.250,0.187,0.766,3.491,-3.666,283.474,Yaw
-0.622,0.287,0.697,-1.006,-3.369,109.165,Yaw
-0.421,0.125,0.915,1.024,-3.159,-23.048,Yaw
-0.217,0.219,0.818,0.919,-3.273,-170.975,Yaw
-0.315,-0.054,0.761,0.586,-3.483,-286.283,Yaw
-0.288,-0.118,0.682,-0.087,-1.977,-286.685,Yaw
-0.296,-0.272,0.678,0.070,-1.339,-286.685,Yaw
0.037,-0.142,0.378,3.132,1.470,-286.685,Yaw
0.303,0.084,0.597,2.739,-3.999,-286.011,Yaw
0.152,0.062,0.196,0.438,-4.060,-274.076,Yaw
0.060,0.040,0.522,0.752,-0.919,-240.117,Yaw
0.255,0.362,0.438,1.837,-2.249,-95.051,Yaw
0.201,0.322,0.953,0.166,-3.054,76.134,Yaw
0.129,0.390,0.937,-0.201,-3.019,130.016,Yaw
0.215,0.286,0.489,-0.796,-2.450,263.209,Yaw
0.185,0.409,0.120,1.881,-1.059,286.685,Yaw
0.087,0.033,0.416,-0.087,-1.418,286.685,Yaw
-0.141,-0.012,0.495,-0.525,-2.371,281.636,Yaw
0.068,0.182,0.497,0.490,-1.855,286.685,Yaw
-0.118,0.213,0.664,-0.149,-7.096,286.685,Yaw
-0.452,0.071,1.002,1.680,-4.270,156.231,Yaw
-0.753,0.133,0.917,1.330,-4.305,-6.037,Yaw
-0.175,-0.139,0.779,1.881,-3.465,-130.524,Yaw
-0.195,-0.028,0.992,0.735,-1.846,-225.977,Yaw
-0.523,0.058,0.670,0.814,-2.625,-284.121,Yaw
-0.321,0.008,0.188,1.339,-4.769,-286.685,Yaw
-0.045,-0.117,0.473,-1.050,-3.911,-286.685,Yaw
0.212,-0.045,0.605,-3.920,-1.094,-275.573,Yaw
0.338,0.250,0.331,1.496,-4.427,-283.719,Yaw
0.075,0.218,0.385,1.173,-1.514,-188.598,Yaw
0.194,0.256,0.866,2.056,-1.383,-112.787,Yaw
0.220,0.065,1.057,0.438,-3.588,52.649,Yaw
0.287,0.309,0.876,0.315,-3.290,138.477,Yaw
0.184,0.201,0.451,-0.630,-1.776,281.698,Yaw
-0.012,0.366,0.573,2.091,-1.689,286.685,Yaw
0.214,0.242,0.404,-1.347,-1.164,281.190,Yaw
-0.101,0.226,0.536,-0.735,-3.780,286.431,Yaw
0.088,0.269,0.509,-0.726,-0.822,286.108,Yaw
-0.133,0.095,0.674,-0.665,-2.993,281.680,Yaw
-0.709,0.252,0.566,2.467,-2.634,126.936,Yaw
-0.519,-0.175,0.680,0.604,-3.264,1.942,Yaw
-0.241,-0.054,0.966,0.928,-3.001,-92.750,Yaw
-0.373,-0.010,0.720,1.129,-3.334,-219.100,Yaw
-0.404,0.072,0.626,0.131,-2.704,-284.856,Yaw
-0.350,-0.042,0.365,-1.383,-4.287,-286.685,Yaw
-0.179,-0.222,0.301,1.076,-1.610,-286.685,Yaw
0.372,-0.067,0.287,0.945,1.540,-286.685,Yaw
0.406,0.172,0.511,1.496,-5.285,-286.685,Yaw
0.098,0.270,0.624,0.788,-0.403,-184.852,Yaw
0.158,0.335,0.532,0.385,-2.739,-76.720,Yaw
0.371,0.315,0.937,0.770,-2.572,85.103,Yaw
0.215,0.386,0.803,0.831,-2.485,199.920,Yaw
0.104,0.336,0.077,-3.771,-3.203,286.589,Yaw
0.148,0.264,0.262,-1.724,-3.666,286.685,Yaw
0.082,0.267,0.418,0.018,-5.145,286.562,Yaw
-0.044,0.206,0.850,2.826,-4.296,260.785,Yaw
0.066,0.131,0.850,0.333,-3.220,265.939,Yaw
-0.582,0.380,0.473,1.837,-3.806,229.294,Yaw
-0.459,-0.050,0.571,1.111,-2.975,124.548,Yaw
-0.420,0.028,1.075,1.558,-3.273,-36.654,Yaw
-0.185,0.130,0.728,2.520,-4.069,-176.068,Yaw
-0.310,0.158,0.365,1.732,-2.354,-270.716,Yaw
-0.277,-0.036,0.634,-0.586,0.481,-286.685,Yaw
-0.183,-0.320,0.406,2.537,-5.512,-286.685,Yaw
0.209,-0.160,0.353,4.795,-3.360,-286.685,Yaw
0.287,0.090,0.662,1.487,-1.846,-286.685,Yaw
0.018,0.043,0.489,1.452,-4.550,-276.745,Yaw
0.090,0.022,0.304,0.560,-3.955,-211.251,Yaw
0.242,0.252,0.558,1.129,-4.515,-54.434,Yaw
0.261,0.326,1.022,1.768,-3.237,96.565,Yaw
0.260,0.414,0.783,0.280,-3.447,189.114,Yaw
0.169,0.269,0.298,-0.184,-2.695,286.685,Yaw
0.318,0.274,0.467,3.316,0.184,286.685,Yaw
0.208,0.258,0.602,3.325,-0.192,286.685,Yaw
-0.125,0.282,0.587,-3.203,-0.271,286.685,Yaw
-0.431,0.231,0.860,-19.827,-4.550,286.685,Yaw
-0.374,-0.208,0.787,-9.004,-5.661,206.413,Yaw
-0.604,-0.032,0.781,34.169,-4.419,83.746,Yaw
-0.058,0.190,1.040,0.472,-3.360,-50.374,Yaw
-0.360,0.284,0.630,2.065,-3.876,-216.204,Yaw
-0.398,0.155,0.627,1.024,-2.030,-286.685,Yaw
-0.333,0.022,0.229,2.616,-1.942,-286.685,Yaw
0.012,-0.211,0.498,-1.487,3.281,-286.685,Yaw
0.417,-0.239,0.480,2.783,0.018,-260.645,Yaw
0.360,0.095,0.602,0.665,-2.310,-255.062,Yaw
0.200,0.144,0.398,0.490,-2.257,-220.325,Yaw
0.158,0.198,0.861,1.540,-3.168,-75.740,Yaw
0.182,0.213,0.890,1.085,-2.678,59.124,Yaw
0.300,0.345,0.964,0.717,-2.581,136.701,Yaw
0.085,0.367,0.479,0.490,-4.165,286.230,Yaw
0.155,0.238,0.251,2.389,-1.155,286.685,Yaw
-0.053,0.231,0.453,5.311,0.429,286.685,Yaw
-0.026,0.327,0.657,0.805,-1.461,286.685,Yaw
-0.238,0.243,0.497,-1.164,-0.403,286.685,Yaw
-0.597,0.092,0.571,-0.201,-3.684,245.402,Yaw
-0.596,-0.070,0.943,1.820,-4.497,22.094,Yaw
-0.125,0.004,0.818,0.971,-3.246,-83.213,Yaw
-0.162,-0.068,0.826,3.001,-3.474,-221.480,Yaw
-0.372,0.174,0.460,0.149,-1.531,-273.621,Yaw
-0.467,0.231,0.391,1.120,0.289,-286.685,Yaw
-0.045,-0.087,0.378,-0.166,-1.409,-286.685,Yaw
0.383,-0.355,0.532,2.494,2.118,-285.915,Yaw
0.176,0.024,0.559,2.503,-5.233,-254.590,Yaw
0.102,0.206,0.440,-0.647,-2.275,-207.270,Yaw
0.022,0.363,0.587,1.015,-3.255,-151.279,Yaw
0.179,0.195,0.800,0.700,-3.176,-17.071,Yaw
0.299,0.346,0.892,-0.315,-3.351,145.600,Yaw
0.137,0.387,0.450,1.776,-3.071,275.188,Yaw
0.245,0.311,0.045,1.715,-3.832,286.247,Yaw
0.180,0.289,0.244,-6.702,4.480,286.685,Yaw
0.121,0.274,0.402,-1.426,-6.177,286.685,Yaw
-0.203,0.295,0.158,0.324,-0.656,279.536,Yaw
-0.254,0.085,0.700,-1.566,-2.555,251.090,Yaw
-0.831,0.123,0.798,1.540,-2.870,183.365,Yaw
-0.457,-0.058,1.020,0.613,-3.456,-27.991,Yaw
-0.205,0.074,0.800,0.394,-3.194,-121.293,Yaw
-0.241,0.139,0.284,2.432,-2.319,-267.164,Yaw
-0.357,0.164,0.318,1.759,-0.752,-286.685,Yaw
-0.435,0.089,0.560,-1.330,-4.891,-286.685,Yaw
-0.003,-0.177,0.409,-0.324,-0.481,-286.685,Yaw
0.470,-0.189,0.513,-0.551,-0.954,-286.685,Yaw
0.209,0.112,0.464,-0.656,-1.234,-284.139,Yaw
0.060,0.274,0.630,0.324,-2.354,-224.665,Yaw
0.009,0.325,0.775,1.505,-1.872,-121.669,Yaw
0.085,0.153,0.959,0.271,-3.054,-3.544,Yaw
0.207,0.292,0.994,1.111,-2.966,119.604,Yaw
0.185,0.270,0.700,1.094,-2.030,247.564,Yaw
0.087,0.233,0.462,-0.507,-6.011,286.685,Yaw
0.437,0.187,0.256,1.278,-3.535,286.685,Yaw
0.062,0.150,0.220,-4.620,-5.670,286.685,Yaw
-0.265,0.289,0.559,0.639,-5.460,286.685,Yaw
-0.313,0.225,0.782,-0.472,-1.286,278.302,Yaw
-0.583,0.127,0.882,-0.157,-3.168,154.035,Yaw
-0.476,-0.011,1.125,11.121,-3.815,26.915,Yaw
-0.238,0.094,0.463,2.713,-3.342,-182.761,Yaw
-0.374,0.096,0.124,1.601,-1.680,-280.009,Yaw
-0.349,-0.055,0.321,-1.514,0.298,-286.685,Yaw
-0.105,-0.077,0.451,-0.796,-3.456,-286.685,Yaw
0.084,-0.269,0.508,2.940,-5.915,-286.685,Yaw
0.500,-0.089,0.487,-1.242,-4.795,-285.775,Yaw
0.124,0.166,0.351,1.645,-2.826,-237.598,Yaw
0.178,0.418,0.705,3.194,-2.555,-162.137,Yaw
0.344,0.313,0.846,0.166,-3.334,-6.615,Yaw
0.261,0.349,0.862,0.613,-3.098,160.318,Yaw
0.178,0.280,0.674,1.085,-1.120,277.812,Yaw
0.142,0.323,0.224,1.916,-5.093,286.589,Yaw
0.102,0.433,0.445,-0.779,-1.671,286.685,Yaw
-0.131,0.271,0.648,3.307,1.732,286.685,Yaw
-0.337,0.193,0.630,0.087,-1.908,286.685,Yaw
-0.247,0.117,0.941,-6.326,-3.727,283.203,Yaw
-0.489,0.303,0.795,16.809,-4.366,115.964,Yaw
-0.256,0.077,0.753,1.111,-3.071,-82.014,Yaw
-0.252,0.013,0.565,0.840,-3.045,-188.090,Yaw
-0.344,0.042,0.341,1.278,-2.476,-267.654,Yaw
-0.203,0.064,0.498,-0.998,-3.334,-286.554,Yaw
-0.260,-0.081,0.718,-1.514,0.858,-286.685,Yaw
0.053,-0.302,0.350,1.347,-0.157,-286.562,Yaw
0.389,-0.131,0.451,0.298,-4.305,-245.954,Yaw
0.335,0.220,0.404,-1.741,-2.870,-205.476,Yaw
0.171,0.194,0.460,0.700,-2.993,-140.481,Yaw
0.175,0.128,0.685,-0.516,-2.870,-44.214,Yaw
0.170,0.325,0.984,0.052,-2.993,105.901,Yaw
0.330,0.374,0.995,1.960,-2.485,260.864,Yaw
0.167,0.307,0.674,4.034,-5.548,286.685,Yaw
0.068,0.368,0.327,0.788,-4.576,286.685,Yaw
-0.151,0.298,0.637,1.094,-2.205,286.685,Yaw
-0.187,0.196,0.876,-0.516,-0.123,285.539,Yaw
-0.157,0.093,0.798,0.945,-4.463,284.883,Yaw
-0.279,0.075,1.025,-5.346,-3.675,243.372,Yaw
-0.585,-0.004,1.153,9.398,-3.395,80.027,Yaw
-0.322,0.128,1.011,0.980,-3.666,-84.525,Yaw
-0.131,0.039,0.873,2.065,-2.922,-191.398,Yaw
-0.374,0.024,0.500,-0.149,0.219,-286.685,Yaw
-0.450,0.050,0.359,-2.196,-3.430,-286.685,Yaw
-0.199,0.033,0.272,-0.175,-1.846,-286.685,Yaw
0.102,-0.140,0.546,0.840,-9.257,-286.685,Yaw
0.538,0.064,0.489,2.118,-3.719,-286.571,Yaw
0.140,0.348,0.347,1.330,-1.829,-226.126,Yaw
0.116,0.284,0.627,0.035,-2.686,-122.299,Yaw
0.394,0.191,0.985,1.925,-2.651,54.827,Yaw
0.299,0.294,0.219,0.429,-2.371,263.349,Yaw
0.300,0.287,0.282,0.691,-0.140,245.122,Yaw
0.223,0.434,0.429,4.532,-4.060,286.388,Yaw
-0.089,0.273,0.430,2.713,-1.347,286.685,Yaw
-0.316,0.326,0.537,0.788,-2.415,286.685,Yaw
-0.280,0.193,0.550,1.024,-2.065,282.179,Yaw
-0.450,0.081,0.844,-0.114,-2.949,162.977,Yaw
-0.446,-0.047,0.790,0.875,-2.695,-57.715,Yaw
-0.478,-0.094,0.961,1.102,-2.809,-164.255,Yaw
-0.345,0.013,0.738,1.540,-2.721,-244.904,Yaw
-0.326,0.120,0.297,1.181,-4.454,-285.758,Yaw
-0.243,0.015,0.358,0.271,-4.839,-286.685,Yaw
0.374,-0.221,0.414,0.000,-1.680,-286.685,Yaw
0.448,-0.049,0.787,-0.551,-0.481,-286.685,Yaw
0.350,0.134,0.627,1.803,-1.899,-167.904,Yaw
0.172,0.225,0.965,-0.149,-2.756,-53.541,Yaw
0.207,0.216,0.962,-1.286,-3.211,101.570,Yaw
0.375,0.368,0.971,1.697,-3.176,199.133,Yaw
0.281,0.362,0.478,1.444,-1.942,282.467,Yaw
0.215,0.434,0.331,-0.228,-2.231,286.405,Yaw
-0.173,0.361,0.784,-1.452,-1.986,286.685,Yaw
-0.403,0.376,0.611,-0.621,-2.704,286.668,Yaw
-0.295,0.154,0.928,-1.732,-3.815,257.276,Yaw
-0.335,-0.015,0.903,7.332,-4.200,186.384,Yaw
-0.493,0.023,0.923,2.844,-2.826,56.411,Yaw
-0.352,0.057,0.694,0.254,-3.036,-125.221,Yaw
-0.387,0.099,0.596,0.875,-1.890,-266.989,Yaw
-0.280,0.147,0.639,2.678,-4.944,-286.685,Yaw
-0.323,0.061,0.692,0.385,-2.179,-286.685,Yaw
-0.125,-0.146,0.462,-1.549,1.785,-286.685,Yaw
0.384,-0.028,0.406,0.210,-1.461,-286.396,Yaw
0.487,0.191,0.611,2.537,-2.432,-230.842,Yaw
0.147,0.125,0.545,-0.490,-2.590,-182.997,Yaw
0.311,0.301,0.895,-0.035,-2.905,-32.909,Yaw
0.187,0.239,0.877,1.033,-3.132,134.531,Yaw
0.280,0.252,0.484,2.188,-4.060,278.416,Yaw
0.427,0.183,0.210,-2.354,-3.036,286.685,Yaw
0.095,0.411,0.466,1.094,-0.621,286.685,Yaw
-0.108,0.302,0.386,-2.572,-2.205,286.685,Yaw
-0.419,0.357,0.483,-1.295,-1.102,286.685,Yaw
-0.493,0.099,0.884,-0.604,-3.229,223.370,Yaw
-0.393,0.041,1.095,2.371,-3.938,23.774,Yaw
-0.264,0.010,0.969,1.347,-3.115,-93.030,Yaw
-0.397,0.013,0.849,2.791,-2.966,-174.869,Yaw
-0.337,0.038,0.584,-1.321,-1.601,-268.004,Yaw
-0.203,0.111,0.222,0.201,-1.601,-286.685,Yaw
-0.265,0.193,0.543,0.123,-1.575,-286.685,Yaw
0.180,-0.251,0.658,0.770,0.044,-286.685,Yaw
0.432,0.086,0.399,-0.280,-0.717,-286.388,Yaw
0.226,0.204,0.439,-0.998,-0.543,-240.249,Yaw
0.197,0.125,0.668,2.205,-3.220,-114.949,Yaw
0.201,0.187,0.956,0.000,-3.054,-13.624,Yaw
0.230,0.333,1.013,-0.936,-3.596,111.143,Yaw
0.198,0.374,0.716,2.537,-2.135,247.835,Yaw
0.356,0.266,0.564,-2.013,0.858,281.400,Yaw
0.328,0.218,0.132,1.487,-6.694,286.685,Yaw
-0.071,0.319,0.386,5.057,-1.916,286.685,Yaw
-0.390,0.330,0.626,-1.680,-0.166,286.685,Yaw
-0.351,0.217,0.608,-1.829,-1.645,282.564,Yaw
-0.277,0.035,1.039,-6.213,-3.614,149.424,Yaw
-0.513,0.098,1.150,16.144,-5.801,2.371,Yaw
-0.190,-0.028,0.861,1.269,-2.861,-165.025,Yaw
-0.379,0.233,0.567,2.634,-4.392,-273.245,Yaw
-0.412,0.283,0.388,1.391,0.306,-286.685,Yaw
-0.158,0.112,0.680,-1.855,-0.543,-286.685,Yaw
0.088,-0.298,-0.015,-2.126,-4.287,-286.685,Yaw
0.540,-0.077,0.622,0.665,0.621,-285.749,Yaw
0.101,0.114,0.189,-0.096,-1.706,-227.316,Yaw
0.075,0.292,0.479,0.315,-2.721,-113.435,Yaw
0.117,0.276,0.853,0.630,-2.975,-45.115,Yaw
0.237,0.074,0.980,0.306,-3.526,55.702,Yaw
0.323,0.188,0.972,0.009,-3.071,206.150,Yaw
0.177,0.341,0.091,0.534,-3.649,286.685,Yaw
0.304,0.240,0.602,-5.932,4.200,286.685,Yaw
0.184,0.244,0.457,0.543,-3.535,286.685,Yaw
-0.226,0.310,0.614,-3.456,0.420,286.685,Yaw
-0.485,0.362,0.797,-13.335,-5.565,284.462,Yaw
-0.313,0.195,1.025,0.411,-5.548,216.615,Yaw
-0.369,-0.128,0.891,-2.852,-2.800,59.307,Yaw
-0.202,0.233,1.192,27.746,-4.637,-84.228,Yaw
-0.337,0.312,0.895,1.085,0.201,-246.995,Yaw
-0.374,0.208,0.393,1.452,-1.636,-283.920,Yaw
-0.287,-0.024,0.400,1.181,-7.306,-286.685,Yaw
0.227,-0.331,0.237,2.336,-0.674,-286.685,Yaw
0.345,-0.123,0.254,-0.420,-1.181,-286.449,Yaw
0.221,0.059,0.477,0.717,-3.098,-227.220,Yaw
0.001,0.152,0.458,0.543,-2.774,-123.567,Yaw
0.318,0.304,0.960,0.455,-2.844,-19.154,Yaw
0.363,0.221,0.961,-0.481,-3.159,78.382,Yaw
0.262,0.240,0.607,1.942,-4.340,253.680,Yaw
0.167,0.186,0.414,2.082,2.380,286.598,Yaw
0.108,0.220,0.677,2.765,-2.616,286.685,Yaw
0.006,0.299,0.539,-0.420,-3.946,286.685,Yaw
-0.187,0.177,0.745,-2.091,-2.783,286.685,Yaw
-0.331,0.243,0.578,-1.059,-3.307,282.196,Yaw
-0.539,0.096,0.824,0.910,-3.483,107.537,Yaw
-0.422,-0.118,1.103,1.531,-3.526,8.557,Yaw
-0.284,0.057,0.870,0.936,-2.730,-154.053,Yaw
-0.332,0.210,0.286,0.761,-2.511,-285.022,Yaw
-0.338,0.145,0.299,-1.610,-2.293,-286.685,Yaw
0.083,-0.156,0.158,-1.216,1.610,-286.685,Yaw
0.076,-0.400,0.024,3.832,-4.454,-286.685,Yaw
0.224,-0.033,0.570,1.374,-5.469,-254.240,Yaw
0.200,0.290,0.622,0.140,-3.666,-200.060,Yaw
0.146,0.330,0.680,1.374,-3.132,-125.037,Yaw
0.302,0.380,1.014,0.613,-2.993,10.115,Yaw
0.263,0.354,1.018,-0.647,-2.678,155.076,Yaw
0.322,0.391,0.757,1.225,-3.412,269.255,Yaw
0.265,0.336,0.441,0.954,-2.756,286.685,Yaw
0.108,0.213,0.284,-2.328,-2.485,286.685,Yaw
-0.095,0.322,0.319,1.881,-0.341,286.685,Yaw
-0.313,0.247,0.682,3.089,-3.517,286.685,Yaw
-0.361,0.130,0.478,0.971,-1.768,231.901,Yaw
-0.467,0.149,0.906,1.575,-3.859,85.978,Yaw
-0.390,-0.000,0.860,1.164,-2.975,-30.380,Yaw
-0.160,-0.093,0.945,0.586,-3.789,-166.985,Yaw
-0.316,0.026,0.641,2.459,-5.889,-275.940,Yaw
-0.452,0.107,0.354,1.505,-5.057,-286.685,Yaw
-0.306,0.076,0.356,1.768,-3.080,-286.685,Yaw
-0.125,-0.183,0.458,2.249,1.601,-268.660,Yaw
0.531,-0.144,0.423,1.925,-0.822,-286.151,Yaw
0.445,0.098,0.775,1.033,-3.465,-212.511,Yaw
0.092,0.312,0.547,0.219,-4.349,-141.417,Yaw
0.108,0.330,0.931,1.251,-3.185,-23.966,Yaw
0.114,0.163,1.009,-0.026,-3.596,67.051,Yaw
0.393,0.416,0.668,0.770,-3.439,161.586,Yaw
0.324,0.287,0.118,0.149,-0.919,286.676,Yaw
0.291,0.291,0.478,-2.257,-2.082,285.679,Yaw
-0.137,0.451,0.636,-4.681,-1.540,286.492,Yaw
-0.150,0.304,0.501,0.087,-3.150,286.659,Yaw
-0.315,0.072,0.478,2.467,-8.479,268.065,Yaw
-0.431,0.058,0.835,-0.254,-3.780,186.594,Yaw
-0.534,-0.002,1.118,0.884,-2.922,50.006,Yaw
-0.407,0.222,0.907,0.333,-2.459,-110.092,Yaw
-0.289,0.159,0.449,2.888,-5.198,-286.169,Yaw
-0.316,-0.011,0.468,0.280,-3.404,-286.685,Yaw
-0.329,-0.176,0.324,0.026,-5.162,-286.685,Yaw
0.178,-0.070,0.197,2.406,0.613,-286.685,Yaw
0.309,0.137,0.439,3.299,-3.675,-285.425,Yaw
0.134,0.088,0.578,1.995,-2.555,-250.268,Yaw
0.147,0.167,0.610,1.487,-3.395,-192.430,Yaw
0.295,0.295,0.859,0.586,-3.168,-47.661,Yaw
0.263,0.384,0.984,0.368,-3.797,114.940,Yaw
0.248,0.233,0.335,-1.234,-4.261,274.750,Yaw
0.319,0.334,0.305,-0.656,-5.819,282.432,Yaw
0.246,0.364,0.417,-4.165,-2.152,286.685,Yaw
-0.133,0.309,0.412,5.871,-0.192,286.685,Yaw
-0.574,0.378,0.455,1.347,-5.495,284.323,Yaw
-0.695,0.118,0.820,-0.656,-2.581,248.229,Yaw
-0.244,-0.080,1.020,1.452,-3.754,32.778,Yaw
-0.142,-0.013,0.859,0.788,-2.957,-75.530,Yaw
-0.307,0.032,0.890,0.604,-3.754,-185.019,Yaw
-0.415,-0.037,0.495,-1.216,-0.779,-274.846,Yaw
-0.276,0.148,0.338,5.486,-5.014,-286.685,Yaw
-0.170,-0.032,0.225,-2.319,2.608,-286.685,Yaw
0.087,-0.303,0.595,0.394,-0.971,-286.685,Yaw
0.434,0.143,0.637,0.858,-5.057,-284.865,Yaw
0.259,0.193,0.817,1.033,-2.931,-221.970,Yaw
0.362,0.276,0.773,1.339,-3.763,-58.327,Yaw
0.138,0.370,0.783,1.155,-3.614,57.312,Yaw
0.334,0.381,0.848,0.262,-3.159,153.536,Yaw
0.424,0.374,0.542,-0.149,-5.932,286.685,Yaw
0.466,0.298,0.429,0.884,-0.228,286.685,Yaw
-0.043,0.451,0.410,-1.444,-2.170,286.685,Yaw
-0.162,0.359,0.455,-1.592,-3.754,286.685,Yaw
-0.532,0.271,0.700,-0.438,-3.553,282.765,Yaw
-0.564,-0.073,0.641,1.418,-2.905,168.455,Yaw
-0.593,-0.126,0.882,1.776,-4.174,15.085,Yaw
-0.293,0.011,0.704,1.680,-3.325,-157.290,Yaw
-0.383,0.120,0.708,-0.052,-2.494,-278.766,Yaw
-0.364,0.088,0.295,0.901,-3.168,-286.685,Yaw
-0.327,0.037,0.264,0.123,-1.916,-286.685,Yaw
0.133,-0.072,0.613,-0.385,-1.514,-286.685,Yaw
0.405,0.023,0.759,-0.376,-1.803,-286.659,Yaw
0.268,0.143,0.680,2.476,-1.610,-261.485,Yaw
0.172,0.189,0.619,2.231,-1.741,-161.280,Yaw
0.282,0.223,0.863,0.192,-2.634,-21.858,Yaw
0.243,0.385,1.015,0.998,-2.765,139.239,Yaw
0.297,0.217,0.398,-0.254,-2.721,271.381,Yaw
0.389,0.260,0.523,2.056,-6.160,286.685,Yaw
0.108,0.309,0.310,2.931,-3.062,286.685,Yaw
-0.003,0.302,0.635,-2.354,-3.045,286.685,Yaw
-0.349,0.329,0.844,-4.944,-3.693,286.685,Yaw
-0.681,0.107,0.698,-24.736,-7.814,280.901,Yaw
-0.332,-0.173,0.437,52.640,-4.681,41.361,Yaw
-0.178,0.281,1.065,1.024,-2.957,-8.977,Yaw
-0.116,0.167,0.776,0.954,-3.955,-254.704,Yaw
-0.384,0.105,0.551,0.472,-1.102,-283.229,Yaw
-0.276,0.096,0.275,1.181,-4.839,-286.615,Yaw
-0.150,0.120,0.597,2.144,-3.701,-286.685,Yaw
0.178,-0.141,0.445,3.596,-1.374,-286.685,Yaw
0.450,-0.039,0.390,1.085,-2.730,-284.253,Yaw
0.285,0.146,0.600,1.181,-2.047,-240.039,Yaw
0.079,0.192,0.524,-0.455,-3.080,-147.245,Yaw
0.290,0.341,1.041,0.245,-3.054,-12.443,Yaw
0.330,0.360,0.889,0.262,-2.774,157.693,Yaw
0.272,0.281,0.582,1.304,-2.590,283.194,Yaw
0.511,0.259,0.487,-2.721,-0.962,286.685,Yaw
0.023,0.279,0.538,3.220,-5.784,286.685,Yaw
-0.341,0.247,0.729,-6.318,-1.234,286.685,Yaw
-0.430,0.332,0.652,-11.953,-5.189,286.685,Yaw
-0.377,0.061,1.028,3.220,-4.988,257.233,Yaw
-0.227,0.080,1.040,17.701,-4.121,37.826,Yaw
-0.244,-0.036,1.045,1.864,-3.237,-83.965,Yaw
-0.338,0.008,0.961,1.575,-3.045,-187.731,Yaw
-0.433,0.091,0.541,0.796,-2.993,-285.530,Yaw
-0.310,0.176,-0.050,1.181,-4.008,-286.685,Yaw
-0.192,0.171,0.249,1.925,0.621,-286.685,Yaw
0.202,-0.345,0.326,-2.441,-0.840,-285.793,Yaw
0.559,0.085,0.253,-0.280,-0.586,-222.206,Yaw
0.166,0.349,0.680,1.138,-3.535,-193.244,Yaw
0.064,0.289,0.652,1.094,-3.614,-127.251,Yaw
0.177,0.291,0.995,0.394,-2.879,-9.345,Yaw
0.431,0.396,0.825,-0.656,-4.165,107.896,Yaw
0.206,0.429,0.234,2.371,-4.375,285.967,Yaw
0.402,0.330,0.147,0.000,-3.649,286.685,Yaw
0.148,0.142,0.318,4.629,-4.874,286.685,Yaw
-0.241,0.261,0.493,-1.356,-0.910,286.685,Yaw
-0.258,0.264,0.802,-5.460,-4.506,286.685,Yaw
-0.323,0.131,0.886,-12.259,-4.113,286.580,Yaw
-0.561,0.170,0.805,-8.304,-5.023,116.016,Yaw
-0.169,-0.037,0.903,22.470,-5.653,-72.467,Yaw
-0.294,-0.083,0.805,1.190,-1.190,-173.154,Yaw
-0.386,0.094,0.547,-1.356,-3.946,-276.430,Yaw
-0.376,0.194,0.321,-1.155,-1.628,-284.918,Yaw
-0.103,-0.167,0.384,1.479,-1.505,-286.685,Yaw
0.063,-0.405,0.403,0.464,-4.883,-286.685,Yaw
0.274,0.129,0.631,-1.304,-2.476,-278.049,Yaw
0.240,0.293,0.677,1.286,-4.165,-223.440,Yaw
0.241,0.268,0.874,0.630,-3.106,-82.486,Yaw
0.197,0.386,1.000,-0.149,-3.334,11.270,Yaw
0.320,0.339,0.809,0.630,-3.080,114.415,Yaw
0.262,0.241,0.310,1.164,-2.223,285.066,Yaw
0.435,0.165,0.443,-0.805,-1.645,286.685,Yaw
0.296,0.228,0.310,0.472,5.180,286.685,Yaw
-0.309,0.486,0.373,-5.250,-3.701,282.205,Yaw
-0.320,0.347,0.942,0.262,-1.566,279.134,Yaw
-0.403,0.025,0.906,0.796,-2.503,241.220,Yaw
-0.744,0.090,1.030,2.275,-5.381,55.221,Yaw
-0.229,-0.033,0.884,2.074,-2.852,-129.176,Yaw
-0.486,0.068,0.297,1.566,-1.855,-281.190,Yaw
-0.441,0.062,0.526,-0.070,-1.951,-286.685,Yaw
-0.317,0.021,0.356,0.429,-1.269,-286.685,Yaw
-0.144,-0.131,0.023,-1.138,-1.461,-286.685,Yaw
0.432,0.123,0.210,-0.490,-5.364,-284.672,Yaw
0.517,0.246,0.578,1.636,-2.529,-280.087,Yaw
0.318,0.228,0.845,1.969,-3.868,-137.699,Yaw
0.283,0.406,0.897,0.403,-2.249,11.672,Yaw
0.188,0.315,0.944,1.706,-3.185,134.050,Yaw
0.377,0.287,0.614,-0.350,-3.351,255.806,Yaw
0.404,0.271,0.475,0.228,0.971,286.685,Yaw
0.203,0.459,0.406,1.190,1.811,286.685,Yaw
0.091,0.455,0.273,-0.735,-3.719,286.685,Yaw
-0.484,0.561,0.546,2.756,1.969,285.871,Yaw
-0.424,0.063,0.758,-0.481,-3.019,254.415,Yaw
-0.668,0.069,0.967,1.409,-4.025,37.844,Yaw
-0.221,0.008,1.047,0.814,-4.025,-83.143,Yaw
-0.345,0.045,0.604,1.619,-2.678,-241.815,Yaw
-0.337,0.154,0.491,1.732,-4.244,-286.527,Yaw
-0.313,0.112,0.374,-0.551,-0.543,-286.685,Yaw
0.010,0.039,0.492,-1.549,-4.804,-286.685,Yaw
0.366,-0.190,0.470,-2.774,-1.732,-286.685,Yaw
0.438,0.074,0.763,0.551,-3.229,-244.107,Yaw
0.306,0.076,0.599,-0.341,-3.474,-166.705,Yaw
0.174,0.127,0.678,-0.936,-2.494,-88.375,Yaw
0.097,0.280,1.008,1.138,-2.818,11.130,Yaw
0.373,0.306,0.891,0.543,-3.684,117.775,Yaw
0.465,0.410,0.033,-1.671,-2.826,267.479,Yaw
0.407,0.340,0.175,0.280,-4.769,286.116,Yaw
0.259,0.307,0.320,-0.647,-0.123,286.685,Yaw
-0.134,0.357,0.502,-1.094,-6.090,286.685,Yaw
-0.382,0.562,1.119,-20.948,-2.004,286.685,Yaw
-0.809,0.408,0.755,-19.933,-7.341,225.969,Yaw
-0.375,-0.020,0.611,68.530,-5.145,-31.500,Yaw
-0.180,-0.191,0.828,1.050,-3.964,-132.694,Yaw
-0.271,-0.041,0.854,2.371,-2.118,-211.803,Yaw
-0.449,0.115,0.372,2.152,-3.526,-285.128,Yaw
-0.265,0.072,0.079,-5.976,-2.581,-286.685,Yaw
-0.246,0.123,0.494,-0.875,-3.902,-286.685,Yaw
0.154,-0.228,0.441,2.520,-0.516,-284.594,Yaw
0.455,-0.004,0.396,-3.027,-1.190,-278.591,Yaw
0.268,0.238,0.610,0.035,-1.400,-209.965,Yaw
0.090,0.218,0.654,1.059,-1.960,-131.740,Yaw
0.205,0.171,0.968,0.577,-2.371,-20.317,Yaw
0.383,0.314,0.913,0.569,-2.581,127.356,Yaw
0.309,0.253,0.265,0.350,0.385,282.660,Yaw
0.377,0.277,0.193,2.266,-4.148,286.685,Yaw
0.272,0.479,0.296,0.543,0.709,286.685,Yaw
-0.224,0.326,0.440,2.809,-1.811,286.685,Yaw
-0.328,0.334,0.665,-1.619,-4.436,283.421,Yaw
-0.542,0.306,0.894,-10.360,-3.290,282.896,Yaw
-0.467,0.161,1.072,13.703,-5.014,106.312,Yaw
-0.181,0.113,1.063,1.645,-3.675,-60.007,Yaw
-0.229,0.087,0.763,1.278,-3.334,-228.629,Yaw
-0.399,0.072,0.463,4.358,-1.942,-256.664,Yaw
-0.399,0.071,0.469,-0.157,-2.678,-286.195,Yaw
-0.089,-0.028,0.233,3.430,-2.188,-286.484,Yaw
0.121,-0.146,0.234,1.199,-0.691,-286.685,Yaw
0.401,-0.030,0.530,0.822,-1.610,-286.055,Yaw
0.273,0.196,0.471,1.006,-3.150,-235.401,Yaw
0.132,0.266,0.853,1.234,-3.185,-119.210,Yaw
0.091,0.265,1.058,0.254,-2.555,-41.597,Yaw
0.170,0.233,1.005,-0.420,-3.237,58.397,Yaw
0.317,0.308,-0.019,-0.411,-0.595,260.164,Yaw
0.319,0.243,0.636,-0.499,-1.890,283.115,Yaw
0.190,0.268,0.307,6.274,-2.275,266.700,Yaw
-0.044,0.283,0.298,-2.380,-3.658,286.685,Yaw
-0.065,0.204,0.819,-1.776,-2.485,286.099,Yaw
-0.409,0.040,1.021,1.391,-1.724,244.283,Yaw
-0.880,0.116,0.812,-2.179,-3.832,126.893,Yaw
-0.223,0.009,1.054,1.269,-3.675,-33.486,Yaw
-0.275,0.224,0.694,2.179,-4.401,-247.354,Yaw
-0.253,0.094,0.334,2.888,-2.660,-285.215,Yaw
-0.275,0.005,0.358,-1.496,-0.516,-286.685,Yaw
-0.091,-0.053,0.520,0.438,-1.330,-286.335,Yaw
0.332,-0.174,0.396,-1.304,-5.084,-286.685,Yaw
0.343,-0.067,0.506,0.831,0.998,-286.125,Yaw
0.225,0.426,0.441,0.788,-1.715,-223.466,Yaw
0.192,0.270,0.918,0.490,-2.896,-85.829,Yaw
0.189,0.271,1.004,0.788,-2.546,28.438,Yaw
0.440,0.289,0.929,0.822,-3.701,111.186,Yaw
0.329,0.243,0.425,0.892,-1.549,283.544,Yaw
0.179,0.240,0.418,-0.262,-0.998,286.598,Yaw
0.151,0.244,0.368,1.312,-3.579,286.545,Yaw
-0.105,0.413,0.418,-1.995,-1.636,274.960,Yaw
-0.190,0.140,0.781,2.310,-2.398,286.195,Yaw
-0.702,0.049,0.935,1.242,-4.769,209.580,Yaw
-0.575,0.021,1.054,1.085,-3.789,42.411,Yaw
-0.273,-0.018,0.983,0.962,-3.150,-91.726,Yaw
-0.414,0.068,0.649,3.194,-3.106,-233.958,Yaw
-0.348,0.106,0.343,-2.109,-3.264,-286.685,Yaw
-0.172,0.086,0.385,0.796,0.647,-286.589,Yaw
0.020,0.055,0.429,-0.901,2.721,-286.685,Yaw
0.494,-0.166,0.438,1.330,-0.656,-283.325,Yaw
0.405,0.038,0.632,-0.429,-1.452,-223.624,Yaw
0.217,0.296,0.370,-0.201,-2.765,-186.497,Yaw
0.173,0.274,0.747,0.481,-1.619,-89.486,Yaw
0.288,0.187,0.992,1.050,-2.809,49.735,Yaw
0.362,0.258,0.662,1.487,-3.456,189.709,Yaw
0.307,0.269,0.207,-0.831,-3.071,286.659,Yaw
0.370,0.213,0.313,-1.768,-0.569,286.685,Yaw
0.055,0.385,0.278,-2.669,-1.260,286.685,Yaw
-0.257,0.358,0.483,0.481,-5.407,286.685,Yaw
-0.261,0.204,0.509,-0.779,-4.568,280.087,Yaw
-0.550,0.081,0.878,-0.280,-2.704,214.673,Yaw
-0.762,0.033,1.021,1.216,-3.456,-2.616,Yaw
-0.323,0.095,0.844,1.033,-2.747,-115.824,Yaw
-0.376,-0.006,0.618,3.106,-3.885,-263.900,Yaw
-0.357,0.067,0.408,-0.481,-2.004,-284.725,Yaw
-0.097,0.111,0.587,-2.257,-2.223,-286.668,Yaw
-0.205,0.001,0.299,0.192,-0.009,-286.283,Yaw
0.328,-0.104,0.562,-0.866,-0.858,-286.685,Yaw
0.448,0.137,0.509,-0.507,-3.999,-258.431,Yaw
0.317,0.199,0.703,-0.962,-0.910,-217.875,Yaw
0.199,0.230,0.704,0.726,-2.957,-95.935,Yaw
0.185,0.268,1.035,0.560,-3.089,42.980,Yaw
0.358,0.324,0.482,1.094,-2.686,232.068,Yaw
0.264,0.224,0.799,1.566,0.858,274.776,Yaw
0.243,0.209,0.409,1.697,-3.159,286.055,Yaw
-0.008,0.230,0.535,-1.899,-5.626,286.685,Yaw
-0.192,0.370,0.828,-2.739,-4.489,286.545,Yaw
-0.432,0.190,0.914,-29.837,-4.734,286.274,Yaw
-0.463,-0.157,0.923,-0.691,-7.613,216.178,Yaw
-0.539,0.097,1.057,39.366,-4.113,45.518,Yaw
-0.148,0.036,1.057,0.438,-2.791,-44.511,Yaw
-0.386,0.259,0.763,1.409,-2.634,-176.102,Yaw
-0.337,0.084,0.536,1.356,-5.128,-286.212,Yaw
-0.239,-0.029,0.228,-0.875,4.095,-285.959,Yaw
-0.044,-0.283,0.351,3.194,-0.026,-286.685,Yaw
0.101,-0.159,0.439,1.645,-3.176,-283.316,Yaw
0.356,0.153,0.477,-1.216,-1.216,-278.932,Yaw
0.126,0.280,0.756,0.674,-1.365,-199.736,Yaw
0.116,0.364,0.890,1.435,-2.503,-108.902,Yaw
0.171,0.336,0.988,-0.096,-2.100,12.950,Yaw
0.386,0.257,0.372,0.289,-2.441,205.861,Yaw
0.337,0.201,-0.007,0.525,-2.861,286.064,Yaw
0.277,0.214,0.392,3.369,-2.581,286.685,Yaw
0.185,0.243,0.602,-0.201,0.840,286.055,Yaw
-0.358,0.270,0.969,-2.520,-3.850,286.685,Yaw
-0.397,0.263,0.789,-36.173,-9.380,285.294,Yaw
-0.551,-0.011,0.812,-17.535,-9.538,232.251,Yaw
-0.538,0.084,1.028,37.730,-4.323,69.379,Yaw
-0.150,0.230,0.794,8.155,-3.290,-90.475,Yaw
-0.213,0.203,0.811,2.651,-4.209,-232.803,Yaw
-0.454,0.173,0.132,-0.490,-2.179,-286.571,Yaw
-0.252,0.039,0.600,3.342,-5.801,-286.685,Yaw
-0.097,-0.204,0.237,0.149,-0.245,-286.685,Yaw
0.340,-0.232,0.640,0.534,-4.568,-286.685,Yaw
0.384,0.104,0.695,2.520,-2.546,-231.481,Yaw
0.205,0.159,0.565,0.796,-2.249,-187.626,Yaw
0.162,0.271,1.000,2.328,-2.975,-62.230,Yaw
0.197,0.344,1.046,0.472,-2.800,28.796,Yaw
0.330,0.229,0.561,0.822,-3.054,205.012,Yaw
0.213,0.189,0.209,3.185,-4.349,286.685,Yaw
0.394,0.255,0.281,-0.752,-4.445,286.668,Yaw
0.072,0.302,0.379,3.124,-10.325,286.685,Yaw
-0.415,0.309,0.641,0.333,-3.159,274.444,Yaw
-0.416,0.054,0.877,-10.833,-3.264,270.305,Yaw
-0.412,-0.030,0.962,2.275,-4.891,183.925,Yaw
-0.309,-0.147,1.040,5.162,-3.054,45.220,Yaw
-0.144,0.241,1.020,1.505,-2.774,-89.136,Yaw
-0.328,0.108,0.640,1.225,-3.911,-275.459,Yaw
-0.393,0.163,0.329,4.060,-5.381,-286.265,Yaw
-0.359,0.072,0.407,0.315,-3.850,-286.685,Yaw
0.107,-0.182,0.559,0.052,-9.153,-282.030,Yaw
0.611,-0.137,0.496,-6.099,-3.150,-256.987,Yaw
0.373,0.025,0.513,-1.199,-1.969,-250.092,Yaw
0.068,0.202,0.699,-0.052,-3.386,-174.913,Yaw
0.161,0.346,0.884,0.910,-2.249,-52.194,Yaw
0.222,0.280,1.018,-0.210,-2.984,66.089,Yaw
0.417,0.298,0.817,0.814,-2.870,191.371,Yaw
0.233,0.323,-0.001,-1.549,2.161,286.685,Yaw
0.274,0.242,0.421,1.601,-0.429,286.414,Yaw
0.057,0.168,0.583,-2.126,-4.812,286.685,Yaw
-0.400,0.361,0.726,-1.732,-4.366,286.685,Yaw
-0.282,0.178,0.764,-21.052,-6.274,286.685,Yaw
-0.560,0.129,0.910,19.591,-4.742,190.628,Yaw
-0.486,-0.049,0.876,11.568,-4.716,34.860,Yaw
-0.240,0.104,0.991,2.013,-3.876,-112.577,Yaw
-0.357,0.053,0.124,0.665,-4.646,-262.999,Yaw
-0.410,0.073,0.472,1.199,-5.294,-286.685,Yaw
-0.179,0.127,0.497,-1.304,-6.457,-286.309,Yaw
-0.171,0.010,0.476,0.752,-4.331,-282.905,Yaw
0.391,0.058,0.274,-3.054,-0.464,-286.685,Yaw
0.507,0.064,0.428,-1.820,-3.246,-286.116,Yaw
0.230,0.180,0.747,3.579,-2.625,-207.314,Yaw
0.125,0.249,0.949,0.289,-2.721,-66.448,Yaw
0.306,0.327,0.991,1.304,-3.307,45.841,Yaw
0.353,0.338,0.747,0.849,-2.870,176.566,Yaw
0.299,0.226,0.397,2.975,-3.868,286.449,Yaw
0.341,0.208,0.261,3.027,-3.570,271.652,Yaw
-0.066,0.280,0.473,-1.470,0.157,286.685,Yaw
-0.406,0.306,0.847,-3.973,-0.936,286.685,Yaw
-0.369,0.177,0.854,-15.881,-3.106,283.272,Yaw
-0.612,0.146,0.859,26.486,-4.742,170.503,Yaw
-0.277,-0.002,1.080,0.936,-2.625,-15.356,Yaw
-0.338,-0.024,0.963,-0.543,-1.942,-119.945,Yaw
-0.419,0.001,0.522,0.368,-2.503,-258.125,Yaw
-0.315,0.136,0.150,-0.796,1.523,-282.467,Yaw
-0.234,0.060,0.427,-2.459,-2.065,-286.685,Yaw
-0.026,-0.109,0.514,2.301,0.569,-286.685,Yaw
0.447,-0.141,0.555,-0.551,-0.805,-256.979,Yaw
0.476,0.123,0.331,-1.365,-3.491,-177.511,Yaw
0.195,0.167,0.579,0.709,-4.699,-169.085,Yaw
0.032,0.314,0.854,1.138,-2.791,-38.763,Yaw
0.178,0.332,1.000,0.481,-3.159,75.644,Yaw
0.282,0.351,0.503,-0.368,-1.899,242.253,Yaw
0.280,0.269,0.317,2.293,-3.027,284.611,Yaw
0.203,0.270,0.483,-0.035,2.205,286.685,Yaw
-0.272,0.317,0.516,-0.936,-3.701,286.685,Yaw
-0.293,0.325,0.876,-22.636,-4.734,286.466,Yaw
-0.373,0.105,0.711,-33.670,-8.470,273.114,Yaw
-0.500,-0.058,0.822,27.160,-6.528,165.506,Yaw
-0.239,-0.079,1.040,4.961,-4.401,4.944,Yaw
-0.339,0.114,1.015,1.864,-2.747,-143.736,Yaw
-0.385,0.007,0.682,1.872,-3.579,-256.489,Yaw
-0.254,0.093,0.742,-1.837,-0.936,-286.650,Yaw
-0.188,0.218,0.462,1.295,1.671,-286.685,Yaw
-0.180,-0.059,0.526,1.356,-4.218,-286.545,Yaw
0.463,-0.118,0.497,-1.225,-2.371,-286.685,Yaw
0.353,0.132,0.740,0.735,-4.970,-261.608,Yaw
0.209,0.304,0.953,0.403,-3.439,-132.064,Yaw
0.167,0.249,0.897,0.779,-2.249,-47.434,Yaw
0.244,0.326,1.026,0.962,-3.211,44.870,Yaw
0.182,0.243,0.458,-1.146,-4.349,233.538,Yaw
0.371,0.131,0.411,-0.245,-1.759,276.780,Yaw
0.338,0.237,0.288,-2.450,1.024,270.848,Yaw
-0.119,0.364,0.295,0.096,1.759,285.915,Yaw
-0.363,0.335,0.754,2.284,-3.526,250.652,Yaw
-0.251,0.073,0.601,-3.019,-1.514,222.635,Yaw
-0.595,0.180,0.808,1.347,-4.077,188.107,Yaw
-0.268,-0.066,1.052,-0.052,-3.404,8.995,Yaw
-0.243,0.119,0.761,0.779,-2.223,-168.936,Yaw
-0.297,0.021,0.356,2.336,-4.174,-239.470,Yaw
-0.347,0.032,0.303,1.076,-1.558,-286.641,Yaw
-0.003,-0.005,0.382,-0.289,0.490,-286.685,Yaw
-0.064,-0.198,0.475,-0.262,-1.636,-285.547,Yaw
0.128,-0.056,0.443,1.033,-1.181,-258.510,Yaw
0.313,0.222,0.752,-0.009,-3.544,-200.025,Yaw
0.294,0.281,0.620,0.350,-1.960,-153.720,Yaw
0.174,0.221,0.962,0.525,-2.450,-29.601,Yaw
0.127,0.151,1.044,0.481,-2.826,43.286,Yaw
0.435,0.187,0.383,1.444,-4.165,231.035,Yaw
0.252,0.184,0.193,-1.689,-2.039,273.945,Yaw
0.204,0.190,0.349,2.047,-0.630,285.959,Yaw
-0.178,0.366,0.536,1.426,-1.872,286.160,Yaw
-0.187,0.353,0.929,-4.200,-3.027,239.960,Yaw
-0.380,0.049,0.869,-4.970,-3.544,235.699,Yaw
-0.641,0.262,0.960,24.036,-4.891,183.557,Yaw
-0.367,-0.044,1.039,1.592,-3.369,9.257,Yaw
-0.362,0.059,0.753,-0.560,-3.964,-177.336,Yaw
-0.322,0.011,0.625,-0.324,-1.033,-286.274,Yaw
-0.350,-0.005,0.487,-1.024,0.840,-286.598,Yaw
-0.216,0.076,0.207,-1.811,0.429,-286.685,Yaw
0.243,-0.073,0.223,6.878,-2.608,-286.624,Yaw
0.532,-0.062,0.703,-0.131,-2.888,-282.800,Yaw
0.284,0.102,0.580,2.389,-2.441,-237.405,Yaw
0.089,0.185,0.589,-0.385,-0.534,-159.092,Yaw
-0.027,0.232,0.941,1.531,-3.342,-60.410,Yaw
0.077,0.158,1.019,0.543,-3.439,49.140,Yaw
0.356,0.291,0.712,0.096,-3.281,200.585,Yaw
0.285,0.250,0.567,1.636,-3.246,286.685,Yaw
0.229,0.202,0.341,3.194,-1.768,286.571,Yaw
0.008,0.361,0.428,3.605,-5.267,286.685,Yaw
-0.316,0.270,0.790,-1.619,-1.750,286.685,Yaw
-0.262,0.109,0.964,-2.678,-3.421,274.339,Yaw
-0.530,0.023,1.106,7.315,-4.200,149.240,Yaw
-0.499,-0.065,1.066,1.881,-3.132,51.800,Yaw
-0.439,0.265,1.075,1.514,-3.115,-63.682,Yaw
-0.255,0.125,0.396,1.461,-2.310,-264.679,Yaw
-0.095,0.105,0.470,0.577,-5.049,-286.685,Yaw
-0.437,0.132,0.196,-1.251,-4.244,-286.685,Yaw
-0.037,-0.249,0.435,1.461,-1.566,-286.081,Yaw
0.649,0.085,0.560,-0.018,0.087,-283.141,Yaw
0.391,0.145,0.403,0.228,-2.625,-231.490,Yaw
0.046,0.202,0.721,0.052,-2.047,-160.536,Yaw
0.100,0.306,0.868,0.954,-2.266,-37.651,Yaw
0.320,0.372,0.997,0.770,-3.246,92.304,Yaw
0.264,0.350,0.849,0.796,-2.109,224.306,Yaw
0.268,0.328,0.241,-1.715,0.613,281.908,Yaw
0.254,0.262,0.434,-1.391,0.131,286.606,Yaw
-0.314,0.357,0.610,-1.925,-0.157,286.685,Yaw
-0.505,0.418,0.816,-11.699,-3.229,286.685,Yaw
-0.463,0.028,0.713,-25.751,-6.466,271.460,Yaw
-0.316,-0.118,0.929,10.938,-5.889,112.429,Yaw
-0.559,0.053,0.880,42.840,-4.786,-58.327,Yaw
-0.343,0.013,0.870,2.686,-2.914,-164.334,Yaw
-0.374,0.090,0.652,1.059,-3.430,-279.020,Yaw
-0.177,0.046,0.699,-2.721,-0.639,-286.344,Yaw
-0.225,0.029,0.480,1.549,-1.479,-286.685,Yaw
0.204,0.068,0.491,0.044,0.009,-286.685,Yaw
0.485,0.066,0.483,0.560,-4.909,-270.664,Yaw
0.127,0.046,0.400,0.166,-2.800,-224.438,Yaw
0.176,0.146,0.908,0.472,-4.646,-144.839,Yaw
0.270,0.282,0.985,0.796,-2.118,3.894,Yaw
0.232,0.448,0.871,1.006,-3.465,174.318,Yaw
0.202,0.312,0.477,1.741,-4.944,276.955,Yaw
0.285,0.280,0.492,3.334,-2.398,286.685,Yaw
0.114,0.275,0.532,1.199,-5.171,286.685,Yaw
-0.426,0.277,0.813,0.149,-7.017,286.685,Yaw
-0.422,0.218,0.713,-5.443,-3.421,286.396,Yaw
-0.352,-0.058,1.037,-3.456,-5.950,259.586,Yaw
-0.697,-0.129,0.774,9.109,-3.727,60.244,Yaw
-0.344,0.082,0.989,0.551,-3.544,-72.861,Yaw
-0.329,-0.028,0.683,0.901,-2.013,-248.246,Yaw
-0.331,0.033,0.188,1.312,-2.678,-286.405,Yaw
-0.211,-0.012,0.530,-0.656,-0.630,-286.650,Yaw
-0.023,-0.019,0.434,1.487,-0.639,-271.932,Yaw
0.295,-0.034,0.441,0.849,-1.803,-285.889,Yaw
0.403,-0.035,0.850,1.312,-2.922,-257.967,Yaw
0.202,0.187,0.524,2.949,-3.491,-166.276,Yaw
0.109,0.179,0.971,-0.245,-2.441,-68.967,Yaw
0.063,0.271,0.947,1.216,-2.599,7.157,Yaw
0.309,0.245,1.103,0.333,-2.879,109.673,Yaw
0.196,0.258,0.412,0.298,-2.529,282.415,Yaw
0.201,0.346,0.280,1.312,-3.517,286.685,Yaw
0.206,0.298,0.379,0.087,-1.732,286.685,Yaw
-0.217,0.379,0.708,-1.942,-5.775,286.685,Yaw
-0.408,0.176,0.667,-1.278,-7.884,286.685,Yaw
-0.446,0.010,0.803,6.510,-5.749,207.708,Yaw
-0.409,-0.172,0.942,1.671,-4.235,88.156,Yaw
-0.269,0.048,0.988,0.735,-2.590,-59.509,Yaw
-0.425,0.056,0.646,0.928,-2.310,-214.602,Yaw
-0.391,0.090,0.410,-0.192,-2.441,-279.939,Yaw
-0.184,0.054,-0.176,-0.499,-3.264,-286.195,Yaw
-0.093,-0.006,0.204,1.540,-2.818,-286.344,Yaw
0.402,-0.054,0.511,-0.350,-2.056,-273.927,Yaw
0.466,0.012,0.664,1.479,-3.281,-262.710,Yaw
0.172,0.146,0.615,2.266,-3.815,-175.814,Yaw
0.152,0.189,0.834,0.989,-3.036,-56.717,Yaw
0.206,0.215,1.019,0.586,-3.001,72.249,Yaw
0.495,0.222,0.651,1.671,-2.800,188.624,Yaw
0.207,0.269,0.480,4.279,-2.328,286.685,Yaw
0.366,0.363,0.330,0.892,-2.013,286.414,Yaw
0.089,0.317,0.427,2.730,-0.245,286.685,Yaw
-0.296,0.320,0.843,-2.494,-1.067,286.685,Yaw
-0.376,0.301,0.849,-11.594,-4.323,286.685,Yaw
-0.623,0.056,1.128,27.930,-4.104,119.289,Yaw
-0.410,0.159,0.951,0.403,-3.010,-22.531,Yaw
-0.236,0.096,0.797,1.549,-2.301,-192.071,Yaw
-0.474,-0.025,0.376,-0.735,-2.852,-280.481,Yaw
-0.275,-0.140,0.366,0.709,-1.155,-286.195,Yaw
-0.132,-0.114,0.292,2.503,-1.715,-286.685,Yaw
0.216,-0.121,0.395,2.642,-9.047,-286.668,Yaw
0.319,-0.017,0.372,-0.140,-3.255,-265.221,Yaw
0.265,0.008,0.540,0.613,-3.465,-202.895,Yaw
0.224,0.146,0.639,2.844,-6.379,-127.181,Yaw
0.074,0.258,0.721,-0.070,-3.264,-6.475,Yaw
0.316,0.159,0.958,1.409,-3.106,89.950,Yaw
0.502,0.449,0.323,1.181,-3.412,279.851,Yaw
0.485,0.272,0.352,5.749,-0.954,286.685,Yaw
0.051,0.333,0.510,-5.215,-2.713,286.685,Yaw
-0.431,0.562,0.326,-5.093,-3.964,285.705,Yaw
-0.313,0.317,0.883,0.788,-4.305,285.784,Yaw
-0.300,-0.002,0.806,2.152,-4.148,211.277,Yaw
-0.537,0.037,0.982,0.866,-3.273,61.810,Yaw
-0.478,0.115,1.006,1.304,-2.537,-81.121,Yaw
-0.296,-0.006,0.762,1.138,-3.850,-195.466,Yaw
-0.469,0.048,0.318,-1.724,-0.744,-283.404,Yaw
-0.263,0.034,0.470,0.516,-2.450,-286.685,Yaw
-0.188,-0.122,0.572,1.837,-2.336,-286.685,Yaw
0.436,0.042,0.444,0.945,-3.386,-275.721,Yaw
0.199,0.293,0.535,0.385,-1.942,-268.432,Yaw
0.227,0.123,0.511,1.339,-2.293,-199.290,Yaw
0.251,0.187,0.753,2.266,-3.675,-50.522,Yaw
0.110,0.282,0.936,0.639,-3.168,32.655,Yaw
0.350,0.360,0.273,0.228,-2.485,174.781,Yaw
0.348,0.320,0.136,2.940,-7.446,285.574,Yaw
0.489,0.173,0.112,1.872,-3.780,286.685,Yaw
-0.005,0.298,0.492,1.820,0.779,286.685,Yaw
-0.424,0.384,0.894,-27.169,-4.253,286.685,Yaw
-0.488,0.144,0.712,-34.423,-11.856,285.740,Yaw
-0.450,0.073,0.883,-10.062,-9.975,243.119,Yaw
-0.592,-0.019,0.758,29.234,-3.911,20.344,Yaw
-0.031,0.028,0.456,20.571,-5.591,-188.851,Yaw
-0.514,0.040,0.565,0.333,-0.306,-283.894,Yaw
-0.310,0.020,0.384,0.455,-3.439,-286.492,Yaw
0.070,-0.052,0.305,2.678,-1.339,-286.685,Yaw
0.248,0.084,0.566,0.998,-2.791,-286.685,Yaw
0.273,-0.038,0.625,0.464,-5.801,-264.775,Yaw
0.255,0.197,0.518,-0.114,-1.391,-198.660,Yaw
0.497,0.360,0.948,0.551,-3.045,-32.471,Yaw
0.366,0.347,0.422,-0.446,-4.077,204.391,Yaw
0.288,0.277,0.097,1.794,-2.625,283.622,Yaw
0.371,0.229,0.266,-0.376,-5.469,286.685,Yaw
-0.084,0.401,0.490,-2.144,-2.310,286.685,Yaw
-0.442,0.403,0.958,-12.381,-3.237,286.134,Yaw
-0.376,0.291,0.827,-6.659,-4.839,286.475,Yaw
-0.464,0.036,0.959,15.811,-6.344,199.482,Yaw
-0.384,0.055,0.797,0.726,-2.905,-49.884,Yaw
-0.398,-0.082,0.894,1.155,-2.328,-229.232,Yaw
-0.515,0.038,0.546,1.654,-2.651,-286.011,Yaw
-0.271,0.062,0.451,2.529,-5.372,-286.668,Yaw
-0.107,0.031,0.411,-1.724,-3.176,-286.685,Yaw
0.226,0.048,0.129,0.998,2.660,-284.401,Yaw
0.295,0.103,0.540,1.251,-2.293,-281.041,Yaw
0.297,0.088,0.756,0.901,-2.336,-218.137,Yaw
0.505,0.280,0.868,0.368,-3.080,-37.713,Yaw
0.355,0.238,0.875,0.858,-3.071,115.176,Yaw
0.286,0.218,0.363,-1.409,-2.362,269.316,Yaw
0.261,0.311,0.625,2.861,-8.549,284.620,Yaw
0.126,0.327,0.475,-3.150,-3.412,285.302,Yaw
-0.016,0.315,0.533,-1.033,1.015,286.685,Yaw
-0.471,0.377,0.711,0.061,-1.312,256.401,Yaw
-0.551,0.245,0.745,2.021,-3.395,224.682,Yaw
-0.459,-0.088,0.924,1.365,-4.034,-40.871,Yaw
-0.412,0.071,0.680,-0.980,-1.794,-150.824,Yaw
-0.372,-0.079,0.721,1.024,-1.225,-279.440,Yaw
-0.295,-0.059,0.747,-0.639,-1.715,-286.685,Yaw
-0.276,-0.023,0.639,-0.289,0.586,-286.685,Yaw
0.148,-0.029,0.131,1.671,1.444,-269.150,Yaw
0.410,-0.070,0.649,0.455,-4.016,-230.519,Yaw
0.186,0.160,0.461,0.525,-2.975,-205.144,Yaw
0.171,0.114,0.636,0.009,-1.645,-161.289,Yaw
0.187,0.269,0.698,0.866,-3.010,-34.160,Yaw
0.295,0.188,0.961,0.507,-2.800,86.783,Yaw
0.294,0.337,0.172,-0.770,-2.389,279.764,Yaw
0.253,0.367,0.124,1.085,-4.716,286.685,Yaw
0.201,0.282,0.457,-0.551,0.192,286.685,Yaw
-0.206,0.338,0.733,-1.138,-5.040,286.685,Yaw
-0.289,0.293,0.956,-3.693,-1.601,286.134,Yaw
-0.310,-0.055,0.977,7.219,-4.637,275.091,Yaw
-0.552,0.206,0.945,0.849,-4.244,96.014,Yaw
-0.292,0.038,1.087,1.102,-3.570,-46.533,Yaw
-0.508,0.145,0.937,2.047,-2.608,-132.396,Yaw
-0.389,0.105,0.713,1.138,-3.194,-276.710,Yaw
-0.257,0.159,0.191,2.861,-2.695,-285.810,Yaw
-0.074,0.193,0.171,0.359,-3.019,-286.685,Yaw
0.278,-0.027,0.569,4.034,-3.763,-286.650,Yaw
0.448,-0.100,0.529,-1.496,-2.398,-282.389,Yaw
0.118,0.221,0.886,1.531,-2.975,-200.708,Yaw
0.056,0.258,0.806,1.934,-2.896,-108.500,Yaw
0.386,0.254,1.028,0.586,-2.966,-14.901,Yaw
0.351,0.341,1.000,1.391,-2.170,160.982,Yaw
0.350,0.391,0.332,-0.157,-5.014,286.685,Yaw
0.445,0.178,0.317,-0.586,-0.665,286.685,Yaw
-0.093,0.338,0.062,1.610,-3.141,286.685,Yaw
-0.518,0.336,0.771,-1.977,-0.070,286.685,Yaw
-0.414,0.182,0.725,-1.803,-4.008,254.660,Yaw
-0.349,0.045,0.596,9.922,-4.139,182.481,Yaw
-0.327,-0.057,1.100,0.525,-3.395,-19.600,Yaw
-0.347,0.004,0.769,0.149,-2.047,-121.476,Yaw
-0.406,0.061,0.780,1.260,-1.960,-250.626,Yaw
-0.421,0.125,0.368,2.047,-0.717,-285.985,Yaw
-0.208,0.046,0.248,3.211,-9.844,-286.685,Yaw
0.214,-0.099,0.563,0.683,-6.466,-285.513,Yaw
0.484,-0.062,0.543,0.394,-1.558,-252.551,Yaw
0.321,0.183,0.594,4.349,-4.795,-263.707,Yaw
0.117,0.286,0.730,0.761,-1.908,-159.425,Yaw
0.131,0.247,1.010,1.286,-2.747,-62.589,Yaw
0.235,0.119,1.019,0.464,-2.686,52.299,Yaw
0.430,0.279,-0.039,0.280,-3.132,196.901,Yaw
0.278,0.213,0.334,2.109,1.960,286.492,Yaw
0.031,0.298,0.501,0.411,-2.888,286.685,Yaw
0.008,0.396,0.620,0.700,-4.077,286.685,Yaw
-0.235,0.223,0.877,-14.009,-2.118,286.685,Yaw
-0.498,-0.044,0.813,2.704,-5.372,275.765,Yaw
-0.346,0.004,0.968,5.215,-4.847,111.501,Yaw
-0.331,-0.040,0.971,0.858,-3.570,38.062,Yaw
-0.452,0.227,0.978,-0.254,-3.019,-83.930,Yaw
-0.452,0.161,0.860,-0.333,-2.380,-280.709,Yaw
-0.306,0.023,0.500,-2.065,-3.491,-286.685,Yaw
-0.079,0.029,0.443,1.566,-2.275,-286.685,Yaw
0.253,-0.137,0.612,1.680,-1.942,-286.519,Yaw
0.484,-0.010,0.582,-0.009,-3.307,-276.902,Yaw
0.264,0.069,0.703,1.803,-2.310,-236.714,Yaw
0.115,0.195,0.733,-0.560,-2.301,-159.539,Yaw
0.168,0.331,1.018,0.840,-3.106,-31.413,Yaw
0.381,0.319,1.052,1.706,-2.275,126.324,Yaw
0.347,0.344,0.393,0.525,-3.045,272.055,Yaw
0.276,0.285,0.483,-0.901,-7.306,282.021,Yaw
0.100,0.306,0.275,0.683,-2.074,286.685,Yaw
-0.448,0.421,0.799,-2.599,-2.503,286.685,Yaw
-0.415,0.275,0.633,-5.591,-2.651,286.554,Yaw
-0.319,-0.136,0.996,0.525,-1.803,234.342,Yaw
-0.462,-0.031,1.010,2.152,-4.104,62.274,Yaw
-0.250,-0.167,1.058,0.919,-2.459,-25.944,Yaw
-0.366,0.068,0.915,0.849,-2.511,-109.970,Yaw
-0.407,0.164,0.811,1.942,-3.439,-264.967,Yaw
-0.253,0.156,0.164,0.096,-4.979,-286.685,Yaw
-0.191,0.279,0.348,3.447,-7.534,-286.685,Yaw
0.069,-0.096,0.302,0.805,-1.505,-286.685,Yaw
0.538,0.035,0.564,3.246,-7.271,-286.361,Yaw
0.194,0.268,0.626,0.184,-2.940,-230.571,Yaw
0.207,0.258,0.798,1.461,-3.824,-136.981,Yaw
0.155,0.234,1.045,0.779,-2.774,-19.591,Yaw
0.346,0.323,0.493,1.225,-3.027,141.969,Yaw
0.319,0.174,0.237,0.814,-3.491,282.503,Yaw
0.380,0.198,-0.032,2.476,1.050,286.685,Yaw
0.096,0.411,0.417,2.293,-8.470,286.379,Yaw
-0.340,0.171,0.415,1.146,-2.135,286.344,Yaw
-0.653,0.308,0.753,-0.980,-3.412,269.535,Yaw
-0.416,-0.046,0.955,3.579,-4.637,193.165,Yaw
-0.466,-0.104,1.081,1.356,-2.852,37.678,Yaw
-0.411,0.074,1.048,0.744,-2.940,-46.568,Yaw
-0.450,0.263,0.865,0.691,-2.818,-257.749,Yaw
-0.373,0.069,0.105,3.369,-1.067,-286.685,Yaw
-0.260,0.038,-0.008,-0.875,-3.509,-286.685,Yaw
0.213,0.026,0.453,1.549,-5.320,-286.685,Yaw
0.346,-0.015,0.626,1.837,-5.049,-286.685,Yaw
0.303,0.133,0.579,1.977,-2.931,-282.109,Yaw
0.084,0.292,0.547,0.822,-2.835,-187.994,Yaw
0.259,0.315,0.966,0.831,-2.389,-67.147,Yaw
0.322,0.241,1.076,0.166,-3.412,25.778,Yaw
0.384,0.313,0.327,-0.980,-1.566,206.220,Yaw
0.163,0.239,0.355,-1.015,5.110,286.676,Yaw
0.232,0.249,0.282,2.642,-3.579,260.356,Yaw
-0.082,0.290,0.275,-1.977,-4.769,285.084,Yaw
-0.370,0.312,0.895,-1.015,-3.176,277.821,Yaw
-0.332,0.043,0.818,-9.599,-4.944,256.121,Yaw
-0.495,-0.194,0.877,4.497,-4.629,126.376,Yaw
-0.424,-0.042,1.042,1.138,-3.631,20.353,Yaw
-0.405,0.292,0.961,0.368,-2.625,-155.242,Yaw
-0.385,0.280,0.297,0.796,-1.977,-285.040,Yaw
-0.404,-0.025,-0.023,2.957,-3.211,-286.659,Yaw
-0.115,-0.131,0.318,2.984,-0.455,-286.685,Yaw
0.479,0.064,0.563,-1.190,-2.223,-257.600,Yaw
0.241,0.122,0.226,1.803,-4.296,-192.553,Yaw
0.104,0.096,0.192,2.144,-3.342,-165.025,Yaw
0.076,0.217,0.634,0.892,-2.511,-109.086,Yaw
0.435,0.283,0.994,0.595,-2.476,26.670,Yaw
0.445,0.388,0.855,0.621,-2.870,242.025,Yaw
0.254,0.347,0.268,-1.339,-2.432,285.696,Yaw
0.254,0.294,0.044,-1.251,-0.805,286.685,Yaw
-0.078,0.387,0.596,3.736,-0.420,286.685,Yaw
-0.373,0.325,0.533,1.523,-4.646,286.685,Yaw
-0.308,0.001,0.701,0.236,-3.342,285.941,Yaw
-0.597,-0.081,0.897,1.286,-3.745,193.629,Yaw
-0.351,-0.047,1.011,0.464,-3.491,12.915,Yaw
-0.390,0.142,0.975,0.875,-2.415,-73.071,Yaw
-0.355,0.091,0.669,2.940,-1.715,-256.191,Yaw
-0.309,0.064,0.480,-2.572,0.586,-283.299,Yaw
-0.086,-0.005,0.391,3.325,-4.165,-270.585,Yaw
0.149,0.004,0.399,4.174,-5.399,-286.685,Yaw
0.357,0.015,0.485,-2.634,-0.971,-286.283,Yaw
0.129,-0.057,0.412,1.636,-1.102,-268.450,Yaw
0.080,0.170,0.560,0.892,-1.549,-144.515,Yaw
0.177,0.379,0.935,0.674,-2.765,-53.480,Yaw
0.126,0.340,0.956,0.892,-2.756,56.840,Yaw
0.227,0.319,0.504,0.595,-1.829,256.856,Yaw
0.275,0.115,0.396,2.100,-2.074,286.685,Yaw
0.343,0.244,0.224,1.409,0.350,286.685,Yaw
-0.039,0.501,0.318,0.901,-0.744,279.536,Yaw
-0.281,0.230,0.928,-14.735,-2.669,286.685,Yaw
-0.494,-0.067,0.965,-17.876,-4.637,280.578,Yaw
-0.670,-0.033,0.908,28.875,-4.769,100.739,Yaw
-0.333,0.090,0.996,1.295,-3.027,-46.576,Yaw
-0.348,0.138,0.667,1.829,-1.479,-239.383,Yaw
-0.372,0.038,0.151,1.977,-5.372,-282.818,Yaw
-0.143,-0.099,0.561,2.459,-0.341,-284.611,Yaw
0.154,-0.146,0.335,4.480,1.120,-285.766,Yaw
0.274,0.078,0.703,-3.106,-2.739,-263.305,Yaw
0.013,0.119,0.615,-0.333,-3.544,-224.158,Yaw
0.152,0.166,0.621,2.021,-3.010,-203.087,Yaw
0.267,0.199,0.992,0.280,-2.520,-75.854,Yaw
0.242,0.186,1.011,1.006,-2.537,10.631,Yaw
0.352,0.457,0.934,-0.184,-3.535,129.115,Yaw
0.148,0.261,0.579,0.123,-3.509,282.109,Yaw
0.271,0.155,0.544,3.360,-1.181,286.685,Yaw
0.128,0.232,-0.057,2.537,-4.970,285.941,Yaw
-0.188,0.222,0.679,0.630,-3.649,286.685,Yaw
-0.173,0.103,0.762,-10.001,1.234,286.440,Yaw
-0.635,0.214,0.897,-16.782,-4.532,213.062,Yaw
-0.814,0.066,0.784,19.128,-3.430,40.294,Yaw
-0.238,0.033,0.955,1.829,-3.640,-143.045,Yaw
-0.437,0.039,0.494,1.846,-3.763,-284.769,Yaw
-0.454,0.025,0.400,2.214,-4.384,-286.685,Yaw
-0.364,-0.160,0.510,-0.814,-3.815,-286.685,Yaw
0.369,0.025,0.501,-0.140,-1.566,-286.676,Yaw
0.496,0.208,0.619,0.123,-2.441,-259.656,Yaw
0.250,0.156,0.778,2.144,-2.704,-199.754,Yaw
0.084,0.179,0.394,1.724,-4.104,-103.959,Yaw
0.288,0.189,0.966,0.586,-2.791,31.684,Yaw
0.511,0.338,0.531,0.639,-2.826,228.121,Yaw
0.264,0.266,0.504,-0.709,-0.586,285.723,Yaw
0.183,0.402,0.486,3.815,-8.330,286.685,Yaw
-0.230,0.337,0.420,-0.096,-1.260,286.685,Yaw
-0.262,0.354,0.831,-17.395,-3.902,286.685,Yaw
-0.327,0.004,0.814,-33.005,-6.720,280.866,Yaw
-0.654,-0.089,0.807,42.088,-5.871,155.400,Yaw
-0.162,0.052,1.010,0.805,-3.255,-42.551,Yaw
-0.502,0.173,0.892,1.164,-1.418,-231.595,Yaw
-0.383,0.049,0.506,3.089,-4.235,-286.510,Yaw
-0.139,-0.153,0.351,-0.070,-1.794,-277.664,Yaw
0.148,-0.107,0.454,-0.350,-0.647,-286.685,Yaw
0.300,-0.070,0.539,2.082,-4.305,-282.319,Yaw
0.110,0.014,0.164,-1.059,-3.850,-269.815,Yaw
-0.003,0.063,0.366,0.621,-2.223,-205.048,Yaw
0.090,0.257,0.844,0.971,-3.588,-127.960,Yaw
0.369,0.310,0.965,1.610,-2.231,-40.565,Yaw
0.409,0.376,0.695,0.184,-3.027,193.550,Yaw
0.184,0.299,0.440,1.785,-4.060,286.685,Yaw
0.125,0.336,0.334,-1.278,-2.870,286.685,Yaw
0.123,0.381,0.270,2.179,-1.785,286.685,Yaw
-0.574,0.500,0.644,-5.932,0.192,286.685,Yaw
-0.551,-0.160,0.745,-4.349,-5.294,249.244,Yaw
-0.435,-0.180,0.794,3.544,-3.745,52.754,Yaw
-0.105,0.070,1.092,1.050,-3.596,-37.704,Yaw
-0.558,0.159,0.361,2.406,-3.439,-220.290,Yaw
-0.478,0.149,0.476,-2.406,-0.516,-286.685,Yaw
-0.201,0.006,0.399,3.649,-0.683,-286.685,Yaw
0.244,-0.228,0.610,0.376,0.709,-286.440,Yaw
0.365,0.089,0.525,-0.315,-2.257,-283.517,Yaw
0.193,0.065,0.772,1.846,-3.500,-257.670,Yaw
0.130,0.195,0.683,3.010,-4.839,-178.307,Yaw
0.276,0.289,0.840,0.525,-3.281,-51.616,Yaw
0.412,0.335,0.828,0.683,-3.570,150.544,Yaw
0.271,0.328,0.465,0.796,-3.719,285.932,Yaw
0.232,0.228,0.298,2.415,-1.409,286.685,Yaw
0.152,0.408,0.323,0.674,-1.601,286.685,Yaw
-0.103,0.363,0.387,-0.674,-1.138,286.685,Yaw
-0.495,0.346,0.651,2.564,-5.171,285.959,Yaw
-0.485,-0.037,0.599,0.525,-3.911,279.422,Yaw
-0.522,-0.006,0.999,1.619,-4.454,54.241,Yaw
-0.333,0.210,1.096,-0.333,-2.511,-86.074,Yaw
-0.378,0.180,0.877,2.922,-3.955,-220.867,Yaw
-0.444,0.147,0.565,1.312,-2.660,-286.650,Yaw
-0.218,0.221,0.253,2.590,-0.376,-286.685,Yaw
0.339,-0.172,0.399,0.516,-1.138,-286.685,Yaw
0.663,-0.054,0.470,1.278,-4.646,-286.685,Yaw
0.266,0.115,0.378,0.175,-4.602,-266.525,Yaw
0.102,0.233,0.869,0.096,-1.724,-168.551,Yaw
0.151,0.297,1.029,0.052,-3.045,-26.915,Yaw
0.412,0.355,0.971,1.164,-2.511,91.604,Yaw
0.234,0.246,0.309,3.141,-2.257,284.769,Yaw
0.249,0.197,0.312,2.450,-2.844,286.685,Yaw
0.186,0.402,0.352,0.858,0.735,286.685,Yaw
-0.319,0.436,0.905,-2.432,-3.544,286.685,Yaw
-0.562,0.139,0.800,-8.365,-1.855,286.633,Yaw
-0.548,-0.182,0.813,9.424,-4.287,251.143,Yaw
-0.388,-0.075,0.991,0.989,-3.736,104.615,Yaw
-0.294,-0.050,1.048,0.280,-2.459,-5.976,Yaw
-0.481,0.161,0.972,1.383,-3.159,-206.299,Yaw
-0.248,0.107,0.344,6.939,-2.940,-286.685,Yaw
-0.119,0.060,0.341,1.094,1.207,-286.685,Yaw
-0.062,0.109,0.393,-1.199,1.094,-286.685,Yaw
0.381,-0.007,0.404,0.700,-2.082,-286.134,Yaw
0.439,0.150,0.516,2.616,-0.656,-271.976,Yaw
0.194,0.280,0.518,2.818,-2.905,-178.176,Yaw
0.428,0.333,0.936,0.315,-2.940,9.240,Yaw
0.239,0.365,0.639,2.441,-4.585,194.451,Yaw
0.300,0.252,0.302,2.144,-7.341,285.967,Yaw
0.208,0.234,0.359,0.761,-0.928,286.685,Yaw
-0.039,0.439,0.572,-1.846,-4.673,286.685,Yaw
-0.414,0.316,0.836,-5.968,-1.487,286.685,Yaw
-0.316,0.193,1.005,-22.085,-4.419,283.220,Yaw
-0.671,-0.194,0.727,-12.530,-7.394,225.566,Yaw
-0.411,0.001,1.150,31.929,-4.148,42.289,Yaw
-0.443,0.220,0.923,4.926,-3.535,-74.270,Yaw
-0.249,0.135,0.816,1.312,-3.071,-228.699,Yaw
-0.200,0.026,0.444,0.455,1.592,-283.517,Yaw
-0.331,0.132,0.277,3.001,-1.523,-286.335,Yaw
-0.232,-0.022,0.305,3.736,-7.534,-286.685,Yaw
0.500,0.004,0.335,-3.675,0.219,-285.460,Yaw
0.405,0.230,0.427,3.273,0.044,-237.510,Yaw
0.205,0.151,0.601,0.683,-4.716,-139.904,Yaw
0.124,0.169,0.897,0.656,-2.809,-23.608,Yaw
0.125,0.151,1.025,0.079,-3.220,34.379,Yaw
0.240,0.210,0.597,0.770,-3.421,187.976,Yaw
0.322,0.246,0.493,2.441,-6.869,286.685,Yaw
0.444,0.137,0.450,-8.216,1.470,286.685,Yaw
-0.147,0.507,0.606,1.050,-3.273,286.685,Yaw
-0.271,0.308,0.830,-12.486,-3.649,257.145,Yaw
-0.396,-0.185,0.999,-1.085,-6.195,247.949,Yaw
-0.588,-0.195,0.857,8.199,-5.145,199.911,Yaw
-0.175,0.023,1.106,4.699,-3.824,11.935,Yaw
-0.578,0.271,0.881,0.499,-2.371,-128.363,Yaw
-0.368,0.266,0.348,0.560,-1.181,-286.685,Yaw
-0.343,0.244,0.410,1.549,-1.960,-286.685,Yaw
0.000,-0.094,0.434,-1.732,1.347,-286.685,Yaw
0.514,-0.097,0.592,-1.129,-3.290,-286.685,Yaw
0.482,0.077,0.590,0.577,-1.628,-264.626,Yaw
0.109,0.161,0.381,0.691,-2.975,-195.326,Yaw
0.180,0.289,0.965,-0.875,-0.726,-69.291,Yaw
0.511,0.306,0.796,0.525,-3.141,94.535,Yaw
0.406,0.287,0.516,0.166,-2.013,252.910,Yaw
0.314,0.337,0.268,0.096,-3.535,286.641,Yaw
-0.004,0.501,0.683,2.922,-2.118,286.685,Yaw
-0.205,0.371,0.654,-1.129,1.400,286.685,Yaw
-0.546,0.340,0.926,-4.620,-1.111,286.685,Yaw
-0.460,-0.122,0.886,1.514,-3.255,279.475,Yaw
-0.310,-0.077,0.963,0.018,-3.509,66.806,Yaw
-0.309,0.202,1.055,0.298,-2.082,-54.565,Yaw
-0.159,0.218,0.831,1.995,-2.896,-206.159,Yaw
-0.390,0.035,-0.069,0.577,-3.841,-284.611,Yaw
-0.066,-0.070,0.526,-1.995,-8.251,-283.902,Yaw
-0.126,-0.025,0.309,-0.700,-2.537,-286.685,Yaw
0.161,-0.057,0.318,1.916,-2.599,-286.685,Yaw
0.525,-0.016,0.544,-1.015,-4.629,-286.685,Yaw
0.195,0.180,0.515,1.566,-1.540,-200.664,Yaw
0.118,0.255,0.851,1.785,-3.929,-96.145,Yaw
0.258,0.322,1.016,0.892,-2.984,45.089,Yaw
0.325,0.257,0.682,0.298,-4.637,232.339,Yaw
0.267,0.309,0.329,3.797,-1.076,286.685,Yaw
0.053,0.284,0.131,0.464,0.052,286.685,Yaw
-0.189,0.395,0.755,-2.056,-2.537,274.024,Yaw
-0.409,0.121,0.894,-17.710,-5.539,274.899,Yaw
-0.400,-0.039,0.920,-10.903,-7.656,239.312,Yaw
-0.318,-0.031,0.957,8.846,-5.372,155.715,Yaw
-0.405,-0.064,0.952,12.512,-2.459,7.420,Yaw
-0.291,-0.088,0.998,2.625,-2.826,-86.397,Yaw
-0.386,-0.175,0.913,0.998,-2.572,-204.645,Yaw
-0.392,0.029,0.527,-0.219,-2.118,-282.476,Yaw
-0.050,0.168,0.442,2.957,-4.392,-286.685,Yaw
-0.359,0.173,0.403,2.651,-4.454,-286.685,Yaw
0.153,0.031,0.547,-1.278,-1.628,-286.685,Yaw
0.371,0.170,0.663,3.342,-3.727,-266.350,Yaw
0.239,0.521,0.404,0.359,-2.380,-171.990,Yaw
0.313,0.241,1.002,0.621,-2.905,-7.105,Yaw
0.395,0.129,0.827,0.228,-2.713,135.485,Yaw
0.173,0.197,0.248,-1.067,-2.144,273.945,Yaw
0.265,0.338,0.163,5.407,0.035,286.484,Yaw
0.129,0.341,0.413,2.922,1.566,286.457,Yaw
-0.206,0.268,0.381,-0.543,-4.769,286.685,Yaw
-0.564,0.206,0.803,3.999,-6.554,286.685,Yaw
-0.476,-0.237,0.784,3.754,-4.725,207.016,Yaw
-0.497,-0.124,1.038,1.024,-3.325,11.358,Yaw
-0.464,0.108,0.930,0.822,-3.045,-79.581,Yaw
-0.286,0.293,0.724,0.665,-1.540,-273.105,Yaw
-0.293,0.237,0.590,-0.044,-4.471,-286.685,Yaw
-0.189,0.017,0.258,3.797,-8.908,-286.685,Yaw
0.455,-0.291,0.475,-0.840,-1.750,-286.685,Yaw
0.474,0.108,0.581,1.111,-2.616,-247.984,Yaw
0.100,0.183,0.635,0.210,-3.719,-168.586,Yaw
0.034,0.169,0.646,0.910,-2.537,-108.299,Yaw
0.138,0.234,0.988,0.262,-3.229,-13.370,Yaw
0.384,0.229,0.880,0.604,-3.220,78.444,Yaw
0.368,0.213,0.481,1.645,-4.410,266.534,Yaw
0.348,0.134,0.424,1.750,-3.876,286.685,Yaw
0.086,0.295,0.376,-1.872,-2.082,267.015,Yaw
-0.123,0.462,0.805,-1.942,-2.424,286.685,Yaw
-0.197,0.199,0.872,-18.147,-3.640,286.685,Yaw
-0.334,-0.079,0.745,-1.846,-6.414,286.685,Yaw
-0.587,0.147,1.080,22.881,-6.414,116.856,Yaw
-0.252,0.139,1.025,0.831,-2.529,-52.019,Yaw
-0.256,0.130,0.672,0.875,-2.249,-200.156,Yaw
-0.392,0.032,0.469,0.892,-1.067,-278.390,Yaw
-0.250,-0.008,0.345,0.219,-4.305,-286.685,Yaw
-0.128,-0.002,0.413,-1.094,0.149,-285.128,Yaw
0.152,-0.051,0.522,3.115,-1.426,-280.446,Yaw
0.320,-0.044,0.661,-0.569,0.245,-274.969,Yaw
0.329,0.131,0.467,0.385,-0.105,-175.166,Yaw
0.209,0.304,0.985,0.595,-1.575,-25.401,Yaw
0.366,0.176,0.978,0.490,-2.485,66.806,Yaw
0.357,0.308,0.416,1.549,-3.447,265.125,Yaw
0.328,0.309,0.614,-2.503,-3.701,286.685,Yaw
0.219,0.337,0.469,1.803,-2.581,286.685,Yaw
-0.235,0.363,0.488,-2.450,-1.234,286.685,Yaw
-0.305,0.315,0.338,-4.769,-2.205,277.979,Yaw
-0.323,-0.143,0.755,2.345,-5.906,222.023,Yaw
-0.413,-0.174,0.686,0.123,-3.316,60.182,Yaw
-0.450,-0.054,1.052,1.715,-3.010,-9.887,Yaw
-0.425,0.118,1.016,0.892,-2.371,-163.599,Yaw
-0.342,0.101,0.691,3.019,-2.791,-285.976,Yaw
-0.360,0.165,0.557,-1.269,-0.210,-286.676,Yaw
-0.129,0.003,0.538,2.844,-2.818,-286.685,Yaw
0.446,-0.022,0.494,4.926,-3.701,-286.685,Yaw
0.158,0.076,0.628,0.228,-1.654,-256.918,Yaw
0.054,0.059,0.636,1.339,-1.942,-242.366,Yaw
0.239,0.217,0.480,-0.044,-2.030,-148.190,Yaw
0.572,0.282,1.030,0.350,-2.686,34.178,Yaw
0.435,0.353,0.604,-0.394,-1.347,268.100,Yaw
0.328,0.421,0.573,0.534,-3.255,286.685,Yaw
0.236,0.370,0.332,-4.034,-3.456,286.685,Yaw
-0.197,0.378,0.440,1.383,-2.170,286.685,Yaw
-0.438,0.288,0.524,-0.254,0.586,286.230,Yaw
-0.564,0.025,0.958,0.971,-0.884,222.023,Yaw
-0.425,-0.055,0.967,0.910,-4.200,98.385,Yaw
-0.307,0.108,1.019,0.962,-2.957,-36.627,Yaw
-0.438,0.158,0.843,0.796,-2.739,-191.424,Yaw
-0.426,0.069,0.598,1.706,-0.438,-286.685,Yaw
-0.271,0.050,0.419,5.758,-1.768,-286.685,Yaw
0.050,0.010,0.332,-1.592,-2.713,-286.685,Yaw
0.305,0.046,0.505,0.079,-4.139,-286.685,Yaw
0.378,0.163,0.498,1.619,-0.962,-286.125,Yaw
0.171,0.097,0.475,0.534,-2.161,-228.909,Yaw
0.124,0.240,0.969,0.114,-3.290,-72.363,Yaw
0.327,0.287,0.937,0.788,-2.450,54.171,Yaw
0.414,0.394,0.794,0.516,-4.996,255.727,Yaw
0.265,0.243,0.554,1.138,-6.160,286.606,Yaw
0.319,0.223,0.562,0.709,-3.675,286.685,Yaw
-0.066,0.356,0.452,4.077,5.005,286.151,Yaw
-0.448,0.322,0.780,-0.683,-2.118,284.848,Yaw
-0.585,-0.028,0.718,0.481,-2.118,253.654,Yaw
-0.553,-0.095,0.885,0.980,-3.710,134.094,Yaw
-0.265,-0.098,1.052,1.138,-3.526,-8.155,Yaw
-0.368,0.343,0.880,1.724,-3.124,-211.365,Yaw
-0.488,0.328,0.237,0.936,-6.081,-286.685,Yaw
-0.290,0.160,-0.004,1.050,-4.944,-286.685,Yaw
0.308,-0.204,0.346,0.639,1.216,-286.685,Yaw
0.699,0.056,0.577,1.523,-5.049,-286.685,Yaw
0.450,0.033,0.326,-2.039,-0.175,-223.589,Yaw
-0.025,0.151,0.658,1.496,-3.806,-154.560,Yaw
0.320,0.293,1.019,0.507,-3.334,-30.319,Yaw
0.386,0.316,0.858,-0.184,-2.555,151.077,Yaw
0.224,0.246,0.348,0.691,-5.049,286.685,Yaw
0.145,0.249,0.385,1.654,-4.016,286.685,Yaw
0.074,0.181,0.354,-1.216,-0.123,286.685,Yaw
-0.273,0.399,0.644,-1.050,-1.566,286.685,Yaw
-0.255,0.343,0.776,-26.022,-3.509,286.685,Yaw
-0.437,0.070,0.822,-13.536,-6.475,247.791,Yaw
-0.548,0.034,0.879,25.279,-3.701,26.889,Yaw
-0.333,-0.029,0.797,1.724,-3.176,-99.610,Yaw
-0.360,0.076,0.769,1.732,-4.279,-206.334,Yaw
-0.338,0.121,0.428,-0.289,-1.768,-286.685,Yaw
-0.199,0.199,0.632,3.684,-6.414,-286.685,Yaw
-0.173,0.177,0.450,2.135,-2.485,-286.685,Yaw
0.585,-0.109,0.224,3.141,-2.826,-285.206,Yaw
0.498,0.096,0.482,-0.884,-2.669,-190.768,Yaw
0.105,0.145,0.640,0.621,-3.019,-119.604,Yaw
0.148,0.190,0.896,0.324,-2.975,4.699,Yaw
0.398,0.319,0.818,0.788,-3.727,116.637,Yaw
0.221,0.256,0.485,-0.411,0.499,268.940,Yaw
0.403,0.214,0.166,-3.763,-1.251,286.431,Yaw
0.160,0.296,0.307,-0.271,-2.896,286.685,Yaw
-0.295,0.390,0.889,-2.214,-5.819,286.685,Yaw
-0.447,0.252,0.819,-20.510,-5.119,280.245,Yaw
-0.645,-0.029,0.826,17.474,-4.156,170.424,Yaw
-0.322,-0.062,0.849,16.450,-4.034,3.535,Yaw
-0.448,0.050,1.062,-0.333,-2.835,-93.354,Yaw
-0.333,0.184,0.619,2.642,-4.716,-276.605,Yaw
-0.193,0.206,0.029,-0.219,-0.105,-286.685,Yaw
-0.237,0.216,0.251,3.307,-6.204,-286.685,Yaw
0.085,-0.319,0.263,1.934,-2.065,-286.685,Yaw
0.670,0.046,0.137,0.298,-3.553,-263.270,Yaw
0.324,0.213,0.551,0.858,-4.480,-208.784,Yaw
0.304,0.281,0.754,1.977,-3.395,-111.886,Yaw
0.281,0.217,0.988,0.639,-2.520,99.881,Yaw
0.275,0.283,0.601,1.050,-3.841,259.779,Yaw
0.228,0.263,0.081,2.380,0.735,281.934,Yaw
0.334,0.448,0.290,4.751,-4.401,285.932,Yaw
-0.319,0.389,0.928,-4.349,-3.176,286.685,Yaw
-0.526,0.283,0.667,-28.157,-4.961,286.685,Yaw
-0.613,-0.032,0.635,-7.262,-7.394,269.342,Yaw
-0.150,0.102,0.777,27.711,-4.716,55.554,Yaw
-0.361,0.175,1.063,1.487,-2.931,-85.024,Yaw
-0.307,0.267,0.827,2.485,-4.384,-273.770,Yaw
-0.287,0.073,0.492,0.420,-0.866,-285.163,Yaw
-0.225,0.107,0.475,-0.236,-1.339,-286.685,Yaw
0.023,-0.041,0.322,2.170,-5.950,-286.685,Yaw
0.650,-0.169,0.425,-2.109,-3.771,-285.294,Yaw
0.491,0.014,0.462,-1.146,-2.861,-245.087,Yaw
0.031,0.149,0.762,-0.385,-3.622,-175.744,Yaw
0.068,0.327,0.901,0.761,-2.940,-58.774,Yaw
0.336,0.236,1.026,0.954,-3.054,41.965,Yaw
0.342,0.217,0.520,0.009,-2.590,265.046,Yaw
0.325,0.158,0.227,1.033,0.525,286.685,Yaw
0.300,0.462,0.392,-0.157,-2.082,286.685,Yaw
-0.070,0.374,0.508,1.120,-3.797,286.685,Yaw
-0.518,0.405,0.725,-14.805,-4.804,285.355,Yaw
-0.672,0.064,0.849,1.759,-3.675,225.068,Yaw
-0.326,-0.059,1.108,14.892,-4.296,-4.620,Yaw
-0.349,0.005,0.925,-0.201,-2.957,-79.511,Yaw
-0.340,0.142,0.776,2.109,-2.844,-270.025,Yaw
-0.345,0.027,0.620,-1.102,-2.152,-286.685,Yaw
-0.263,0.072,0.062,-0.429,1.776,-286.685,Yaw
-0.027,-0.003,0.260,-1.505,-1.715,-286.685,Yaw
0.570,0.034,0.749,-0.752,-2.791,-274.348,Yaw
0.290,0.305,0.650,3.509,-5.425,-228.602,Yaw
0.187,0.315,0.815,0.429,-1.216,-139.755,Yaw
0.266,0.275,1.017,0.621,-2.783,12.110,Yaw
0.315,0.180,0.848,0.464,-3.544,224.166,Yaw
0.412,0.233,0.242,-4.568,3.316,286.685,Yaw
0.352,0.309,0.190,-3.386,0.035,286.685,Yaw
-0.013,0.440,0.494,-0.656,-1.925,286.685,Yaw
-0.564,0.410,0.830,-10.631,-5.416,286.685,Yaw
-0.657,0.103,0.543,-8.977,-8.120,277.427,Yaw
-0.569,-0.105,1.004,44.940,-4.900,140.490,Yaw
-0.213,-0.045,0.971,1.418,-2.721,-28.175,Yaw
-0.228,0.122,0.652,1.330,-1.190,-225.803,Yaw
-0.285,0.025,0.618,0.989,-0.481,-283.666,Yaw
-0.330,0.026,0.419,-0.744,-2.240,-286.685,Yaw
-0.204,0.130,0.462,5.705,-3.658,-286.685,Yaw
0.254,0.028,0.296,5.407,0.788,-286.685,Yaw
0.673,0.078,0.623,2.345,-0.560,-281.619,Yaw
0.337,0.054,0.736,1.592,-2.520,-196.569,Yaw
0.143,0.203,1.046,-0.236,-3.089,-38.010,Yaw
0.323,0.271,0.938,0.884,-2.467,79.476,Yaw
0.351,0.206,0.611,-0.018,-2.695,236.758,Yaw
0.359,0.242,0.301,1.312,-2.398,286.685,Yaw
0.239,0.269,0.617,-0.901,-3.658,286.685,Yaw
-0.416,0.518,0.671,-0.403,-2.800,286.326,Yaw
-0.565,0.408,0.983,-1.960,-0.884,285.469,Yaw
-0.400,-0.216,0.963,7.070,-4.139,170.651,Yaw
-0.368,-0.221,1.057,1.111,-2.441,25.279,Yaw
-0.145,0.024,1.035,0.735,-3.150,-30.100,Yaw
-0.433,0.064,0.951,1.776,-3.220,-116.821,Yaw
-0.368,0.105,0.467,2.082,-2.257,-277.524,Yaw
-0.259,0.249,0.192,5.128,-5.093,-286.414,Yaw
-0.175,0.180,0.588,-0.446,-3.194,-286.685,Yaw
0.408,-0.219,0.223,1.750,-1.697,-286.685,Yaw
0.465,0.279,0.620,-0.394,-2.144,-269.640,Yaw
0.251,0.308,0.733,1.190,-2.713,-147.201,Yaw
0.229,0.231,1.054,0.613,-3.132,-48.974,Yaw
0.374,0.282,0.897,0.954,-3.203,104.239,Yaw
0.319,0.255,0.440,3.824,-2.074,281.908,Yaw
0.403,0.246,0.252,-0.892,-0.333,286.685,Yaw
0.255,0.383,0.386,0.674,-1.155,286.685,Yaw
-0.420,0.442,0.893,-1.102,-1.356,286.685,Yaw
-0.671,0.163,0.855,1.470,-4.489,286.230,Yaw
-0.459,-0.203,0.740,-0.192,-3.106,134.514,Yaw
-0.344,-0.059,1.032,1.033,-3.456,7.262,Yaw
-0.445,0.170,0.577,2.555,-3.763,-184.240,Yaw
-0.429,0.119,0.397,-0.201,2.905,-286.685,Yaw
-0.274,0.098,0.499,3.771,-1.645,-286.685,Yaw
-0.231,-0.041,0.166,-1.312,-3.553,-277.506,Yaw
0.493,0.147,0.377,3.675,-5.189,-286.685,Yaw
0.274,0.094,0.321,0.306,-2.511,-283.745,Yaw
0.255,0.174,0.342,0.770,-3.439,-236.285,Yaw
0.331,0.278,0.892,1.269,-2.747,-38.736,Yaw
0.302,0.384,0.660,0.630,-3.229,154.744,Yaw
0.357,0.285,0.587,-0.350,-1.960,286.309,Yaw
0.327,0.237,0.637,2.354,0.228,286.685,Yaw
0.211,0.330,0.546,-3.019,-4.349,286.685,Yaw
-0.587,0.420,0.417,-5.189,-1.190,286.685,Yaw
-0.514,0.358,0.624,1.934,-3.124,285.014,Yaw
-0.334,-0.094,0.834,0.105,-2.467,215.679,Yaw
-0.492,-0.094,0.918,-0.052,-1.942,53.515,Yaw
-0.419,0.072,1.023,0.796,-2.747,-61.189,Yaw
-0.332,0.084,0.902,2.441,-2.310,-186.909,Yaw
-0.373,0.158,0.348,-1.234,-3.185,-286.554,Yaw
-0.381,0.237,0.334,0.840,0.429,-286.685,Yaw
0.133,-0.156,0.352,3.832,1.207,-286.685,Yaw
0.700,-0.153,0.475,-2.809,-0.166,-286.685,Yaw
0.412,0.195,0.708,0.018,-2.966,-249.305,Yaw
0.195,0.228,0.747,0.586,-3.386,-94.456,Yaw
0.203,0.379,1.024,1.102,-2.284,68.679,Yaw
0.398,0.279,0.337,0.298,-2.922,187.057,Yaw
0.381,0.454,0.404,0.656,-0.770,286.545,Yaw
0.349,0.357,0.321,-0.157,-3.885,286.685,Yaw
-0.127,0.581,0.580,-0.079,-2.152,286.685,Yaw
-0.569,0.520,0.889,-4.200,-4.699,285.609,Yaw
-0.637,0.000,0.758,9.818,-5.460,238.105,Yaw
-0.472,-0.330,1.020,1.216,-3.666,92.846,Yaw
-0.234,0.167,1.048,1.558,-3.307,-55.869,Yaw
-0.455,-0.029,0.792,0.674,-2.301,-228.139,Yaw
-0.432,0.057,0.354,1.400,0.770,-286.344,Yaw
-0.115,0.122,0.467,-2.511,3.447,-276.850,Yaw
0.072,0.139,0.291,-1.225,-0.350,-278.793,Yaw
0.341,0.053,0.614,0.621,-1.312,-286.685,Yaw
0.324,0.151,0.597,0.481,-1.278,-254.450,Yaw
0.351,0.247,0.889,0.919,-2.896,-104.921,Yaw
0.254,0.230,1.040,0.324,-2.747,13.834,Yaw
0.454,0.284,0.728,0.341,-2.791,233.258,Yaw
0.447,0.250,0.253,0.429,-2.362,286.685,Yaw
0.282,0.385,0.497,0.831,-4.410,286.685,Yaw
-0.123,0.535,0.272,-1.067,-1.033,286.685,Yaw
-0.525,0.313,0.604,-1.811,-4.445,286.492,Yaw
-0.605,-0.044,0.691,0.604,-4.550,191.100,Yaw
-0.634,-0.070,0.970,1.225,-4.226,117.609,Yaw
-0.314,0.202,1.016,0.280,-2.529,-38.141,Yaw
-0.454,0.188,0.781,1.041,-0.481,-269.614,Yaw
-0.383,0.149,0.230,1.085,-2.441,-286.685,Yaw
-0.193,0.007,0.192,1.024,-0.998,-286.685,Yaw
0.347,-0.091,0.374,-3.054,-1.908,-286.685,Yaw
0.192,0.073,0.450,0.262,-1.251,-285.381,Yaw
0.147,0.101,0.119,1.120,-0.717,-264.819,Yaw
0.253,0.174,0.452,1.750,-4.156,-174.195,Yaw
0.363,0.307,0.855,1.102,-3.115,-7.017,Yaw
0.303,0.362,0.562,1.251,-2.800,194.574,Yaw
0.336,0.315,0.216,0.980,-2.713,286.379,Yaw
0.564,0.317,0.285,-0.368,-2.214,286.685,Yaw
-0.014,0.462,0.397,-3.203,-0.228,286.685,Yaw
-0.710,0.367,0.550,-1.776,1.628,286.685,Yaw
-0.566,0.102,0.756,0.201,-3.526,279.212,Yaw
-0.760,-0.106,0.883,3.378,-4.165,86.380,Yaw
-0.425,0.258,1.004,0.962,-3.062,-68.302,Yaw
-0.467,0.235,0.555,1.584,-3.273,-260.199,Yaw
-0.434,0.142,0.539,0.998,-2.257,-286.685,Yaw
-0.182,-0.110,-0.070,2.686,-2.949,-286.685,Yaw
0.441,-0.073,0.638,1.295,0.254,-279.326,Yaw
0.435,0.025,0.577,-0.630,-3.789,-238.814,Yaw
0.266,0.108,0.421,-0.779,-3.229,-249.305,Yaw
0.107,0.133,0.512,1.094,-2.450,-156.196,Yaw
0.399,0.319,1.009,0.962,-3.281,1.776,Yaw
0.475,0.333,0.943,0.376,-2.118,208.766,Yaw
0.293,0.389,0.449,0.070,-0.341,282.126,Yaw
0.318,0.190,0.366,-3.727,-2.546,286.624,Yaw
0.022,0.381,0.436,-0.228,-1.680,286.685,Yaw
-0.469,0.530,0.566,-1.435,-1.330,286.685,Yaw
-0.502,0.208,0.701,0.035,-2.371,263.638,Yaw
-0.480,-0.109,0.946,1.199,-4.060,144.629,Yaw
-0.281,0.050,1.012,1.435,-3.229,-54.092,Yaw
-0.585,0.053,0.573,1.138,-2.205,-173.232,Yaw
-0.615,0.182,0.501,1.391,-2.678,-286.685,Yaw
-0.118,0.056,0.628,2.494,-1.925,-286.685,Yaw
0.282,-0.035,0.669,-0.989,-1.050,-286.685,Yaw
0.426,-0.096,0.351,1.225,-2.284,-286.318,Yaw
0.394,-0.007,0.458,2.056,-1.969,-222.714,Yaw
0.200,0.243,0.888,0.840,-2.809,-99.566,Yaw
0.310,0.343,0.985,0.525,-3.255,69.169,Yaw
0.523,0.252,0.675,0.840,-3.378,203.665,Yaw
0.290,0.273,0.500,1.207,-1.120,285.057,Yaw
0.232,0.445,0.263,-2.546,-2.879,247.441,Yaw
0.160,0.395,0.186,0.630,-0.359,230.020,Yaw
-0.586,0.532,0.636,-3.710,2.625,286.676,Yaw
-0.265,-0.042,0.832,0.744,-3.255,277.209,Yaw
-0.551,-0.092,0.944,0.490,-2.695,114.774,Yaw
-0.613,0.231,0.822,0.560,-2.494,-53.629,Yaw
-0.482,-0.067,0.670,2.704,-3.211,-249.077,Yaw
-0.481,-0.012,0.662,1.242,-5.057,-286.685,Yaw
-0.266,0.024,0.572,0.403,0.577,-286.685,Yaw
0.186,-0.016,0.406,-1.321,-2.494,-286.685,Yaw
0.438,-0.011,0.563,-0.359,-3.351,-286.685,Yaw
0.244,0.098,0.593,-1.356,-2.371,-248.649,Yaw
0.169,0.115,0.579,1.374,-3.640,-169.356,Yaw
0.157,0.174,0.788,0.980,-2.406,-87.561,Yaw
0.116,0.232,0.962,0.892,-2.940,55.571,Yaw
0.346,0.371,0.668,1.050,-2.642,248.596,Yaw
0.454,0.366,0.269,1.067,-2.756,286.685,Yaw
0.319,0.232,0.329,-4.218,-7.613,284.384,Yaw
0.046,0.490,0.205,0.105,0.534,285.836,Yaw
-0.622,0.521,0.557,-0.569,-4.235,278.451,Yaw
-0.697,0.177,0.683,-0.052,-2.678,211.050,Yaw
-0.448,-0.116,1.093,2.450,-5.285,55.947,Yaw
-0.393,0.132,1.028,1.899,-2.888,-122.815,Yaw
-0.528,0.224,0.573,1.995,-0.490,-286.685,Yaw
-0.336,0.094,0.213,3.841,-0.157,-286.685,Yaw
0.002,-0.172,0.139,-0.359,-1.242,-286.685,Yaw
0.461,-0.054,0.425,-0.298,-2.467,-286.685,Yaw
0.093,-0.054,0.506,0.350,-5.871,-254.415,Yaw
0.257,0.137,0.700,0.166,-0.271,-211.951,Yaw
0.335,0.216,0.933,0.481,-4.463,-70.315,Yaw
0.419,0.289,0.681,0.280,-2.065,135.669,Yaw
0.170,0.308,0.485,2.993,-5.355,277.953,Yaw
0.437,0.356,0.262,2.835,-2.572,286.685,Yaw
0.327,0.354,0.164,1.846,-0.569,286.685,Yaw
-0.359,0.415,0.258,-2.056,0.998,286.685,Yaw
-0.639,0.395,0.543,3.342,-8.461,281.951,Yaw
-0.641,-0.014,0.953,2.004,-3.981,178.885,Yaw
-0.031,0.129,1.013,0.831,-2.957,-38.281,Yaw
-0.301,0.258,0.878,1.995,-2.818,-241.290,Yaw
-0.377,0.066,0.566,1.592,-2.791,-275.914,Yaw
-0.299,0.018,0.287,0.420,-2.109,-286.659,Yaw
0.116,-0.092,0.511,2.100,-6.318,-286.685,Yaw
0.444,-0.095,0.483,1.759,-2.984,-285.364,Yaw
0.146,-0.121,0.611,1.776,-2.634,-261.223,Yaw
0.135,0.123,0.776,1.085,-1.942,-166.792,Yaw
0.350,0.311,0.688,0.936,-3.185,-30.056,Yaw
0.458,0.311,0.877,1.164,-2.984,108.465,Yaw
0.424,0.214,0.602,-0.175,-1.671,285.443,Yaw
0.199,0.363,0.123,-3.141,-2.616,286.685,Yaw
-0.065,0.472,0.142,-1.855,-0.858,286.685,Yaw
-0.301,0.427,0.670,1.680,-0.683,283.946,Yaw
-0.373,0.296,0.586,0.717,-4.830,248.386,Yaw
-0.386,-0.089,1.049,1.575,-3.885,141.470,Yaw
-0.592,0.009,1.052,0.814,-3.526,-86.249,Yaw
-0.571,0.028,0.715,0.613,-2.686,-214.970,Yaw
-0.441,0.002,0.495,1.864,-1.523,-286.685,Yaw
-0.266,0.038,0.492,-0.289,-4.568,-286.624,Yaw
0.218,-0.050,0.585,1.610,1.164,-286.685,Yaw
0.474,-0.019,0.455,-0.201,-2.021,-286.685,Yaw
0.244,-0.055,0.583,0.087,-1.173,-275.467,Yaw
-0.046,0.024,0.331,1.330,-1.033,-170.660,Yaw
0.151,0.130,0.914,0.192,-2.721,-110.749,Yaw
0.375,0.227,0.894,1.260,-3.106,64.785,Yaw
0.337,0.371,0.484,0.945,-2.695,247.704,Yaw
0.346,0.388,0.459,1.654,-3.832,285.976,Yaw
0.424,0.415,0.412,2.161,-0.884,285.915,Yaw
0.033,0.328,0.509,5.198,-2.476,286.685,Yaw
-0.778,0.350,0.308,-1.426,-1.076,286.685,Yaw
-0.528,0.216,0.656,0.446,-4.148,234.307,Yaw
-0.339,-0.126,0.849,0.569,-3.719,118.781,Yaw
-0.211,-0.005,1.014,1.129,-3.264,-72.012,Yaw
-0.504,-0.024,0.680,1.697,-2.783,-239.925,Yaw
-0.551,0.117,0.646,1.452,-4.323,-285.600,Yaw
-0.362,0.271,0.398,1.374,-2.511,-286.685,Yaw
0.105,0.003,0.681,0.341,-0.061,-286.685,Yaw
0.318,0.013,0.412,-0.735,0.770,-285.119,Yaw
0.403,0.200,0.377,-0.700,-1.234,-259.341,Yaw
0.459,0.272,0.944,0.901,-2.362,-128.144,Yaw
0.182,0.199,1.035,1.190,-3.264,74.804,Yaw
0.249,0.285,0.441,-0.717,-3.797,250.197,Yaw
0.217,0.275,0.348,1.794,-8.356,286.685,Yaw
0.540,0.375,0.460,2.747,-0.814,286.239,Yaw
0.145,0.397,0.308,-4.629,2.616,286.685,Yaw
-0.545,0.350,0.329,-2.572,-0.700,286.598,Yaw
-0.554,0.159,0.485,0.683,-1.689,284.629,Yaw
-0.586,-0.007,0.916,1.076,-3.404,130.952,Yaw
-0.196,-0.004,0.995,1.426,-3.054,-33.285,Yaw
-0.488,0.219,0.936,2.013,-2.642,-170.607,Yaw
-0.522,0.468,0.503,-1.566,-1.015,-286.685,Yaw
-0.262,0.147,0.254,0.761,-0.595,-285.793,Yaw
0.602,-0.109,0.668,2.056,-2.398,-286.685,Yaw
0.516,-0.218,0.450,-0.770,-3.885,-282.117,Yaw
0.313,0.341,0.550,1.540,-1.977,-224.175,Yaw
0.199,0.123,0.948,0.822,-2.389,-83.379,Yaw
0.374,0.161,0.856,1.111,-3.378,90.423,Yaw
0.323,0.301,0.678,0.228,-2.188,228.550,Yaw
0.458,0.317,0.323,1.592,-6.221,286.685,Yaw
0.241,0.472,0.475,7.508,-0.420,286.685,Yaw
-0.162,0.515,0.450,-2.835,-1.575,286.685,Yaw
-0.627,0.306,0.770,-0.403,-4.218,266.866,Yaw
-0.231,0.068,0.833,1.960,-3.159,230.729,Yaw
-0.427,-0.074,0.985,1.278,-3.806,105.192,Yaw
-0.281,-0.090,1.056,0.980,-3.098,-11.541,Yaw
-0.466,0.238,0.738,0.376,-1.759,-218.803,Yaw
-0.538,0.289,0.610,3.859,-3.054,-286.685,Yaw
-0.266,0.158,0.099,-1.085,-2.993,-286.685,Yaw
0.349,-0.257,0.532,1.234,-4.182,-286.685,Yaw
0.559,-0.064,0.729,1.558,0.604,-270.629,Yaw
0.172,0.194,0.780,0.359,-3.395,-219.319,Yaw
0.238,0.261,0.884,1.811,-3.150,-92.540,Yaw
0.418,0.180,1.019,0.577,-2.651,34.965,Yaw
0.206,0.298,0.784,0.446,-3.474,252.691,Yaw
0.444,0.332,0.437,-1.575,4.095,286.633,Yaw
0.594,0.273,0.251,-0.683,-1.820,286.676,Yaw
-0.174,0.341,0.375,-1.925,-0.779,286.685,Yaw
-0.590,0.293,0.688,0.998,-2.791,283.307,Yaw
-0.247,0.090,0.441,1.452,-4.900,251.247,Yaw
-0.568,0.015,0.966,-0.429,-2.319,81.751,Yaw
-0.253,0.198,0.999,0.516,-3.150,-30.310,Yaw
-0.381,0.128,0.773,-0.079,-2.406,-233.625,Yaw
-0.363,0.013,0.601,0.245,-1.111,-286.685,Yaw
-0.377,0.074,0.450,2.818,-2.861,-284.331,Yaw
-0.218,0.200,0.177,3.430,-2.791,-275.056,Yaw
0.521,-0.024,0.504,0.647,-4.856,-286.685,Yaw
0.484,0.069,0.355,1.015,-4.427,-276.710,Yaw
0.152,0.123,0.399,1.785,-4.734,-197.697,Yaw
0.243,0.306,0.993,0.289,-2.406,-64.802,Yaw
0.349,0.219,0.814,0.551,-2.144,129.701,Yaw
0.232,0.301,0.293,-0.683,0.560,279.125,Yaw
0.532,0.356,0.155,0.560,-2.625,285.215,Yaw
0.266,0.328,0.260,3.264,-3.841,286.536,Yaw
-0.518,0.546,0.382,1.181,-0.219,283.797,Yaw
-0.541,0.437,0.741,1.654,-1.286,284.025,Yaw
-0.511,-0.161,0.697,3.299,-4.734,264.959,Yaw
-0.481,0.056,1.050,-0.044,-2.642,58.432,Yaw
-0.370,-0.016,0.980,1.890,-2.870,-117.329,Yaw
-0.528,0.041,0.721,1.138,-3.132,-236.066,Yaw
-0.534,0.144,0.603,2.503,-2.739,-286.685,Yaw
-0.142,0.001,0.327,4.629,0.683,-286.685,Yaw
0.216,-0.239,0.506,0.814,-3.614,-286.685,Yaw
0.300,-0.184,0.595,-0.866,-5.784,-286.685,Yaw
0.264,0.266,0.471,3.946,-7.052,-275.888,Yaw
0.131,0.410,0.649,0.989,-1.610,-139.195,Yaw
0.263,0.427,0.911,0.621,-2.642,10.369,Yaw
0.405,0.322,0.999,0.079,-2.354,107.275,Yaw
0.366,0.426,0.537,1.181,-3.132,283.605,Yaw
0.344,0.502,0.173,-0.184,-5.810,286.685,Yaw
0.387,0.413,0.282,-4.261,-2.188,280.910,Yaw
-0.240,0.363,0.388,3.911,4.463,285.915,Yaw
-0.726,0.232,0.578,1.890,-1.689,286.650,Yaw
-0.643,-0.057,0.616,-1.041,-2.896,219.914,Yaw
-0.500,-0.139,0.972,0.919,-3.273,76.991,Yaw
-0.454,0.096,1.033,0.507,-3.010,-45.377,Yaw
-0.505,0.507,0.443,1.409,-1.391,-284.742,Yaw
-0.334,0.220,0.398,-1.138,-4.095,-286.685,Yaw
-0.336,0.079,0.511,-2.503,-1.628,-286.685,Yaw
0.531,-0.230,0.297,0.954,-3.710,-286.685,Yaw
0.351,0.118,0.268,1.199,-4.253,-259.744,Yaw
0.140,0.278,0.491,0.350,-1.400,-238.333,Yaw
0.116,0.240,0.478,1.050,-3.859,-145.583,Yaw
0.527,0.286,1.012,0.831,-3.027,50.496,Yaw
0.370,0.399,0.367,-0.717,-1.566,266.674,Yaw
0.346,0.339,0.348,0.210,3.194,286.685,Yaw
0.326,0.356,0.656,0.674,7.499,286.685,Yaw
-0.084,0.457,0.386,0.201,-5.101,286.685,Yaw
-0.673,0.327,0.520,0.131,3.955,284.427,Yaw
-0.452,-0.103,0.750,0.665,-2.266,248.238,Yaw
-0.473,-0.216,0.953,1.671,-3.465,188.291,Yaw
-0.280,-0.014,1.023,0.752,-2.441,9.485,Yaw
-0.605,0.268,0.671,1.645,-2.704,-195.326,Yaw
-0.400,0.205,0.490,2.406,-3.019,-286.659,Yaw
-0.185,0.280,0.406,-1.663,-3.036,-286.685,Yaw
0.087,-0.110,0.318,0.901,1.067,-286.685,Yaw
0.413,-0.141,0.672,0.954,-3.701,-279.160,Yaw
0.306,0.123,0.580,0.551,-3.203,-268.284,Yaw
0.188,0.198,0.512,0.324,-2.826,-166.898,Yaw
0.314,0.247,1.006,0.875,-2.651,-44.153,Yaw
0.371,0.262,0.918,1.111,-2.984,133.236,Yaw
0.365,0.398,0.458,1.216,-1.251,247.363,Yaw
0.434,0.432,-0.015,0.184,-2.091,286.685,Yaw
0.236,0.480,0.490,1.365,1.120,286.685,Yaw
-0.146,0.507,0.416,-4.620,-1.794,286.685,Yaw
-0.452,0.402,0.289,-0.123,-4.839,286.685,Yaw
-0.693,-0.069,0.695,2.100,-1.803,246.137,Yaw
-0.523,0.020,0.928,1.164,-3.351,-20.370,Yaw
-0.500,-0.151,0.856,0.831,-3.115,-151.856,Yaw
-0.559,0.229,0.596,2.091,-3.430,-283.299,Yaw
-0.367,0.162,0.306,0.577,-0.717,-286.685,Yaw
-0.084,-0.163,0.621,0.289,-6.029,-286.685,Yaw
0.450,-0.043,0.159,2.205,-3.614,-286.641,Yaw
0.189,0.050,0.639,1.067,-2.398,-247.336,Yaw
0.282,0.333,0.780,0.464,-2.529,-183.846,Yaw
0.542,0.382,0.710,0.928,-2.713,41.125,Yaw
0.352,0.380,0.813,1.435,-2.888,207.340,Yaw
0.484,0.362,0.356,-0.044,-2.809,286.685,Yaw
0.320,0.600,0.423,-1.916,2.328,286.685,Yaw
-0.060,0.661,0.412,-1.890,-0.140,286.685,Yaw
-0.846,0.382,0.439,0.359,-1.278,286.659,Yaw
-0.336,-0.119,0.535,0.438,-1.689,226.572,Yaw
-0.436,-0.201,1.141,1.242,-3.859,95.393,Yaw
-0.235,0.033,1.068,1.190,-3.439,-2.616,Yaw
-0.588,0.066,0.749,0.656,-2.511,-230.475,Yaw
-0.485,0.279,0.535,2.678,-1.505,-286.685,Yaw
-0.148,0.110,0.353,-0.507,-0.438,-286.685,Yaw
0.294,-0.081,0.519,0.350,-4.235,-286.685,Yaw
0.415,-0.004,0.436,0.026,-4.961,-286.431,Yaw
0.217,0.216,0.579,2.616,-1.759,-224.796,Yaw
0.225,0.270,0.602,1.260,-2.747,-79.380,Yaw
0.576,0.180,0.933,0.849,-2.931,105.963,Yaw
0.277,0.462,0.312,-2.441,-0.831,279.956,Yaw
0.519,0.381,0.272,-1.951,0.831,281.628,Yaw
0.438,0.534,0.408,1.347,1.347,286.685,Yaw
-0.289,0.479,0.443,-3.062,0.394,286.685,Yaw
-0.681,0.358,0.443,1.129,-0.971,274.269,Yaw
-0.351,-0.144,0.645,0.884,-4.734,187.749,Yaw
-0.449,-0.071,0.864,0.954,-3.579,80.815,Yaw
-0.445,-0.053,1.030,1.365,-3.106,-84.691,Yaw
-0.607,0.200,0.631,0.543,-2.914,-263.427,Yaw
-0.433,0.477,0.598,-0.420,-1.951,-286.685,Yaw
-0.342,0.436,0.235,0.315,0.577,-286.685,Yaw
0.532,-0.289,0.383,3.255,-5.819,-285.399,Yaw
0.525,0.016,0.689,1.216,-3.281,-245.385,Yaw
0.203,0.253,0.844,0.123,-3.404,-174.702,Yaw
0.238,0.260,0.894,1.732,-3.553,-100.397,Yaw
0.360,0.158,0.842,1.067,-3.010,77.507,Yaw
0.426,0.291,0.110,-0.525,-1.899,284.104,Yaw
0.547,0.476,0.221,1.811,1.129,286.685,Yaw
0.389,0.493,0.445,-0.936,0.052,286.685,Yaw
-0.436,0.656,0.353,-5.005,0.788,286.685,Yaw
-0.726,0.209,0.863,2.135,-5.758,286.510,Yaw
-0.271,0.080,0.823,3.342,-5.889,244.878,Yaw
-0.304,-0.196,0.976,-0.788,-3.299,101.395,Yaw
-0.431,0.108,0.985,0.368,-2.809,-82.478,Yaw
-0.512,0.076,0.979,2.196,-4.156,-261.179,Yaw
-0.501,0.048,0.270,2.678,-3.001,-286.685,Yaw
-0.208,0.173,0.477,0.875,-2.109,-285.565,Yaw
0.043,0.021,0.380,-3.500,-2.021,-281.916,Yaw
0.289,-0.022,0.790,-0.271,-3.693,-236.408,Yaw
0.433,0.068,0.709,1.199,-3.176,-233.975,Yaw
0.364,0.211,0.732,1.365,-2.783,-135.783,Yaw
0.408,0.103,0.818,0.175,-3.561,87.062,Yaw
0.322,0.440,0.712,0.822,-1.496,223.921,Yaw
0.393,0.321,0.489,5.600,-3.141,286.685,Yaw
0.419,0.539,0.166,0.000,1.452,286.685,Yaw
-0.242,0.644,0.295,-1.286,-2.354,286.685,Yaw
-0.687,0.449,0.326,-2.284,-1.505,283.964,Yaw
-0.559,-0.059,0.673,2.441,-3.500,228.471,Yaw
-0.471,-0.227,1.072,0.901,-2.966,57.199,Yaw
-0.424,0.066,0.946,0.849,-2.537,-86.783,Yaw
-0.426,0.199,1.013,2.485,-1.785,-228.550,Yaw
-0.358,0.313,0.243,-1.260,-0.534,-286.659,Yaw
-0.210,0.147,0.042,5.801,5.749,-286.685,Yaw
0.242,-0.248,0.594,-2.651,3.019,-286.685,Yaw
0.486,-0.094,0.210,1.461,-3.211,-286.685,Yaw
0.330,0.309,0.521,0.586,-0.280,-242.900,Yaw
0.279,0.270,0.783,0.770,-3.246,-70.332,Yaw
0.443,0.298,1.044,0.018,-3.010,74.253,Yaw
0.342,0.280,0.513,0.919,-3.710,274.715,Yaw
0.333,0.300,0.274,5.819,-7.096,286.353,Yaw
0.355,0.545,0.572,2.476,1.391,276.386,Yaw
0.048,0.516,0.215,-1.969,-3.885,282.949,Yaw
-0.755,0.352,0.603,1.050,-2.004,283.395,Yaw
-0.345,-0.110,0.628,0.052,-1.173,233.739,Yaw
-0.577,-0.008,1.036,0.683,-2.844,79.485,Yaw
-0.400,0.278,0.993,0.464,-2.713,-14.481,Yaw
-0.275,0.249,0.538,0.954,-2.914,-274.698,Yaw
-0.410,0.269,0.139,4.681,-6.685,-286.685,Yaw
-0.187,0.053,0.430,0.184,2.118,-286.685,Yaw
0.311,-0.189,0.170,-0.018,2.800,-286.685,Yaw
0.286,0.046,0.592,0.639,-5.827,-259.709,Yaw
0.317,0.213,0.758,0.709,-2.747,-201.040,Yaw
0.338,0.273,0.483,-0.219,-3.220,-138.548,Yaw
0.291,0.279,0.982,0.910,-2.826,43.934,Yaw
0.291,0.279,0.430,0.621,-1.881,246.523,Yaw
0.302,0.268,0.027,-3.264,-6.589,286.685,Yaw
0.309,0.281,0.182,0.157,-4.847,286.685,Yaw
0.098,0.418,0.430,0.674,-2.852,286.685,Yaw
-0.709,0.425,0.591,-0.271,-5.617,286.580,Yaw
-0.415,0.006,0.836,1.558,-5.591,233.494,Yaw
-0.420,-0.189,1.046,1.024,-3.588,113.496,Yaw
-0.230,0.010,0.996,0.446,-1.768,-13.239,Yaw
-0.408,0.225,0.510,1.146,-3.124,-233.721,Yaw
-0.531,0.346,0.548,3.176,-4.156,-286.685,Yaw
-0.286,0.200,0.400,3.246,-4.506,-286.685,Yaw
0.191,-0.053,0.523,0.866,-1.995,-286.685,Yaw
0.588,-0.041,0.357,-2.922,0.096,-265.633,Yaw
0.505,0.140,0.392,3.894,-5.372,-255.701,Yaw
0.146,0.222,0.767,0.604,-2.161,-131.696,Yaw
0.174,0.297,0.957,0.980,-3.089,47.119,Yaw
0.321,0.306,0.475,1.164,-4.086,205.739,Yaw
0.249,0.267,0.437,1.260,-4.139,286.405,Yaw
0.426,0.333,0.158,4.611,-0.507,286.685,Yaw
0.165,0.275,0.404,-1.321,2.231,286.685,Yaw
-0.678,0.447,0.502,2.398,-4.786,286.685,Yaw
-0.542,0.257,0.578,-1.680,-3.246,285.880,Yaw
-0.260,-0.055,0.878,1.566,-4.471,214.244,Yaw
-0.413,-0.189,0.986,-0.534,-2.730,33.180,Yaw
-0.534,0.167,0.975,0.595,-2.783,-125.081,Yaw
-0.412,0.218,0.635,0.577,-1.129,-283.815,Yaw
-0.345,0.324,0.614,-2.082,2.021,-286.685,Yaw
-0.081,0.014,0.426,0.315,-3.019,-286.650,Yaw
0.420,-0.353,0.551,2.625,-4.121,-286.685,Yaw
0.403,0.029,0.448,-2.966,-2.249,-276.938,Yaw
0.305,0.189,0.742,0.438,-1.645,-223.256,Yaw
0.184,0.272,0.950,-0.989,-2.389,-51.651,Yaw
0.260,0.278,0.989,1.278,-2.940,102.349,Yaw
0.306,0.239,0.426,0.219,-3.001,277.112,Yaw
0.281,0.340,0.344,-1.076,-2.896,286.685,Yaw
0.374,0.390,0.242,1.715,-1.059,286.685,Yaw
-0.049,0.442,0.518,4.314,-2.196,286.685,Yaw
-0.789,0.536,0.615,2.993,-1.768,286.527,Yaw
-0.473,-0.096,0.722,1.356,-2.144,204.435,Yaw
-0.406,-0.280,0.966,0.096,-2.765,39.760,Yaw
-0.188,-0.042,1.062,0.998,-3.474,-33.653,Yaw
-0.369,0.170,0.779,0.184,-2.564,-226.292,Yaw
-0.341,0.152,0.268,1.592,-3.500,-286.685,Yaw
-0.278,0.115,0.296,1.129,0.262,-286.685,Yaw
0.056,-0.041,0.193,-0.114,0.936,-286.685,Yaw
0.374,0.017,0.735,-0.928,3.789,-281.426,Yaw
0.335,0.222,0.622,-1.435,-4.139,-261.721,Yaw
0.247,0.152,0.577,-1.173,-1.540,-193.751,Yaw
0.107,0.273,1.059,1.199,-3.027,-14.464,Yaw
0.241,0.240,0.777,0.840,-2.572,150.115,Yaw
0.296,0.304,0.490,0.105,-0.788,286.414,Yaw
0.259,0.208,0.245,0.962,1.803,286.685,Yaw
0.205,0.469,0.489,1.531,-0.744,286.685,Yaw
-0.607,0.501,0.613,-1.575,-2.004,286.685,Yaw
-0.388,0.063,0.578,-1.278,-5.136,271.924,Yaw
-0.335,-0.175,0.728,0.192,-2.739,229.530,Yaw
-0.628,-0.081,1.036,1.977,-4.156,74.743,Yaw
-0.557,0.053,0.998,0.560,-2.354,-36.934,Yaw
-0.397,0.253,0.836,2.345,-3.036,-212.004,Yaw
-0.326,0.284,0.355,2.555,-1.811,-286.685,Yaw
-0.287,0.369,0.313,2.669,0.026,-285.040,Yaw
0.300,-0.119,0.522,2.826,4.148,-286.685,Yaw
0.726,-0.289,0.111,0.858,3.255,-256.139,Yaw
0.452,0.083,0.635,-0.262,-4.279,-195.571,Yaw
-0.024,0.282,0.745,0.324,-3.579,-106.234,Yaw
-0.079,0.400,1.046,1.558,-2.537,2.021,Yaw
0.278,0.217,1.025,0.394,-3.588,67.559,Yaw
0.292,0.252,0.134,1.155,-3.273,281.155,Yaw
0.481,0.251,0.485,0.717,-1.383,286.685,Yaw
0.392,0.276,0.432,2.931,1.321,286.685,Yaw
-0.327,0.538,0.422,-2.774,-0.350,286.519,Yaw
-0.316,0.372,0.693,-1.496,-4.988,280.350,Yaw
-0.597,0.157,0.374,1.549,-2.993,222.241,Yaw
-0.532,0.073,0.855,0.691,-3.553,59.999,Yaw
-0.294,-0.314,0.753,0.656,-2.888,-94.938,Yaw
-0.516,-0.084,0.715,1.400,-1.846,-179.428,Yaw
-0.378,0.158,0.439,1.619,-3.955,-286.484,Yaw
-0.244,0.299,0.346,-0.971,-2.021,-286.685,Yaw
-0.079,0.226,0.182,1.540,2.993,-286.685,Yaw
0.443,-0.167,0.383,-0.665,-3.483,-286.685,Yaw
0.542,0.032,0.560,0.210,-3.622,-256.646,Yaw
0.243,0.433,0.785,0.385,-2.844,-174.589,Yaw
0.108,0.365,1.031,1.680,-2.406,-4.979,Yaw
0.388,0.141,0.705,0.254,-3.316,183.680,Yaw
0.227,0.197,0.513,0.840,-2.371,286.685,Yaw
0.358,0.260,0.493,0.551,-6.633,286.685,Yaw
0.398,0.465,0.183,0.980,2.100,286.685,Yaw
-0.610,0.485,0.559,0.490,-2.704,286.685,Yaw
-0.575,0.100,0.562,0.368,-4.366,286.151,Yaw
-0.509,-0.247,0.791,1.409,-4.043,150.264,Yaw
-0.219,0.137,1.034,0.822,-2.826,24.955,Yaw
-0.568,0.153,1.024,1.234,-2.275,-84.954,Yaw
-0.332,0.148,0.639,1.899,-5.372,-251.527,Yaw
-0.354,0.129,0.288,2.739,-3.334,-286.685,Yaw
-0.422,0.352,0.491,-2.564,-0.359,-286.685,Yaw
-0.190,0.174,0.346,0.709,2.284,-286.685,Yaw
0.438,0.013,0.766,3.517,3.465,-286.633,Yaw
0.446,0.236,0.646,-0.647,-2.975,-259.805,Yaw
0.388,0.329,1.020,1.470,-2.616,-86.406,Yaw
0.267,0.325,1.036,1.207,-2.730,112.140,Yaw
0.173,0.262,0.617,-0.359,-0.700,244.773,Yaw
0.415,0.320,0.382,1.925,-0.105,285.679,Yaw
0.631,0.290,0.030,0.779,-2.074,286.615,Yaw
0.062,0.367,0.431,-4.830,-4.121,286.685,Yaw
-0.888,0.498,0.361,-0.840,-0.289,286.685,Yaw
-0.518,-0.027,0.828,0.665,-3.754,194.128,Yaw
-0.260,0.075,0.934,0.298,-2.608,-1.356,Yaw
-0.237,-0.043,0.994,0.079,-2.380,-76.213,Yaw
-0.469,-0.083,0.741,1.846,-3.237,-210.096,Yaw
-0.527,0.236,0.338,0.315,-4.847,-286.685,Yaw
-0.285,0.204,0.407,3.911,-4.253,-286.685,Yaw
-0.090,-0.016,-0.043,1.549,-3.920,-286.685,Yaw
0.429,-0.095,0.758,0.446,-4.060,-286.501,Yaw
0.334,0.237,0.640,2.467,-6.081,-244.746,Yaw
0.291,0.225,0.698,0.647,-5.495,-119.114,Yaw
0.289,0.242,0.877,0.954,-3.237,-23.441,Yaw
0.428,0.221,0.760,1.470,-3.946,160.160,Yaw
0.364,0.532,0.545,2.590,-3.824,286.064,Yaw
0.506,0.454,0.620,1.872,-8.908,283.981,Yaw
0.208,0.427,0.263,1.881,-0.018,281.234,Yaw
-0.687,0.346,0.695,-4.270,0.849,282.888,Yaw
-0.394,0.100,0.624,0.446,-2.765,273.849,Yaw
-0.486,0.040,0.933,-0.446,-2.572,224.333,Yaw
-0.379,0.062,1.071,1.155,-3.159,9.354,Yaw
-0.504,0.128,0.912,-0.271,-1.916,-129.990,Yaw
-0.447,0.162,0.626,4.891,-5.722,-286.685,Yaw
-0.277,0.148,0.497,2.914,-3.132,-286.685,Yaw
-0.160,0.030,0.493,3.019,-2.284,-286.685,Yaw
0.187,-0.068,0.191,-0.123,-3.561,-244.239,Yaw
0.478,-0.006,0.652,0.840,-5.399,-243.521,Yaw
0.336,0.150,0.357,-0.411,-2.616,-236.985,Yaw
0.248,0.171,0.782,0.928,-3.290,-84.665,Yaw
0.318,0.357,0.892,0.210,-3.780,97.230,Yaw
0.372,0.361,0.352,1.024,-3.132,241.290,Yaw
0.443,0.348,0.487,3.412,-0.114,285.810,Yaw
0.305,0.336,-0.012,0.621,2.476,286.685,Yaw
-0.364,0.519,0.242,-1.680,-2.380,286.685,Yaw
-0.432,0.296,0.703,-1.050,-2.704,286.685,Yaw
-0.539,0.053,0.922,0.665,-2.914,251.501,Yaw
-0.349,0.003,1.079,1.837,-3.894,37.721,Yaw
-0.196,-0.035,1.034,0.691,-2.922,-115.622,Yaw
-0.364,0.050,0.822,2.266,-3.150,-210.997,Yaw
-0.524,-0.000,0.477,1.487,-1.803,-284.576,Yaw
-0.290,0.185,0.287,-1.820,-1.750,-286.685,Yaw
-0.253,0.254,0.547,-0.149,-0.796,-286.685,Yaw
0.229,0.079,0.555,-0.770,-2.739,-286.685,Yaw
0.531,-0.182,0.785,1.697,-2.678,-283.754,Yaw
0.181,0.276,0.685,0.962,-2.966,-134.881,Yaw
0.085,0.440,0.783,0.298,-2.284,-54.381,Yaw
0.233,0.174,1.013,0.429,-3.325,40.276,Yaw
0.474,0.192,0.505,2.432,-5.198,260.496,Yaw
0.514,0.427,0.202,1.409,-3.614,286.685,Yaw
0.488,0.424,0.283,5.206,-1.794,286.685,Yaw
-0.032,0.574,0.493,2.520,0.087,286.633,Yaw
-0.739,0.583,0.836,-5.959,-1.794,286.685,Yaw
-0.727,0.148,0.814,6.860,-4.069,229.854,Yaw
-0.349,-0.206,1.042,3.649,-3.439,96.294,Yaw
-0.293,0.136,1.099,-0.079,-2.126,-19.539,Yaw
-0.348,0.198,0.678,1.689,-3.062,-251.956,Yaw
-0.394,0.073,0.436,3.159,-3.334,-286.685,Yaw
-0.381,0.128,0.085,-1.059,-2.949,-286.685,Yaw
0.123,-0.165,0.405,-3.027,-5.871,-286.685,Yaw
0.441,0.095,0.587,-0.175,-4.191,-286.239,Yaw
0.199,0.169,0.675,4.489,-3.264,-276.719,Yaw
0.371,0.102,0.566,0.901,-4.331,-191.835,Yaw
0.305,0.292,1.058,0.752,-2.730,4.244,Yaw
0.384,0.138,0.510,0.359,-0.849,237.545,Yaw
0.391,0.417,0.385,3.868,-2.310,286.685,Yaw
0.270,0.453,0.083,-2.284,-1.146,282.074,Yaw
0.090,0.467,0.389,1.347,-7.184,286.484,Yaw
-0.510,0.386,0.820,-6.554,-3.771,286.685,Yaw
-0.653,0.348,0.799,-20.125,-5.801,284.497,Yaw
-0.227,-0.084,0.960,26.075,-5.267,152.889,Yaw
-0.130,0.046,0.949,0.009,-3.981,22.103,Yaw
-0.229,-0.081,1.087,1.934,-2.634,-66.771,Yaw
-0.557,-0.020,0.865,0.717,-2.441,-241.894,Yaw
-0.232,0.005,0.276,2.424,-2.196,-286.038,Yaw
-0.186,0.245,0.438,6.466,-3.938,-286.685,Yaw
-0.092,-0.017,0.176,-3.045,0.315,-286.641,Yaw
0.577,-0.013,0.339,1.033,-3.483,-272.633,Yaw
0.189,0.088,0.411,0.980,-1.523,-243.092,Yaw
0.255,0.209,0.800,-0.271,-4.051,-142.572,Yaw
0.244,0.383,1.034,1.024,-2.441,-35.394,Yaw
0.381,0.336,0.965,0.394,-2.993,135.643,Yaw
0.341,0.241,0.542,0.717,-2.354,286.580,Yaw
0.305,0.148,0.560,0.236,-3.237,286.685,Yaw
0.399,0.368,0.448,3.203,-2.581,286.685,Yaw
-0.566,0.603,0.557,-1.820,0.000,286.414,Yaw
-0.655,0.134,0.713,-9.651,-6.423,257.381,Yaw
-0.541,-0.242,0.794,26.040,-5.206,139.256,Yaw
-0.053,0.006,1.047,0.936,-2.975,0.621,Yaw
-0.175,0.118,1.041,0.551,-2.616,-154.577,Yaw
-0.225,0.185,0.626,1.671,-2.511,-268.651,Yaw
-0.400,0.103,0.488,6.055,-4.742,-284.953,Yaw
-0.221,0.174,0.266,-6.064,-5.617,-286.685,Yaw
0.118,-0.102,0.195,3.150,2.056,-271.670,Yaw
0.277,-0.139,0.522,0.324,-4.148,-282.039,Yaw
0.319,0.104,0.664,1.418,-2.170,-231.613,Yaw
0.170,0.272,0.695,1.312,-1.986,-146.685,Yaw
0.455,0.275,1.079,0.595,-2.870,28.788,Yaw
0.317,0.214,0.709,1.304,-3.920,254.538,Yaw
0.389,0.334,0.352,-0.656,-2.223,286.685,Yaw
0.303,0.278,0.470,2.721,-0.788,286.685,Yaw
0.196,0.446,0.414,0.954,0.298,286.685,Yaw
-0.433,0.469,0.553,-2.223,0.840,285.609,Yaw
-0.688,0.122,0.785,-1.925,-4.480,244.291,Yaw
-0.348,-0.161,0.952,2.013,-4.366,135.345,Yaw
-0.138,-0.089,1.037,-0.525,-2.599,10.509,Yaw
-0.580,0.232,1.002,2.013,-2.800,-90.799,Yaw
-0.309,0.030,0.534,2.336,-1.225,-285.793,Yaw
-0.414,0.275,0.534,-1.225,-0.035,-286.685,Yaw
-0.217,0.290,0.480,2.642,-1.199,-286.685,Yaw
0.471,-0.128,0.553,-0.595,-2.555,-286.685,Yaw
0.495,0.058,0.528,0.271,-3.421,-278.399,Yaw
0.230,0.307,0.581,1.129,-2.686,-153.519,Yaw
0.194,0.262,0.948,1.356,-2.879,-7.315,Yaw
0.365,0.143,0.967,1.496,-2.572,103.740,Yaw
0.321,0.230,0.531,-0.577,-1.164,282.931,Yaw
0.508,0.203,0.145,-0.105,0.919,286.685,Yaw
0.607,0.245,0.269,0.796,-1.225,286.685,Yaw
-0.509,0.624,0.702,-1.872,1.794,286.685,Yaw
-0.674,0.320,0.811,-18.007,-6.843,253.024,Yaw
-0.277,0.031,0.780,16.686,-5.364,91.569,Yaw
-0.239,-0.168,1.052,1.120,-2.537,33.827,Yaw
-0.346,0.146,0.973,0.647,-3.264,-81.069,Yaw
-0.406,0.190,0.474,0.665,-3.150,-279.764,Yaw
-0.330,0.254,0.643,-0.919,0.333,-286.685,Yaw
-0.107,-0.024,0.278,0.123,-4.130,-286.685,Yaw
0.256,-0.176,0.473,-0.639,-1.076,-253.120,Yaw
0.255,0.051,0.742,0.464,-3.325,-258.615,Yaw
0.225,0.128,0.831,-0.070,-2.004,-247.398,Yaw
0.259,0.224,0.698,0.840,-3.483,-156.949,Yaw
0.158,0.213,1.009,1.015,-2.642,13.002,Yaw
0.349,0.095,0.612,-0.079,-2.922,194.827,Yaw
0.330,0.197,0.591,0.306,-3.596,286.309,Yaw
0.404,0.387,0.313,2.179,0.752,285.136,Yaw
0.315,0.434,0.455,-7.017,0.586,285.617,Yaw
-0.787,0.611,0.690,-0.236,-0.551,286.685,Yaw
-0.715,0.290,0.668,2.861,-6.169,285.451,Yaw
-0.453,-0.131,0.920,2.415,-4.077,145.792,Yaw
-0.227,0.062,1.026,0.472,-2.844,0.752,Yaw
-0.394,0.183,0.653,0.831,-2.572,-152.443,Yaw
-0.270,0.050,0.632,0.569,-1.776,-267.286,Yaw
-0.373,0.089,0.476,2.756,-4.445,-286.685,Yaw
-0.120,0.267,0.249,0.595,-3.579,-286.685,Yaw
0.231,0.011,0.412,-1.610,-3.491,-286.396,Yaw
0.436,-0.236,0.525,1.033,-1.671,-242.086,Yaw
0.341,-0.011,0.890,1.505,-2.669,-218.995,Yaw
0.222,0.245,0.850,0.420,-3.307,-51.634,Yaw
0.185,0.281,0.986,1.374,-3.010,49.385,Yaw
0.271,0.258,0.489,0.157,-2.520,188.055,Yaw
0.192,0.236,0.207,-0.884,-0.621,286.685,Yaw
0.351,0.349,0.571,5.302,-9.546,286.283,Yaw
0.013,0.401,0.627,-1.181,-0.805,286.685,Yaw
-0.324,0.356,0.594,0.070,-1.706,286.344,Yaw
-0.367,0.130,0.891,-0.350,-3.019,245.324,Yaw
-0.433,-0.046,0.955,1.820,-3.447,148.794,Yaw
-0.378,-0.150,1.015,-0.691,-2.467,70.516,Yaw
-0.348,0.103,1.001,0.814,-3.561,-67.629,Yaw
-0.260,-0.016,0.991,3.001,-2.957,-245.236,Yaw
-0.345,0.149,0.565,1.024,-1.216,-286.685,Yaw
-0.219,0.374,0.394,1.750,-2.432,-286.685,Yaw
-0.086,-0.069,0.124,-1.356,-1.155,-286.685,Yaw
0.447,-0.111,0.437,0.385,-2.826,-279.983,Yaw
0.403,0.155,0.556,-0.691,-3.684,-255.727,Yaw
0.241,0.183,1.074,-17.255,-2.511,-119.035,Yaw
0.240,0.185,0.988,-11.804,-3.666,47.880,Yaw
0.360,0.279,0.849,10.780,-6.597,226.039,Yaw
0.352,0.324,0.361,43.627,-3.964,286.685,Yaw
0.308,0.235,0.418,3.141,-1.566,286.685,Yaw
0.143,0.369,0.267,0.490,-2.152,286.685,Yaw
-0.698,0.354,0.444,-0.534,-0.709,282.126,Yaw
-0.467,0.078,0.698,-0.087,-5.443,220.859,Yaw
-0.307,-0.073,0.999,0.376,-2.678,111.921,Yaw
-0.218,-0.127,1.024,0.665,-3.220,21.936,Yaw
-0.427,0.276,0.983,0.438,-2.529,-164.246,Yaw
-0.398,0.116,0.591,1.181,-3.369,-286.379,Yaw
-0.130,0.275,0.430,4.891,-1.321,-286.685,Yaw
-0.165,-0.002,0.298,-3.159,0.621,-285.241,Yaw
0.267,-0.172,0.214,1.610,-0.595,-286.685,Yaw
0.505,-0.080,0.544,-0.210,-3.693,-285.793,Yaw
0.149,0.121,0.701,-0.298,-3.684,-187.635,Yaw
0.242,0.233,0.851,1.628,-3.185,-45.071,Yaw
0.108,0.245,0.979,-0.166,-3.789,59.500,Yaw
0.371,0.343,0.748,0.455,-2.721,199.876,Yaw
0.254,0.233,0.251,0.866,-2.354,286.676,Yaw
0.264,0.288,0.511,-2.371,-1.330,286.685,Yaw
-0.024,0.461,0.338,4.532,-5.434,286.685,Yaw
-0.291,0.332,0.511,-2.214,-1.724,283.290,Yaw
-0.402,0.084,0.776,0.411,-4.113,251.309,Yaw
-0.527,0.041,0.859,1.461,-2.826,99.522,Yaw
-0.318,-0.132,1.096,1.207,-2.398,41.528,Yaw
-0.319,0.250,1.047,1.785,-2.739,-73.964,Yaw
-0.298,0.079,0.607,-1.225,0.831,-276.570,Yaw
-0.251,0.226,0.567,2.608,-2.345,-286.685,Yaw
-0.288,0.255,0.306,3.675,-3.019,-286.685,Yaw
0.215,-0.050,0.241,2.249,4.952,-286.685,Yaw
0.589,0.001,0.510,0.131,-2.231,-286.414,Yaw
0.428,0.063,0.609,-1.094,-2.879,-250.005,Yaw
0.196,0.182,1.007,0.044,-2.809,-57.199,Yaw
0.359,0.345,0.924,-3.369,-2.835,70.166,Yaw
0.324,0.186,0.382,0.228,-0.945,255.447,Yaw
0.399,0.042,0.263,-1.523,1.304,275.888,Yaw
0.305,0.155,0.565,0.543,-0.962,286.685,Yaw
-0.082,0.582,0.524,-0.271,-1.409,286.685,Yaw
-0.227,0.345,0.697,-1.146,-3.141,286.685,Yaw
-0.746,0.247,0.525,3.316,-5.661,261.704,Yaw
-0.353,-0.046,1.023,0.280,-2.555,113.671,Yaw
-0.222,-0.052,1.021,0.184,-2.310,8.969,Yaw
-0.443,0.137,0.963,0.280,-3.211,-72.135,Yaw
-0.193,0.125,0.619,1.015,-3.859,-283.360,Yaw
-0.210,0.281,-0.168,-0.009,-2.056,-286.685,Yaw
-0.073,-0.067,0.402,-1.505,-0.359,-286.685,Yaw
0.146,-0.313,0.100,3.203,-3.351,-286.685,Yaw
0.506,0.013,0.179,0.096,-1.496,-286.300,Yaw
0.079,0.150,0.703,0.123,-1.908,-165.681,Yaw
0.170,0.298,1.040,-0.849,-2.293,-56.263,Yaw
0.183,0.346,1.114,2.310,-2.931,52.106,Yaw
0.362,0.219,0.628,1.006,-2.109,258.422,Yaw
0.326,0.183,0.507,0.464,-14.849,286.388,Yaw
0.402,0.232,0.463,-0.761,-3.447,286.685,Yaw
-0.219,0.602,0.589,1.505,-1.173,286.685,Yaw
-0.306,0.361,0.685,2.739,-2.467,286.169,Yaw
-0.752,0.179,0.823,0.866,-3.885,215.740,Yaw
-0.489,0.036,0.956,1.050,-2.957,79.266,Yaw
-0.055,-0.124,0.981,0.219,-2.966,-83.291,Yaw
-0.335,0.144,0.716,2.100,-3.281,-249.209,Yaw
-0.312,-0.031,0.682,2.511,-3.342,-286.685,Yaw
-0.227,0.203,0.257,-1.225,-0.577,-286.685,Yaw
-0.200,0.171,0.030,0.245,-4.979,-286.685,Yaw
0.650,-0.185,0.491,0.140,-1.969,-286.685,Yaw
0.371,0.100,0.684,1.400,-3.719,-241.421,Yaw
0.152,0.250,0.638,0.604,-2.625,-178.850,Yaw
0.216,0.248,0.955,1.225,-3.290,-19.819,Yaw
0.275,0.319,0.933,1.286,-3.719,143.386,Yaw
0.358,0.283,0.561,-0.271,-2.275,286.615,Yaw
0.405,0.278,0.521,0.018,-3.019,286.685,Yaw
0.332,0.451,0.285,-3.763,-5.600,286.668,Yaw
-0.646,0.494,0.216,-4.830,-1.242,276.448,Yaw
-0.553,0.239,0.623,1.050,-1.837,234.815,Yaw
-0.479,0.081,0.761,1.479,-2.608,192.474,Yaw
-0.322,-0.095,1.022,0.726,-3.421,42.420,Yaw
-0.418,0.053,0.967,0.866,-2.896,-100.319,Yaw
-0.376,0.150,0.772,1.365,-3.622,-267.365,Yaw
-0.405,0.306,0.346,3.535,-0.096,-286.685,Yaw
-0.159,0.162,-0.016,1.129,-4.690,-286.685,Yaw
0.682,-0.182,0.661,1.312,-3.299,-286.650,Yaw
0.589,-0.080,0.434,-2.975,-0.350,-261.914,Yaw
0.163,0.267,0.656,1.190,-2.030,-185.876,Yaw
0.198,0.355,0.914,-0.350,-3.176,-51.634,Yaw
0.403,0.235,1.040,0.700,-3.500,158.708,Yaw
0.425,0.167,0.316,0.595,-4.646,280.735,Yaw
0.291,0.311,0.201,1.278,-1.347,286.685,Yaw
0.130,0.463,0.412,0.822,2.223,274.733,Yaw
-0.285,0.520,0.350,-4.427,1.846,286.685,Yaw
-0.381,0.209,0.797,-2.879,-5.145,286.554,Yaw
-0.557,-0.139,0.979,11.288,-3.745,245.009,Yaw
-0.542,-0.015,1.036,0.980,-4.707,65.363,Yaw
-0.399,-0.073,1.037,0.052,-2.336,-6.431,Yaw
-0.295,0.224,0.752,1.592,-2.756,-218.479,Yaw
-0.344,0.285,0.157,3.710,-4.086,-286.685,Yaw
-0.153,0.176,0.511,3.412,-2.301,-286.685,Yaw
0.053,-0.169,0.120,2.485,-1.452,-286.685,Yaw
0.529,-0.030,0.561,-1.575,-2.949,-284.191,Yaw
0.293,0.272,0.725,2.188,-4.340,-213.920,Yaw
0.216,0.303,0.945,-1.295,-1.986,-135.914,Yaw
0.254,0.222,1.003,1.190,-3.106,-29.409,Yaw
0.325,0.305,0.858,1.138,-2.660,173.154,Yaw
0.520,0.245,0.357,1.680,-4.261,286.685,Yaw
0.302,0.184,0.087,-0.945,-2.572,286.685,Yaw
0.085,0.516,0.420,0.105,-1.864,286.685,Yaw
-0.683,0.447,0.802,-2.747,-2.634,286.685,Yaw
-0.498,-0.072,0.923,1.181,-4.926,204.094,Yaw
-0.442,-0.234,0.997,0.928,-2.774,94.894,Yaw
-0.429,0.120,1.029,0.962,-2.319,-29.584,Yaw
-0.281,0.114,0.711,0.586,-2.459,-193.253,Yaw
-0.326,0.131,0.458,1.304,-4.944,-281.566,Yaw
-0.376,0.209,0.436,1.190,-2.152,-286.685,Yaw
-0.280,0.272,0.422,-0.052,-0.840,-286.685,Yaw
0.405,0.043,0.510,0.674,-2.555,-286.685,Yaw
0.646,-0.137,0.880,0.543,-2.100,-263.568,Yaw
0.289,0.231,0.891,0.770,-3.342,-181.921,Yaw
0.273,0.442,0.982,-0.805,-4.051,-16.424,Yaw
0.402,0.294,0.817,1.829,-2.021,151.130,Yaw
0.409,0.230,0.531,-0.052,-4.182,286.204,Yaw
0.431,0.363,0.035,-4.410,-2.695,286.676,Yaw
0.499,0.381,0.008,1.934,0.805,286.685,Yaw
-0.619,0.585,0.417,-3.605,-2.546,286.685,Yaw
-0.939,0.700,0.939,-20.204,-3.010,285.495,Yaw
-0.460,-0.114,0.706,35.971,-6.177,138.583,Yaw
-0.197,0.004,0.940,0.315,-3.010,-45.404,Yaw
-0.460,-0.142,0.953,1.304,-2.511,-125.073,Yaw
-0.307,-0.118,0.773,0.061,-3.640,-206.876,Yaw
-0.298,0.003,0.531,1.584,-4.279,-273.840,Yaw
-0.163,0.182,0.170,-1.015,-1.444,-286.685,Yaw
-0.375,0.368,0.331,0.577,0.954,-286.685,Yaw
0.034,0.131,0.416,-0.438,-1.540,-286.081,Yaw
0.533,0.031,0.496,0.647,-2.800,-231.516,Yaw
0.283,0.307,0.698,1.470,-3.168,-128.887,Yaw
0.229,0.280,1.032,0.210,-2.695,13.256,Yaw
0.539,0.225,0.858,1.242,-2.809,157.500,Yaw
0.400,0.098,0.360,-1.925,-2.634,285.906,Yaw
0.168,0.270,0.137,-0.770,-6.116,286.685,Yaw
-0.102,0.536,0.693,-2.555,-0.262,286.685,Yaw
-0.177,0.398,0.238,-3.763,-2.704,286.685,Yaw
-0.502,0.122,1.036,-12.915,-4.585,286.326,Yaw
-0.637,-0.028,0.876,-4.104,-4.463,216.913,Yaw
-0.261,-0.141,1.008,17.903,-3.894,52.509,Yaw
-0.484,0.097,1.094,1.663,-3.378,-70.805,Yaw
-0.220,0.261,0.618,0.954,-2.432,-274.820,Yaw
-0.271,0.154,0.223,1.942,-4.812,-286.685,Yaw
-0.202,0.112,0.412,0.499,-3.124,-286.685,Yaw
0.144,-0.339,0.181,-0.936,-2.047,-286.685,Yaw
0.445,0.156,0.340,1.400,-0.980,-255.719,Yaw
0.237,0.194,0.635,-0.376,-3.588,-215.705,Yaw
0.225,0.133,0.617,1.269,-4.287,-178.185,Yaw
0.073,0.193,0.984,1.067,-2.047,-44.502,Yaw
0.344,0.188,1.002,0.595,-2.940,99.216,Yaw
0.476,0.296,0.564,1.636,-3.176,256.244,Yaw
0.352,0.296,0.161,3.080,-4.847,284.979,Yaw
0.153,0.475,0.183,3.273,-0.901,286.388,Yaw
-0.170,0.346,0.450,-3.973,0.543,260.330,Yaw
-0.470,0.208,0.552,-2.870,-2.599,246.776,Yaw
-0.811,0.115,0.552,2.450,-5.845,218.050,Yaw
-0.598,0.055,1.059,1.759,-2.625,-5.521,Yaw
-0.568,-0.036,0.897,3.045,-1.295,-247.905,Yaw
-0.367,0.143,0.405,2.179,-5.145,-286.685,Yaw
-0.311,-0.106,-0.154,-2.625,-1.173,-286.685,Yaw
0.097,-0.073,0.336,2.188,-3.649,-286.685,Yaw
0.325,0.024,0.676,1.409,-3.973,-286.685,Yaw
0.356,0.094,0.611,0.000,-1.339,-262.981,Yaw
0.261,0.237,0.794,0.298,-2.826,-155.505,Yaw
0.245,0.365,1.004,1.330,-1.872,-15.995,Yaw
0.270,0.118,0.973,0.516,-3.509,82.058,Yaw
0.408,0.355,0.609,2.371,-2.660,276.395,Yaw
0.289,0.443,0.319,1.549,-2.914,286.685,Yaw
0.205,0.507,0.366,-1.636,-0.446,286.668,Yaw
-0.126,0.526,0.280,0.044,0.394,286.685,Yaw
-0.777,0.330,0.239,0.472,1.916,254.371,Yaw
-0.574,-0.356,1.082,0.910,-3.334,144.305,Yaw
-0.598,-0.046,1.095,0.770,-2.721,-30.940,Yaw
-0.446,-0.153,0.921,0.175,-2.441,-112.796,Yaw
-0.223,0.042,0.769,1.636,-2.371,-264.399,Yaw
-0.513,0.194,0.496,1.155,-1.803,-286.668,Yaw
-0.372,0.324,0.292,-0.403,1.890,-286.685,Yaw
0.219,-0.041,0.088,-1.181,-1.732,-286.335,Yaw
0.349,0.049,0.200,2.266,-1.811,-281.943,Yaw
0.405,0.087,0.202,1.628,-3.299,-243.320,Yaw
0.220,0.189,0.541,-0.752,-3.640,-192.456,Yaw
0.133,0.295,0.942,1.278,-3.824,-56.350,Yaw
0.286,0.152,1.010,0.630,-2.966,90.239,Yaw
0.283,0.380,0.484,-0.691,-1.085,276.246,Yaw
0.510,0.441,0.135,1.321,-4.226,286.685,Yaw
0.240,0.475,0.381,-0.726,0.070,285.408,Yaw
-0.443,0.305,0.382,-4.734,-4.043,286.685,Yaw
-0.569,-0.009,0.656,1.890,-6.361,254.476,Yaw
-0.560,0.024,0.833,0.280,-2.704,246.531,Yaw
-0.496,0.031,1.017,2.030,-4.077,12.320,Yaw
-0.448,0.031,0.949,1.155,-2.494,-147.175,Yaw
-0.403,0.205,0.658,3.386,-3.754,-267.470,Yaw
-0.229,0.031,0.123,2.975,-5.346,-286.685,Yaw
-0.151,0.009,0.607,2.695,-1.558,-286.685,Yaw
0.023,-0.051,0.626,0.429,-4.016,-286.685,Yaw
0.195,0.044,0.804,3.176,-3.876,-286.685,Yaw
0.360,0.089,0.613,1.916,-2.975,-225.173,Yaw
0.294,0.185,0.836,0.665,-2.467,-109.952,Yaw
0.334,0.185,0.872,0.254,-2.888,78.024,Yaw
0.442,0.235,0.762,1.059,-3.159,205.406,Yaw
0.347,0.493,0.391,2.275,-7.936,286.685,Yaw
0.354,0.419,0.463,-1.164,-4.051,286.685,Yaw
0.154,0.442,0.211,3.649,-5.521,286.685,Yaw
-0.590,0.368,0.161,0.998,-3.281,286.685,Yaw
-0.708,0.176,0.809,0.018,-2.214,240.205,Yaw
-0.371,0.039,0.994,0.962,-3.316,33.583,Yaw
-0.178,0.176,1.012,1.312,-2.747,-83.440,Yaw
-0.396,0.093,0.700,2.774,-4.585,-275.616,Yaw
-0.584,0.039,0.402,2.223,-1.216,-286.685,Yaw
-0.071,0.046,0.541,-0.306,-3.220,-286.685,Yaw
0.430,-0.080,0.599,2.074,-3.894,-286.685,Yaw
0.459,-0.048,0.533,-0.884,-4.331,-270.603,Yaw
0.294,0.196,0.770,1.881,-1.837,-205.363,Yaw
0.170,0.320,0.835,0.962,-3.229,-67.287,Yaw
0.231,0.182,1.028,1.050,-2.756,32.673,Yaw
0.451,0.173,0.676,1.531,-2.905,234.736,Yaw
0.416,0.400,0.270,0.096,0.770,286.685,Yaw
0.405,0.291,0.381,-2.826,-0.543,286.685,Yaw
0.008,0.511,-0.019,2.319,-5.198,286.685,Yaw
-0.560,0.428,0.555,2.082,-4.778,265.659,Yaw
-0.832,-0.158,0.976,0.595,-0.744,167.055,Yaw
-0.509,-0.189,1.045,1.050,-3.430,22.558,Yaw
-0.352,0.079,0.974,-0.359,-2.537,-125.213,Yaw
-0.447,0.276,0.592,-1.120,-2.109,-283.693,Yaw
-0.326,0.174,0.365,0.018,-0.009,-286.685,Yaw
0.019,-0.038,0.389,-0.403,-2.432,-286.519,Yaw
0.497,-0.104,0.201,0.683,-3.684,-270.725,Yaw
0.245,0.019,0.529,-0.271,-2.275,-239.339,Yaw
0.281,0.168,0.713,1.435,-3.220,-144.769,Yaw
0.191,0.231,1.030,1.689,-2.870,-63.193,Yaw
0.495,0.131,0.864,0.805,-3.141,114.257,Yaw
0.357,0.227,0.424,0.700,-4.795,286.685,Yaw
0.333,0.335,0.334,3.115,-2.879,286.685,Yaw
0.307,0.412,0.258,1.426,-4.646,286.685,Yaw
-0.353,0.485,0.642,-4.086,-1.575,277.323,Yaw
-0.698,0.180,0.738,1.050,-3.526,242.533,Yaw
-0.539,0.139,0.860,2.030,-4.611,162.995,Yaw
-0.251,0.074,1.023,1.242,-3.194,20.317,Yaw
-0.348,0.274,0.897,1.321,-2.739,-159.696,Yaw
-0.377,0.163,0.106,0.822,-1.671,-286.685,Yaw
-0.271,0.101,0.629,-1.654,-2.301,-286.685,Yaw
-0.041,-0.086,0.543,2.940,0.962,-286.685,Yaw
0.472,-0.100,0.589,-1.015,-0.945,-281.374,Yaw
0.329,-0.017,0.590,-0.543,-1.671,-235.279,Yaw
0.213,0.143,0.485,0.525,-4.270,-205.739,Yaw
0.378,0.274,0.954,0.674,-2.459,-67.935,Yaw
0.461,0.201,0.750,1.759,-3.106,152.311,Yaw
0.289,0.194,0.350,1.111,-3.500,282.712,Yaw
0.379,0.248,0.297,0.333,-2.905,286.685,Yaw
0.526,0.470,0.155,-0.858,-5.005,286.685,Yaw
-0.203,0.473,0.317,-4.611,2.170,286.046,Yaw
-0.272,0.217,0.409,0.333,-2.109,277.751,Yaw
-0.863,0.059,0.865,0.892,-3.439,214.952,Yaw
-0.481,0.091,1.085,0.928,-3.885,-18.349,Yaw
-0.396,0.169,0.577,-0.026,-3.106,-244.099,Yaw
-0.296,0.137,0.455,3.115,-2.100,-286.142,Yaw
-0.389,0.127,0.481,-1.899,-2.581,-286.685,Yaw
-0.107,-0.090,0.329,-1.549,-5.302,-286.685,Yaw
0.347,-0.167,0.305,1.452,-5.040,-285.180,Yaw
0.295,0.048,0.204,-0.936,-2.152,-213.509,Yaw
0.204,0.215,0.757,0.306,-2.266,-175.639,Yaw
0.429,0.243,0.891,0.910,-3.255,-41.939,Yaw
0.391,0.299,0.925,0.228,-3.579,173.845,Yaw
0.303,0.154,0.529,2.082,-2.380,270.182,Yaw
0.392,0.259,0.277,0.472,-2.328,277.603,Yaw
0.307,0.453,0.553,2.021,-1.015,286.685,Yaw
0.070,0.570,0.152,-2.590,-3.019,286.685,Yaw
-0.501,0.445,0.537,-0.525,0.271,264.320,Yaw
-0.602,0.035,0.548,1.260,-3.517,186.156,Yaw
-0.482,-0.154,0.918,0.709,-3.264,11.156,Yaw
-0.331,-0.015,1.037,0.866,-2.922,-56.271,Yaw
-0.473,0.067,0.862,0.586,-1.523,-251.580,Yaw
-0.334,0.174,0.505,1.977,-3.693,-286.685,Yaw
-0.144,0.224,0.391,-0.262,5.941,-286.685,Yaw
-0.071,0.127,0.540,1.671,-3.246,-286.685,Yaw
0.367,-0.174,0.474,1.487,-5.784,-286.344,Yaw
0.345,0.194,0.396,1.041,-1.977,-224.814,Yaw
0.369,0.290,0.563,0.779,-1.960,-98.823,Yaw
0.397,0.294,1.042,0.525,-3.281,12.967,Yaw
0.558,0.191,0.415,1.286,-2.984,216.624,Yaw
0.287,0.147,0.379,2.336,-6.484,286.598,Yaw
0.209,0.286,0.061,2.888,-2.231,284.742,Yaw
0.368,0.386,0.373,1.864,0.087,285.092,Yaw
-0.472,0.470,0.498,1.207,-0.936,286.685,Yaw
-0.495,0.244,0.517,5.679,-6.484,256.384,Yaw
-0.692,0.142,0.975,1.067,-5.556,128.809,Yaw
-0.268,-0.075,0.934,1.540,-3.824,-106.304,Yaw
-0.393,0.056,0.739,2.056,-4.778,-261.214,Yaw
-0.494,0.027,0.290,4.594,-3.824,-286.300,Yaw
-0.182,0.089,0.099,-1.015,-0.543,-286.484,Yaw
-0.007,0.058,0.488,5.066,-3.876,-285.600,Yaw
0.380,-0.057,0.249,3.106,-5.250,-260.802,Yaw
0.293,0.060,0.295,-0.639,-2.135,-267.330,Yaw
0.251,0.196,0.765,0.779,-1.645,-181.895,Yaw
0.317,0.160,1.020,0.647,-3.264,-0.525,Yaw
0.327,0.263,0.552,0.481,-1.706,186.051,Yaw
0.329,0.379,0.626,1.881,1.067,284.506,Yaw
0.552,0.194,0.193,2.214,0.674,280.324,Yaw
0.104,0.379,0.202,-3.622,0.070,284.497,Yaw
-0.163,0.365,0.896,-3.570,1.120,280.543,Yaw
-0.242,0.212,0.380,1.549,-5.171,275.196,Yaw
-0.913,0.143,0.692,2.109,-8.374,197.908,Yaw
-0.306,0.043,1.045,2.223,-3.710,-34.388,Yaw
-0.329,-0.052,0.931,0.166,-4.305,-176.689,Yaw
-0.357,0.076,0.118,2.266,-2.424,-272.554,Yaw
-0.482,0.145,0.433,1.724,-4.681,-286.685,Yaw
-0.266,0.121,0.183,3.850,-2.546,-286.134,Yaw
0.043,-0.125,0.293,-0.752,-2.957,-284.121,Yaw
0.685,0.114,0.551,2.651,-3.027,-281.251,Yaw
0.243,0.133,0.686,4.086,-0.928,-143.342,Yaw
0.455,0.225,0.910,-0.543,-3.089,3.010,Yaw
0.347,0.133,0.899,1.706,-3.351,141.697,Yaw
0.427,0.275,0.555,-0.901,1.383,283.579,Yaw
0.190,0.423,0.384,2.441,-2.021,283.089,Yaw
0.114,0.527,0.361,-0.262,-0.044,286.685,Yaw
-0.272,0.413,0.450,-3.439,1.435,286.685,Yaw
-0.398,-0.050,0.427,1.864,-5.451,279.974,Yaw
-0.688,-0.203,1.116,1.680,-3.483,91.665,Yaw
-0.200,0.191,1.064,0.123,-1.960,-76.247,Yaw
-0.273,0.267,0.748,1.575,-2.651,-211.750,Yaw
-0.417,0.141,0.621,1.444,-2.362,-286.685,Yaw
-0.321,0.106,0.690,1.138,-4.970,-286.685,Yaw
0.114,-0.013,0.435,3.098,-2.581,-277.576,Yaw
0.512,-0.214,0.328,0.411,-4.786,-240.643,Yaw
0.189,0.019,0.467,1.418,-3.010,-201.714,Yaw
0.163,0.192,0.764,-0.717,-1.286,-147.149,Yaw
0.247,0.262,0.912,0.551,-2.800,-68.880,Yaw
0.447,0.171,0.984,1.076,-2.336,116.795,Yaw
0.285,0.269,0.284,-4.410,-2.179,280.193,Yaw
0.340,0.261,0.306,1.663,-5.162,286.685,Yaw
0.162,0.407,0.329,-1.102,-2.590,286.685,Yaw
-0.157,0.359,0.211,-2.861,-0.919,286.685,Yaw
-0.237,0.039,0.613,1.619,-6.274,286.571,Yaw
-0.503,-0.060,0.403,0.333,-3.535,220.307,Yaw
-0.695,0.138,1.002,1.076,-2.905,50.444,Yaw
-0.404,0.120,1.018,-0.140,-2.686,-110.793,Yaw
-0.461,0.215,0.674,1.960,-1.636,-286.274,Yaw
-0.330,0.150,0.504,-2.319,-2.695,-286.685,Yaw
-0.089,-0.021,0.304,2.931,-13.177,-286.685,Yaw
0.409,-0.087,0.324,1.033,-2.275,-286.685,Yaw
0.374,0.102,0.596,1.479,-2.467,-264.337,Yaw
0.377,0.216,0.745,-0.534,-0.577,-162.391,Yaw
0.377,0.113,0.742,0.472,-2.809,69.755,Yaw
0.291,0.237,0.726,1.085,-3.246,230.081,Yaw
0.358,0.222,0.287,1.199,-0.411,286.685,Yaw
0.228,0.374,0.409,3.071,-1.234,286.685,Yaw
0.203,0.480,0.550,4.121,-2.564,283.876,Yaw
-0.437,0.358,0.670,-2.266,-4.200,282.415,Yaw
-0.579,0.109,0.562,-1.890,-1.173,249.069,Yaw
-0.630,-0.147,1.101,1.374,-2.476,93.564,Yaw
-0.289,0.064,1.045,0.009,-2.249,-47.355,Yaw
-0.304,0.235,0.772,0.954,-3.727,-228.629,Yaw
-0.433,0.189,0.531,2.774,-4.576,-286.108,Yaw
-0.270,0.075,0.345,2.879,-2.424,-286.685,Yaw
0.050,-0.151,0.489,3.789,-1.312,-286.685,Yaw
0.422,-0.037,0.737,-2.266,-0.665,-262.911,Yaw
0.254,0.087,0.494,1.041,-2.223,-228.620,Yaw
0.300,0.158,0.659,-0.788,-2.301,-149.310,Yaw
0.660,0.062,0.958,0.945,-3.080,72.853,Yaw
0.465,0.229,0.758,0.376,-1.540,279.160,Yaw
0.116,0.208,0.347,0.796,-6.116,286.685,Yaw
0.135,0.495,0.408,0.385,-2.293,285.495,Yaw
0.145,0.478,0.600,-3.920,-2.293,286.685,Yaw
-0.155,0.236,0.645,-2.634,-1.890,284.795,Yaw
-0.482,0.057,0.727,2.161,-4.629,275.992,Yaw
-0.505,0.098,0.980,0.700,-2.354,133.315,Yaw
-0.368,0.024,1.035,-0.087,-2.476,-26.740,Yaw
-0.279,0.188,0.967,1.067,-2.747,-144.480,Yaw
-0.339,0.072,0.665,2.870,-4.734,-285.547,Yaw
-0.331,0.034,0.563,3.124,1.531,-286.440,Yaw
-0.071,0.069,0.437,-0.026,-4.839,-286.685,Yaw
0.150,-0.049,0.365,0.822,-3.535,-286.685,Yaw
0.341,0.089,0.575,2.809,-1.566,-235.217,Yaw
0.405,0.161,0.592,0.000,-2.091,-156.100,Yaw
0.562,0.205,1.046,1.435,-2.870,48.055,Yaw
0.425,0.303,0.762,0.359,-3.544,204.041,Yaw
0.333,0.194,0.637,-2.301,-2.240,286.685,Yaw
0.271,0.363,0.486,0.333,1.531,284.550,Yaw
0.110,0.442,0.335,5.093,-3.150,286.335,Yaw
-0.256,0.304,0.802,-4.865,-2.336,286.685,Yaw
-0.522,-0.032,1.001,-20.825,-6.659,286.685,Yaw
-0.502,0.067,0.974,17.141,-5.346,201.775,Yaw
-0.457,0.061,1.136,23.030,-3.089,40.871,Yaw
-0.553,0.098,0.809,-12.049,-2.223,-104.116,Yaw
-0.145,0.142,0.860,0.674,-3.596,-274.374,Yaw
-0.338,0.096,0.507,0.630,-2.091,-286.685,Yaw
-0.337,0.291,0.363,0.061,-3.447,-286.685,Yaw
0.022,-0.050,0.525,2.065,0.429,-286.685,Yaw
0.664,0.063,0.726,-0.928,-1.750,-286.685,Yaw
0.319,0.327,0.660,0.236,-1.750,-190.155,Yaw
0.272,0.373,0.854,1.776,-3.570,-99.173,Yaw
0.507,0.183,1.023,0.744,-3.386,48.484,Yaw
0.344,0.176,0.364,2.082,-3.290,274.374,Yaw
0.384,0.124,0.373,1.041,2.301,286.353,Yaw
0.485,0.410,0.516,-0.910,-3.281,286.685,Yaw
-0.462,0.597,0.534,-0.928,0.192,286.685,Yaw
-0.554,0.396,0.832,-23.109,-4.970,276.649,Yaw
-0.411,-0.114,0.826,-14.892,-6.352,260.916,Yaw
-0.429,-0.153,0.968,20.860,-5.023,102.051,Yaw
-0.313,0.112,1.003,1.846,-2.529,-19.854,Yaw
-0.391,0.144,0.813,1.444,-3.430,-259.560,Yaw
-0.460,0.104,0.564,1.138,-0.928,-286.685,Yaw
-0.019,0.069,0.457,2.713,-1.837,-286.685,Yaw
0.247,-0.344,-0.025,0.298,0.087,-282.039,Yaw
0.050,-0.031,0.006,-1.479,-2.800,-265.886,Yaw
0.123,0.190,0.488,2.047,-2.257,-243.101,Yaw
0.210,0.207,0.446,-0.507,-1.969,-181.003,Yaw
0.315,0.106,1.033,0.674,-2.572,24.684,Yaw
0.337,0.060,0.726,1.260,-3.351,143.001,Yaw
0.296,0.240,0.627,0.858,-4.235,283.474,Yaw
0.330,0.359,-0.010,2.949,-0.919,286.685,Yaw
0.194,0.374,0.330,-5.845,1.619,286.685,Yaw
-0.361,0.433,0.373,-5.530,1.120,286.685,Yaw
-0.512,0.225,0.993,0.280,-5.215,284.918,Yaw
-0.701,-0.049,0.847,-4.104,-3.421,183.015,Yaw
-0.410,-0.065,1.026,1.575,-4.427,-7.114,Yaw
-0.397,0.058,0.893,0.866,-2.861,-128.459,Yaw
-0.424,0.282,0.092,1.269,-2.398,-286.641,Yaw
-0.293,0.191,0.181,1.768,-2.188,-286.685,Yaw
0.032,-0.217,0.372,-1.138,1.540,-286.685,Yaw
0.356,-0.157,0.573,-1.400,-2.949,-285.416,Yaw
0.204,0.173,0.411,1.549,-1.330,-267.881,Yaw
0.314,0.278,0.538,0.009,-2.266,-162.321,Yaw
0.320,0.241,0.915,0.315,-2.949,-34.344,Yaw
0.293,0.162,0.769,1.111,-2.852,196.053,Yaw
0.358,0.273,0.233,0.411,-2.074,283.579,Yaw
0.230,0.331,0.491,3.526,-3.789,286.457,Yaw
0.300,0.500,0.577,3.859,-3.780,286.685,Yaw
-0.497,0.312,0.435,-0.157,-1.286,286.239,Yaw
-0.529,0.043,0.479,3.727,-2.152,283.666,Yaw
-0.573,-0.068,0.796,0.079,-3.693,129.771,Yaw
-0.306,-0.098,1.082,1.899,-3.237,26.994,Yaw
-0.536,0.147,1.074,0.621,-2.441,-80.824,Yaw
-0.236,0.030,0.622,3.334,-2.362,-286.169,Yaw
-0.296,0.200,0.255,0.018,-3.124,-286.685,Yaw
-0.166,0.211,0.243,0.674,-5.093,-286.685,Yaw
0.234,-0.156,0.433,0.026,-3.806,-286.685,Yaw
0.565,0.059,0.199,0.577,-0.228,-272.589,Yaw
0.455,0.308,0.708,0.683,-1.645,-178.920,Yaw
0.296,0.298,1.049,0.490,-3.141,-14.052,Yaw
0.364,0.180,0.668,-0.079,-2.257,199.395,Yaw
0.440,0.156,0.277,1.173,0.306,286.633,Yaw
0.364,0.412,0.457,1.321,-3.570,286.685,Yaw
0.290,0.553,0.154,1.837,-0.052,286.685,Yaw
-0.766,0.622,0.542,-2.205,-2.783,286.685,Yaw
-0.603,0.334,0.586,0.683,-5.057,233.643,Yaw
-0.398,-0.297,0.879,0.245,-3.194,120.382,Yaw
-0.243,-0.092,1.055,1.575,-2.870,-24.395,Yaw
-0.425,0.104,0.918,1.076,-2.765,-151.331,Yaw
-0.367,0.120,0.529,0.691,-1.418,-266.070,Yaw
-0.270,0.099,0.362,1.242,-1.312,-286.685,Yaw
-0.143,0.297,0.268,0.455,-0.376,-286.685,Yaw
0.156,-0.048,0.371,-0.368,-1.846,-286.685,Yaw
0.558,-0.027,0.026,2.494,-0.647,-281.330,Yaw
0.474,0.202,0.880,1.636,-4.637,-201.749,Yaw
0.351,0.304,0.971,0.376,-2.957,-4.069,Yaw
0.420,0.195,0.828,0.796,-3.071,171.430,Yaw
0.378,0.185,0.249,0.131,-3.439,285.950,Yaw
0.378,0.254,0.355,5.425,-9.975,286.685,Yaw
-0.030,0.539,0.594,-4.489,-0.280,286.685,Yaw
-0.475,0.652,0.853,-10.132,-4.865,286.309,Yaw
-0.171,0.186,0.975,-10.299,-6.361,281.785,Yaw
-0.584,-0.232,0.922,-2.205,-5.731,210.805,Yaw
-0.489,-0.156,1.015,23.704,-3.684,52.334,Yaw
-0.463,0.209,1.110,18.760,-3.001,-22.663,Yaw
-0.330,0.019,0.929,2.249,-2.616,-206.238,Yaw
-0.398,0.104,0.414,1.558,-6.475,-286.685,Yaw
-0.058,0.441,0.632,-0.350,1.365,-286.685,Yaw
-0.037,0.212,0.215,-1.768,5.084,-286.685,Yaw
0.470,0.093,0.414,-0.149,-2.144,-285.758,Yaw
0.593,0.092,0.922,0.472,-2.949,-186.533,Yaw
0.448,0.178,1.053,-1.199,-2.494,11.095,Yaw
0.379,0.132,0.788,1.776,-2.896,142.555,Yaw
0.313,0.221,0.424,1.067,-2.529,285.294,Yaw
0.344,0.412,0.329,-0.175,-3.885,286.685,Yaw
0.471,0.326,0.371,5.495,-7.359,286.685,Yaw
-0.239,0.442,1.013,-16.677,-3.553,286.685,Yaw
-0.722,0.615,0.657,-33.075,-12.530,284.541,Yaw
-0.614,-0.410,0.890,68.276,-6.037,166.731,Yaw
-0.232,-0.034,1.047,4.489,-3.754,45.360,Yaw
-0.372,0.078,0.892,0.726,-2.415,-114.284,Yaw
-0.350,0.134,0.700,1.514,-2.993,-286.536,Yaw
-0.425,0.207,0.590,4.734,-4.856,-282.424,Yaw
-0.224,0.224,0.314,-0.429,-2.301,-274.234,Yaw
-0.036,-0.036,0.265,-2.704,-0.945,-264.889,Yaw
0.662,0.026,0.644,-1.365,-0.201,-274.374,Yaw
0.529,-0.024,0.350,-0.315,-3.806,-197.260,Yaw
0.149,0.098,0.778,-0.770,-3.412,-138.303,Yaw
0.066,0.223,1.087,0.534,-3.141,-7.648,Yaw
0.485,0.165,0.928,0.341,-2.730,156.083,Yaw
0.535,0.153,0.602,-0.420,-3.001,286.685,Yaw
0.410,0.233,0.433,2.608,-0.009,286.685,Yaw
0.063,0.659,0.449,-0.630,-7.088,268.301,Yaw
-0.543,0.709,0.866,-1.015,-3.990,243.486,Yaw
-0.600,0.356,0.849,-17.089,-3.824,256.462,Yaw
-0.555,-0.223,1.083,15.470,-3.045,153.624,Yaw
-0.277,-0.099,1.052,0.341,-2.406,-7.779,Yaw
-0.374,-0.014,0.982,3.124,-3.132,-114.354,Yaw
-0.265,-0.025,0.960,0.928,-3.185,-215.985,Yaw
-0.280,0.076,0.472,-0.656,-0.026,-286.449,Yaw
-0.147,0.158,0.302,2.511,-4.296,-286.685,Yaw
0.035,-0.009,0.401,3.290,-3.255,-286.685,Yaw
0.286,0.026,0.403,-0.630,1.689,-285.372,Yaw
0.270,0.189,-0.147,1.085,-2.809,-236.469,Yaw
0.345,0.269,0.726,0.998,-3.106,-113.190,Yaw
0.190,0.238,1.065,0.945,-3.124,-10.176,Yaw
0.430,0.149,0.697,0.516,-2.328,198.966,Yaw
0.283,0.091,0.321,2.284,-6.370,286.353,Yaw
0.476,0.314,0.452,0.560,-0.359,283.045,Yaw
0.356,0.502,0.379,-0.464,2.660,260.890,Yaw
-0.269,0.614,0.309,0.429,-3.771,286.685,Yaw
-0.801,0.247,0.829,-3.203,-2.284,286.624,Yaw
-0.377,-0.239,1.011,2.459,-3.579,67.323,Yaw
-0.268,0.113,1.016,0.298,-2.608,2.179,Yaw
-0.338,0.178,1.035,0.910,-2.196,-197.348,Yaw
-0.144,0.067,0.604,3.824,-4.795,-286.685,Yaw
-0.218,0.136,0.582,3.430,-2.756,-286.685,Yaw
-0.101,0.085,0.493,0.149,-5.985,-286.685,Yaw
0.257,-0.086,0.458,2.861,-4.760,-274.164,Yaw
0.340,0.197,0.341,0.096,-0.507,-262.194,Yaw
0.242,0.148,0.744,0.472,-2.249,-215.381,Yaw
0.277,0.139,1.048,0.490,-3.386,-78.829,Yaw
0.395,0.190,1.055,0.726,-3.229,94.605,Yaw
0.304,0.223,0.381,0.875,-3.307,280.569,Yaw
0.372,0.245,0.375,4.200,-4.436,286.685,Yaw
0.534,0.352,0.370,-2.800,0.525,285.635,Yaw
-0.391,0.565,0.298,-3.299,-0.368,281.015,Yaw
-0.660,0.234,0.570,-0.114,-4.778,243.075,Yaw
-0.722,-0.119,0.985,1.120,-5.346,166.014,Yaw
-0.335,-0.292,1.031,-0.516,-2.223,23.468,Yaw
-0.598,0.239,0.920,1.024,-2.415,-58.109,Yaw
-0.285,0.086,0.992,1.033,-3.203,-258.422,Yaw
-0.443,0.267,0.549,0.840,-3.946,-286.685,Yaw
-0.267,0.183,0.291,3.290,-1.181,-286.685,Yaw
0.275,0.100,0.180,4.104,-2.424,-286.685,Yaw
0.144,0.048,0.596,0.892,-4.594,-286.169,Yaw
0.279,0.055,0.711,-1.164,-2.398,-272.221,Yaw
0.373,0.166,0.836,0.822,-2.590,-157.176,Yaw
0.675,0.088,0.772,0.647,-2.459,59.553,Yaw
0.353,0.175,0.416,1.409,-5.057,234.378,Yaw
0.319,0.294,0.373,2.511,-2.389,282.135,Yaw
0.357,0.356,0.494,1.006,-0.831,283.832,Yaw
0.339,0.213,0.261,3.220,0.411,284.349,Yaw
-0.493,0.316,0.429,-0.752,2.704,286.685,Yaw
-0.706,0.286,0.979,2.608,-4.952,229.504,Yaw
-0.438,-0.135,1.005,1.514,-3.535,63.105,Yaw
-0.232,0.204,0.997,1.374,-2.634,-68.119,Yaw
-0.248,0.175,0.623,1.794,-3.342,-232.348,Yaw
-0.271,-0.110,0.690,1.391,-2.205,-286.685,Yaw
-0.235,0.005,0.722,-2.642,-0.245,-286.685,Yaw
0.143,-0.051,0.587,1.951,-6.807,-286.685,Yaw
0.161,-0.041,0.545,0.420,-1.811,-284.121,Yaw
0.141,0.179,0.298,0.499,-1.076,-204.417,Yaw
0.176,0.209,0.987,0.516,-2.581,-132.484,Yaw
0.228,0.154,1.025,0.901,-3.150,-49.289,Yaw
0.570,0.033,1.040,0.709,-2.625,68.871,Yaw
0.446,0.252,0.772,0.866,-0.691,278.329,Yaw
0.324,0.256,0.374,-0.744,-1.977,286.685,Yaw
0.166,0.354,0.276,0.595,-0.385,286.685,Yaw
-0.186,0.351,0.363,1.566,-6.256,286.685,Yaw
-0.314,0.135,0.281,-0.595,1.505,277.025,Yaw
-0.601,0.084,0.858,1.706,-3.588,166.346,Yaw
-0.634,0.027,1.012,-0.044,-2.441,34.178,Yaw
-0.434,0.131,1.062,1.689,-3.229,-152.197,Yaw
-0.237,0.064,0.529,1.820,-1.391,-286.510,Yaw
-0.286,-0.064,0.469,0.175,-1.837,-278.539,Yaw
-0.294,-0.012,0.349,1.689,-3.351,-286.685,Yaw
0.122,0.125,0.653,-0.210,-4.961,-286.685,Yaw
0.311,0.234,0.647,0.210,-3.946,-284.996,Yaw
0.183,0.235,0.640,1.207,-3.902,-259.962,Yaw
0.198,0.127,0.890,-0.359,-3.273,-175.122,Yaw
0.455,0.148,1.038,0.962,-3.273,15.873,Yaw
0.386,0.312,0.682,0.341,-3.325,208.049,Yaw
0.349,0.303,0.462,0.499,-1.689,279.003,Yaw
0.263,0.386,0.271,2.179,-4.760,286.685,Yaw
0.053,0.367,0.415,-0.131,-3.141,286.685,Yaw
-0.407,0.182,0.311,1.286,-2.634,286.545,Yaw
-0.630,0.138,0.406,-1.059,-3.220,264.014,Yaw
-0.602,-0.189,1.043,-0.516,-3.211,103.836,Yaw
-0.473,-0.045,0.955,-0.525,-2.520,-62.046,Yaw
-0.234,-0.026,0.950,2.065,-3.211,-189.455,Yaw
-0.327,0.018,0.397,1.339,-1.732,-286.291,Yaw
-0.307,0.081,0.405,-0.210,-0.070,-286.685,Yaw
-0.149,-0.045,0.717,-2.380,-1.400,-286.685,Yaw
0.216,0.045,0.178,0.569,-2.004,-286.685,Yaw
0.296,0.234,0.364,0.613,1.304,-272.160,Yaw
0.275,0.213,0.736,0.009,-3.596,-197.286,Yaw
0.249,0.321,0.959,-0.262,-2.555,-25.016,Yaw
0.300,0.288,0.928,-0.341,-3.386,108.412,Yaw
0.292,0.414,0.548,-0.035,-3.159,257.110,Yaw
0.135,0.268,0.399,-2.205,-5.521,286.641,Yaw
0.223,0.374,0.619,2.564,0.840,277.944,Yaw
0.041,0.268,0.548,1.934,-6.668,282.861,Yaw
-0.494,0.198,0.702,3.517,-2.783,270.585,Yaw
-0.659,-0.213,0.501,-0.936,-2.511,209.221,Yaw
-0.688,0.147,1.018,2.546,-4.095,102.086,Yaw
-0.373,0.031,1.036,0.744,-2.537,-11.445,Yaw
-0.411,0.282,0.583,0.604,-2.319,-219.336,Yaw
-0.319,0.132,0.320,1.400,-3.334,-286.571,Yaw
-0.141,0.037,0.224,-2.432,-3.622,-286.685,Yaw
0.103,-0.048,0.098,4.104,1.138,-286.685,Yaw
0.440,-0.027,0.555,-2.424,-3.159,-282.459,Yaw
0.394,0.031,0.392,1.671,-1.663,-247.432,Yaw
0.185,0.185,0.811,0.814,-2.879,-155.689,Yaw
0.174,0.287,1.010,0.630,-2.678,19.705,Yaw
0.271,0.267,0.993,0.438,-3.500,151.156,Yaw
0.258,0.289,0.237,1.155,-2.905,278.670,Yaw
0.364,0.399,0.249,2.704,-5.364,286.064,Yaw
0.212,0.305,0.414,0.595,4.699,274.181,Yaw
-0.585,0.344,0.384,-3.299,-3.027,286.685,Yaw
-0.777,0.250,0.561,-1.496,-2.537,285.521,Yaw
-0.447,-0.235,0.829,1.138,-4.804,194.863,Yaw
-0.287,-0.049,1.049,0.779,-2.590,16.144,Yaw
-0.221,0.146,0.909,2.450,-3.727,-139.038,Yaw
-0.302,0.169,0.597,1.006,-4.673,-246.085,Yaw
-0.449,0.086,0.115,2.039,-3.579,-286.685,Yaw
0.080,-0.008,-0.083,-3.229,-3.229,-286.685,Yaw
0.110,-0.094,0.350,-0.096,1.960,-286.668,Yaw
0.325,-0.088,0.244,3.701,-2.957,-258.361,Yaw
0.244,0.092,0.375,-0.245,-3.351,-208.163,Yaw
0.196,0.238,0.692,-0.280,-2.126,-116.979,Yaw
0.135,0.320,1.004,-0.166,-3.176,1.864,Yaw
0.371,0.291,1.006,1.138,-2.809,74.043,Yaw
0.292,0.183,0.834,0.455,-4.191,269.211,Yaw
0.439,0.287,0.286,3.544,-4.970,286.685,Yaw
0.226,0.317,0.398,-0.464,-1.006,286.685,Yaw
-0.572,0.413,0.218,1.470,-3.203,286.685,Yaw
-0.494,0.038,0.591,2.091,-3.553,255.465,Yaw
-0.325,-0.137,0.939,-0.315,-1.750,120.794,Yaw
-0.340,-0.070,1.030,1.076,-3.229,28.586,Yaw
-0.381,0.120,0.895,1.916,-4.139,-102.410,Yaw
-0.510,0.082,0.677,3.019,-4.952,-273.674,Yaw
-0.305,0.055,0.575,0.717,-0.945,-286.685,Yaw
0.168,-0.048,0.616,3.701,-0.858,-275.879,Yaw
0.410,-0.059,0.484,0.516,-0.455,-273.604,Yaw
0.251,-0.033,0.573,2.100,-0.849,-235.401,Yaw
-0.003,0.091,0.518,1.199,-5.171,-162.872,Yaw
0.151,0.215,0.770,-0.271,-3.168,-106.155,Yaw
0.328,0.197,0.964,0.770,-3.115,18.121,Yaw
0.264,0.278,0.620,0.875,-2.922,171.036,Yaw
0.201,0.261,0.498,-0.306,-1.899,270.830,Yaw
0.227,0.301,0.546,3.570,-2.564,286.344,Yaw
0.048,0.480,0.315,1.374,0.157,286.685,Yaw
-0.546,0.300,0.636,0.595,-2.686,286.685,Yaw
-0.648,0.229,0.724,-3.605,-3.885,267.076,Yaw
-0.407,-0.129,0.987,0.639,-2.520,152.740,Yaw
-0.312,0.153,1.081,0.735,-2.809,-4.436,Yaw
-0.263,0.205,0.919,1.444,-4.077,-179.322,Yaw
-0.207,-0.031,0.147,2.275,-4.620,-285.163,Yaw
-0.172,-0.286,0.107,1.085,-2.179,-279.431,Yaw
-0.216,0.003,0.236,-0.289,-0.560,-286.685,Yaw
0.036,0.210,0.646,-0.490,-4.043,-230.265,Yaw
0.242,0.068,0.537,3.684,-4.463,-272.020,Yaw
0.364,0.013,0.528,1.601,-3.194,-260.549,Yaw
0.276,0.161,0.896,0.875,-2.686,-127.925,Yaw
0.244,0.234,0.786,0.420,-1.846,-28.936,Yaw
0.350,0.361,0.947,1.409,-3.342,125.755,Yaw
0.309,0.168,0.595,0.962,-1.418,282.818,Yaw
0.274,0.289,0.571,-0.271,-2.572,286.274,Yaw
0.305,0.440,0.499,0.858,-5.994,286.685,Yaw
-0.345,0.350,0.417,-4.436,-5.390,286.685,Yaw
-0.774,0.333,0.728,2.257,-3.596,278.836,Yaw
-0.472,-0.089,0.922,2.196,-4.463,113.899,Yaw
-0.299,-0.117,1.022,0.403,-2.975,20.151,Yaw
-0.293,0.113,0.923,1.663,-2.835,-139.458,Yaw
-0.362,0.063,0.530,2.625,-2.284,-280.779,Yaw
-0.340,0.150,0.328,0.052,-3.447,-286.685,Yaw
-0.177,0.385,0.149,4.515,-6.738,-286.685,Yaw
0.221,-0.239,0.475,3.106,-10.273,-286.685,Yaw
0.627,-0.092,0.712,-0.184,-1.435,-283.789,Yaw
0.296,0.197,0.439,-0.061,-3.098,-219.467,Yaw
0.265,0.392,0.865,1.724,-3.010,-89.959,Yaw
0.339,0.260,0.960,0.481,-2.529,57.111,Yaw
0.348,0.115,0.768,0.551,-1.347,241.579,Yaw
0.251,0.111,0.373,1.829,-7.061,286.466,Yaw
0.397,0.451,0.300,-0.577,-1.426,286.685,Yaw
0.058,0.438,0.202,-6.414,0.376,286.685,Yaw
-0.730,0.479,0.499,-1.663,-3.561,286.668,Yaw
-0.619,-0.068,0.710,0.044,-3.553,258.624,Yaw
-0.412,-0.200,0.919,1.479,-3.789,66.675,Yaw
-0.407,0.023,1.008,0.534,-3.220,-46.217,Yaw
-0.269,0.202,0.811,1.155,-2.826,-194.486,Yaw
-0.364,0.098,0.419,1.872,-2.634,-273.000,Yaw
-0.148,0.091,0.475,-0.201,-3.850,-285.976,Yaw
-0.180,0.136,0.173,1.759,0.507,-276.946,Yaw
0.184,0.114,0.475,1.890,-5.766,-270.987,Yaw
0.469,-0.004,0.594,2.319,-2.301,-284.725,Yaw
0.323,0.119,0.602,0.175,-2.590,-158.821,Yaw
0.302,0.203,1.016,0.201,-3.404,18.156,Yaw
0.418,0.205,1.001,0.525,-3.710,119.954,Yaw
0.317,0.200,0.457,3.237,-2.747,264.696,Yaw
0.302,0.296,0.464,-2.214,0.840,285.862,Yaw
0.443,0.321,0.227,0.954,-2.503,286.685,Yaw
-0.454,0.477,0.456,-3.185,1.452,286.685,Yaw
-0.386,0.120,0.445,0.175,-2.669,285.311,Yaw
-0.404,-0.016,1.030,0.962,-2.844,175.245,Yaw
-0.496,0.066,1.141,0.840,-3.062,42.665,Yaw
-0.400,0.031,0.859,1.164,-2.931,-113.531,Yaw
-0.527,0.056,0.728,0.945,0.201,-265.318,Yaw
-0.305,0.043,0.380,2.406,-3.054,-286.685,Yaw
-0.127,0.100,0.368,-1.960,-6.335,-281.024,Yaw
-0.048,0.050,0.415,-1.365,-3.281,-282.100,Yaw
0.381,0.098,0.610,-0.884,-2.826,-279.116,Yaw
0.292,0.303,0.892,1.242,-2.730,-202.072,Yaw
0.310,0.286,0.864,0.140,-3.036,-124.355,Yaw
0.533,0.133,1.012,1.444,-2.756,35.254,Yaw
0.249,0.271,0.348,0.814,-1.732,257.801,Yaw
0.384,0.248,0.240,-2.039,-4.113,283.264,Yaw
0.280,0.213,0.500,-0.840,-4.480,285.233,Yaw
-0.007,0.297,0.276,0.228,-0.954,236.005,Yaw
-0.548,0.323,0.413,1.426,-0.280,253.969,Yaw
-0.518,0.182,0.663,0.376,-2.984,215.408,Yaw
-0.593,-0.044,0.989,1.391,-3.675,95.979,Yaw
-0.217,-0.084,1.035,0.403,-2.599,-10.552,Yaw
-0.466,0.236,0.871,1.094,-3.526,-175.175,Yaw
-0.278,0.111,0.532,1.383,-0.245,-283.185,Yaw
-0.280,0.125,0.240,-1.864,0.245,-286.685,Yaw
-0.083,0.099,0.148,1.610,1.654,-284.471,Yaw
0.259,-0.068,0.546,0.175,2.205,-267.741,Yaw
0.428,0.163,0.658,2.984,-0.770,-252.105,Yaw
0.253,0.319,0.729,0.341,-3.973,-172.375,Yaw
0.484,0.221,1.024,0.114,-2.301,-22.278,Yaw
0.321,0.275,1.035,-0.123,-2.590,125.379,Yaw
0.517,0.280,0.666,1.199,-3.351,254.651,Yaw
0.342,0.134,0.371,-2.091,-3.386,286.685,Yaw
-0.070,0.207,0.570,-1.278,-1.067,284.856,Yaw
-0.349,0.294,0.567,0.516,-7.481,276.500,Yaw
-0.240,0.176,0.653,0.131,-3.412,273.753,Yaw
-0.517,0.020,0.930,1.558,-3.579,195.904,Yaw
-0.450,-0.080,1.031,-0.271,-2.415,42.551,Yaw
-0.426,-0.056,1.015,0.744,-2.844,-18.016,Yaw
-0.371,-0.009,1.109,1.969,-3.605,-217.648,Yaw
-0.251,0.072,0.552,1.601,-3.439,-284.699,Yaw
-0.242,0.265,0.527,1.776,-1.435,-286.685,Yaw
-0.286,0.267,0.471,2.940,-1.496,-286.685,Yaw
0.155,0.186,0.498,-3.911,0.796,-286.685,Yaw
0.457,0.045,0.522,0.945,-2.678,-253.251,Yaw
0.353,0.315,0.711,-0.350,-1.479,-121.118,Yaw
0.412,0.253,1.069,2.135,-2.949,-18.060,Yaw
0.397,0.097,0.834,0.962,-2.888,162.312,Yaw
0.316,0.153,0.388,1.312,-4.620,283.841,Yaw
0.198,0.159,0.459,1.146,-2.870,284.165,Yaw
0.529,0.280,0.159,2.424,-2.861,275.135,Yaw
-0.087,0.407,0.133,1.426,-2.940,285.128,Yaw
-0.950,0.326,0.326,1.951,-4.918,229.250,Yaw
-0.519,-0.063,0.956,2.345,-4.401,123.585,Yaw
-0.291,-0.084,1.026,0.665,-2.765,8.724,Yaw
-0.498,0.246,1.085,0.884,-2.537,-105.201,Yaw
-0.330,0.224,0.681,2.572,-3.089,-278.749,Yaw
-0.215,0.219,0.111,1.452,-5.372,-286.685,Yaw
-0.164,0.081,0.496,-0.166,-6.029,-286.685,Yaw
0.260,0.066,0.269,-3.404,-2.293,-286.685,Yaw
0.366,0.042,0.767,-0.184,-3.483,-262.728,Yaw
0.347,0.285,0.869,1.155,-4.051,-151.909,Yaw
0.384,0.147,1.043,0.228,-3.080,13.729,Yaw
0.420,0.141,0.632,0.087,-2.957,199.894,Yaw
0.376,0.183,0.460,1.951,-3.710,280.122,Yaw
0.354,0.261,0.391,0.114,-2.371,270.497,Yaw
0.216,0.403,0.441,1.592,-0.280,286.510,Yaw
-0.425,0.403,0.511,0.070,-1.759,263.786,Yaw
-0.559,0.189,0.903,1.207,0.201,231.166,Yaw
-0.646,0.015,0.867,0.639,-3.106,150.115,Yaw
-0.099,0.009,1.036,0.525,-3.054,11.410,Yaw
-0.529,0.281,1.022,1.872,-3.378,-100.467,Yaw
-0.201,0.133,0.627,2.091,-2.293,-244.921,Yaw
-0.356,0.117,0.428,2.039,-1.995,-286.615,Yaw
-0.205,0.229,0.078,-2.800,-1.067,-286.685,Yaw
0.097,-0.058,0.294,-2.520,-0.534,-286.685,Yaw
0.375,-0.191,0.483,1.925,-2.030,-278.469,Yaw
0.330,0.242,0.453,1.041,-0.306,-171.395,Yaw
0.249,0.276,0.846,0.123,-3.001,-111.606,Yaw
0.310,0.271,1.031,0.271,-2.572,-30.275,Yaw
0.445,0.176,0.847,0.464,-3.307,126.893,Yaw
0.334,0.179,0.270,0.429,-2.844,283.535,Yaw
0.573,0.382,0.192,4.358,-7.324,280.394,Yaw
0.489,0.452,0.295,0.298,0.805,286.685,Yaw
-1.050,0.686,0.470,3.754,-2.949,286.685,Yaw
-0.526,-0.038,0.630,1.601,-3.395,245.805,Yaw
-0.382,-0.118,1.069,1.164,-3.815,81.393,Yaw
-0.312,0.064,0.995,0.788,-2.608,3.658,Yaw
-0.275,0.258,0.771,0.481,-2.424,-223.458,Yaw
-0.403,0.186,0.525,3.281,-2.791,-286.685,Yaw
-0.316,0.196,0.297,-0.691,-1.995,-286.685,Yaw
0.091,-0.261,0.313,-0.184,-0.368,-285.495,Yaw
0.680,0.014,0.449,1.033,-3.264,-261.520,Yaw
0.214,0.114,0.617,1.461,-3.649,-206.159,Yaw
0.215,0.096,0.671,1.470,-3.168,-163.905,Yaw
0.276,0.159,0.987,0.919,-2.826,-13.256,Yaw
0.308,0.297,0.665,0.490,-2.669,147.210,Yaw
0.385,0.166,0.569,1.470,-0.262,285.854,Yaw
0.409,0.178,0.574,-1.199,-0.298,286.685,Yaw
0.193,0.456,0.210,-2.152,0.149,286.685,Yaw
-0.551,0.696,0.690,-1.969,-4.970,286.685,Yaw
-0.625,0.040,0.907,1.715,-3.229,260.864,Yaw
-0.396,-0.240,0.980,1.750,-3.771,135.494,Yaw
-0.323,-0.059,1.007,0.070,-2.721,9.363,Yaw
-0.366,-0.043,0.985,1.768,-2.914,-96.320,Yaw
-0.373,0.082,0.920,1.138,-2.957,-274.470,Yaw
-0.307,0.254,0.537,0.525,-1.383,-286.685,Yaw
-0.261,0.405,0.257,1.120,-2.590,-286.685,Yaw
0.130,-0.058,0.406,1.059,-6.510,-286.685,Yaw
0.731,-0.286,0.461,0.096,-2.485,-249.690,Yaw
0.567,0.159,0.555,0.359,-3.649,-143.220,Yaw
0.224,0.290,0.943,1.059,-1.706,-6.037,Yaw
0.205,0.237,0.927,1.155,-2.852,144.533,Yaw
0.270,0.204,0.506,1.452,-3.325,252.499,Yaw
0.353,0.233,0.403,0.228,-0.376,280.096,Yaw
0.353,0.354,0.496,0.411,-0.665,286.396,Yaw
-0.352,0.544,0.564,1.085,-2.126,286.685,Yaw
-0.564,0.604,0.485,-2.450,2.809,283.281,Yaw
-0.531,-0.097,0.715,0.604,-3.771,182.000,Yaw
-0.354,-0.082,1.071,1.269,-4.156,7.324,Yaw
-0.511,-0.016,0.994,1.829,-2.888,-139.143,Yaw
-0.361,0.196,0.700,1.321,-1.951,-278.565,Yaw
-0.285,0.263,0.354,-3.071,0.123,-286.685,Yaw
-0.101,0.010,0.560,2.713,-1.461,-286.685,Yaw
0.159,-0.206,0.328,1.837,0.368,-286.685,Yaw
0.724,0.111,0.391,-2.214,-2.809,-270.533,Yaw
0.374,0.108,0.614,0.026,-3.955,-176.995,Yaw
0.226,0.112,0.823,1.759,-2.144,-45.710,Yaw
0.212,0.156,0.893,1.216,-2.818,53.944,Yaw
0.225,0.175,0.523,1.216,-3.132,253.470,Yaw
0.363,0.308,0.338,0.683,-4.077,286.685,Yaw
0.195,0.388,0.318,-1.951,3.124,286.685,Yaw
-0.065,0.587,0.396,-2.074,-3.876,286.011,Yaw
-0.310,0.598,0.510,-0.289,-1.855,286.685,Yaw
-0.576,0.052,0.759,1.120,-3.955,263.078,Yaw
-0.458,-0.152,0.968,0.709,-3.885,60.900,Yaw
-0.322,0.017,1.076,1.181,-3.132,-25.060,Yaw
-0.181,0.154,0.670,2.013,-2.284,-245.140,Yaw
-0.264,0.222,0.380,1.663,-6.379,-286.536,Yaw
-0.212,0.246,0.303,2.503,-6.501,-286.685,Yaw
-0.021,-0.399,0.258,9.783,-3.237,-286.685,Yaw
0.819,0.000,0.481,-7.971,-4.323,-272.081,Yaw
0.304,0.098,0.686,0.621,-3.124,-139.116,Yaw
0.197,0.158,0.745,0.892,-2.485,-62.807,Yaw
0.318,0.167,0.870,0.394,-3.089,84.438,Yaw
0.351,0.049,0.277,3.684,-7.236,274.138,Yaw
0.387,0.358,0.311,1.645,-2.581,286.685,Yaw
0.267,0.630,0.388,1.418,-2.336,286.449,Yaw
-0.276,0.484,0.959,-3.955,-3.211,286.685,Yaw
-0.289,0.197,0.774,-24.798,-5.556,285.031,Yaw
-0.556,0.218,0.681,39.445,-5.985,191.258,Yaw
-0.221,0.167,1.025,1.776,-4.060,29.444,Yaw
-0.284,0.212,0.593,0.385,-2.214,-222.364,Yaw
-0.478,0.020,0.771,3.649,-4.664,-284.174,Yaw
-0.154,-0.453,0.572,2.511,-4.952,-286.685,Yaw
-0.054,-0.145,0.265,-0.044,-0.455,-270.506,Yaw
0.315,-0.080,0.571,-0.788,-0.490,-273.901,Yaw
0.040,0.053,0.766,-0.691,-1.321,-268.546,Yaw
0.103,0.089,0.259,1.400,-2.476,-249.533,Yaw
0.260,0.191,0.833,0.315,-2.450,-136.194,Yaw
0.366,0.155,0.972,0.341,-3.132,71.960,Yaw
0.511,0.052,0.562,1.890,-1.575,279.046,Yaw
0.249,0.257,0.104,1.190,-3.089,283.797,Yaw
0.316,0.426,0.543,2.284,-9.310,273.630,Yaw
-0.213,0.462,0.299,-1.426,1.199,261.415,Yaw
-0.340,0.424,0.657,-0.157,-3.334,285.635,Yaw
-0.590,0.189,0.737,1.846,-3.981,273.210,Yaw
-0.348,-0.114,0.950,0.376,-2.818,96.757,Yaw
-0.248,0.031,1.032,0.849,-2.564,-40.101,Yaw
-0.366,0.008,1.037,1.164,-3.220,-141.531,Yaw
-0.457,0.018,0.516,1.286,-2.056,-286.685,Yaw
-0.292,0.425,0.392,2.415,-0.831,-286.685,Yaw
-0.324,0.367,0.354,1.085,-4.016,-286.685,Yaw
0.370,-0.308,0.195,-0.779,-3.299,-286.685,Yaw
0.456,0.351,0.566,1.225,0.052,-284.611,Yaw
0.429,0.215,0.963,0.394,-4.113,-200.909,Yaw
0.641,0.182,1.079,2.293,-1.942,33.583,Yaw
0.216,0.101,0.517,0.403,-2.572,184.704,Yaw
0.335,0.113,0.495,2.284,-2.721,280.158,Yaw
0.648,0.445,0.502,0.280,2.783,265.195,Yaw
0.659,0.324,0.337,4.410,-0.044,286.685,Yaw
-0.491,0.376,0.264,1.067,-3.955,286.274,Yaw
-1.140,0.514,0.868,2.520,-4.296,252.394,Yaw
-0.339,-0.199,0.993,1.260,-2.940,85.584,Yaw
-0.219,0.081,1.041,0.831,-2.914,-1.146,Yaw
-0.348,0.265,0.846,0.744,-4.795,-221.515,Yaw
-0.329,0.213,0.266,1.225,-0.656,-286.685,Yaw
-0.033,0.022,0.434,0.149,-3.605,-280.289,Yaw
0.078,-0.169,0.405,0.595,-4.270,-245.779,Yaw
0.481,-0.013,0.535,0.928,-4.139,-255.465,Yaw
0.304,0.148,0.543,2.328,-4.471,-226.546,Yaw
0.156,0.155,0.909,1.155,-3.045,-143.316,Yaw
0.189,0.134,0.981,0.647,-3.386,-57.146,Yaw
0.428,0.223,0.906,-0.070,-3.553,117.416,Yaw
0.313,0.365,0.298,0.376,-4.200,284.270,Yaw
0.392,0.216,0.332,3.640,1.654,285.862,Yaw
0.175,0.283,0.438,-5.101,-2.144,286.685,Yaw
-0.532,0.308,0.249,-3.098,-1.750,286.685,Yaw
-0.394,0.122,0.590,0.551,-2.118,239.995,Yaw
-0.436,0.089,0.720,0.000,-2.135,231.149,Yaw
-0.361,-0.099,1.025,0.656,-2.783,43.662,Yaw
-0.440,0.058,0.786,-0.875,-2.047,-93.327,Yaw
-0.403,0.050,0.550,2.398,-3.141,-268.459,Yaw
-0.315,0.124,0.476,-0.052,-3.491,-286.685,Yaw
0.030,0.265,0.623,3.658,-3.596,-286.685,Yaw
0.073,-0.099,0.482,1.837,-6.142,-278.906,Yaw
0.376,-0.213,0.357,-5.469,-1.094,-255.780,Yaw
0.313,0.085,0.629,1.225,-2.608,-194.189,Yaw
0.161,0.387,0.922,0.866,-3.640,-89.512,Yaw
0.479,0.221,1.047,1.190,-2.686,54.373,Yaw
0.458,0.205,0.534,1.234,-4.191,278.539,Yaw
0.349,0.116,0.267,3.062,-2.905,286.685,Yaw
0.265,0.259,0.316,-1.435,-7.613,286.685,Yaw
-0.087,0.485,0.337,0.446,-4.445,286.685,Yaw
-0.144,0.297,0.408,0.149,0.236,286.554,Yaw
-0.951,0.240,0.617,3.211,-5.548,220.133,Yaw
-0.406,-0.063,1.010,2.144,-3.929,-17.019,Yaw
-0.356,0.022,0.936,0.910,-3.080,-145.950,Yaw
-0.328,0.239,0.888,1.225,-1.181,-256.804,Yaw
-0.380,0.320,0.456,2.957,-4.497,-286.283,Yaw
-0.265,0.173,0.550,-1.059,-2.914,-286.633,Yaw
-0.580,0.659,1.770,-54.994,-99.654,51.397,Shake
-0.684,0.714,1.690,-194.591,-253.741,158.760,Shake
-0.839,0.659,1.591,-281.811,-286.685,217.061,Shake
-0.792,0.317,1.426,-286.685,-286.685,279.921,Shake
-0.616,-0.328,1.009,-286.685,-286.685,286.685,Shake
-0.215,-1.262,0.493,-286.527,-286.685,282.161,Shake
0.122,-1.997,-0.257,-189.490,-286.685,148.496,Shake
0.335,-1.999,-1.062,69.545,-189.446,-69.073,Shake
0.230,-1.999,-1.862,270.060,-47.941,-226.214,Shake
-0.312,-1.999,-1.997,286.685,189.857,-286.685,Shake
-1.806,-1.999,-1.776,286.685,286.685,-286.685,Shake
-1.999,-1.267,-1.062,286.685,286.685,-286.685,Shake
-1.999,0.920,-1.005,286.685,234.754,-286.685,Shake
-1.999,1.469,-0.768,286.685,91.175,-286.685,Shake
-1.999,1.997,-1.996,233.949,-56.333,-281.461,Shake
-1.999,1.997,-1.997,-155.872,15.391,69.396,Shake
-1.999,1.997,-0.637,-286.685,84.954,286.685,Shake
-1.999,1.997,1.150,-286.685,-105.910,286.685,Shake
-1.999,0.729,1.507,-286.685,-286.309,286.685,Shake
-1.999,-1.999,-1.997,-286.685,-286.685,286.685,Shake
0.340,-1.999,-1.929,108.815,-213.894,231.070,Shake
0.713,-1.999,-1.415,285.950,-30.704,-118.554,Shake
0.341,-1.999,-1.175,100.397,51.756,-285.119,Shake
-0.280,-1.999,-0.821,125.029,176.181,-286.685,Shake
-1.319,-1.881,-0.109,285.582,285.521,-286.685,Shake
-1.837,-0.613,0.636,280.735,250.644,-286.685,Shake
-1.999,1.127,0.427,244.029,130.979,-286.685,Shake
-1.999,1.997,-0.814,286.685,138.652,-286.685,Shake
-1.999,1.997,-0.568,144.480,56.560,-136.736,Shake
-1.999,1.997,-0.611,-234.220,-70.674,199.955,Shake
-1.560,1.356,-0.356,-286.685,-122.640,286.685,Shake
-0.223,-1.566,0.247,-286.685,-49.744,286.685,Shake
0.654,-1.999,1.128,172.839,192.798,134.986,Shake
0.544,-1.829,1.999,285.688,180.092,-85.934,Shake
-0.070,-0.417,1.929,98.044,14.971,-178.167,Shake
0.499,1.104,-0.858,-50.820,-30.170,-135.336,Shake
-0.801,1.276,1.252,162.208,129.071,-83.265,Shake
-1.181,0.865,0.727,-156.651,55.090,-73.561,Shake
-0.462,1.147,-0.367,-61.408,27.545,-45.474,Shake
-0.652,0.542,1.263,-21.936,247.581,-62.037,Shake
-0.700,0.010,1.055,-91.665,286.685,-167.571,Shake
-0.286,0.258,0.105,-141.330,206.622,-166.136,Shake
-0.231,0.733,0.673,-61.311,129.596,-96.302,Shake
-0.606,0.882,0.912,-148.549,-115.430,137.812,Shake
-1.220,1.375,1.607,-79.695,-202.431,62.536,Shake
-0.374,1.685,1.999,59.220,-164.938,-205.809,Shake
-0.766,1.265,1.999,104.230,210.376,-186.148,Shake
-0.726,0.447,1.999,224.849,286.685,-286.685,Shake
-0.120,-0.808,1.828,238.674,286.685,-286.685,Shake
1.998,-1.155,0.181,127.829,286.685,-286.685,Shake
1.998,-1.345,-1.997,-107.363,286.685,-286.685,Shake
1.998,-1.588,-1.881,-180.320,-278.022,95.489,Shake
1.370,-1.287,0.234,-276.036,-286.685,144.121,Shake
0.483,-1.957,0.796,-286.685,-286.685,-270.086,Shake
1.054,-1.999,1.637,-286.659,-286.685,-227.833,Shake
1.998,0.208,1.999,57.181,-286.685,89.539,Shake
1.679,0.761,1.999,200.497,-286.685,-181.484,Shake
0.449,-0.428,1.999,42.857,-286.212,-45.911,Shake
1.591,1.072,1.999,-197.619,257.075,83.116,Shake
1.742,0.982,1.999,241.202,15.339,-88.812,Shake
0.752,-0.372,1.999,286.685,-279.755,-87.973,Shake
-0.138,-1.229,1.999,286.685,194.163,-240.196,Shake
1.387,-1.999,1.999,286.685,286.685,-286.685,Shake
1.916,-1.999,1.999,286.685,286.685,-286.685,Shake
1.998,-1.999,1.555,286.685,286.685,-286.685,Shake
1.998,-0.088,-1.997,108.412,280.954,-286.685,Shake
1.998,-1.999,-1.165,-286.659,-286.685,-286.685,Shake
0.881,-1.999,0.698,-286.685,-286.685,-286.685,Shake
-0.324,-1.999,0.850,-265.755,-286.685,-271.486,Shake
1.980,-1.996,1.606,96.276,-286.685,116.926,Shake
1.998,1.988,1.999,286.685,-286.685,286.685,Shake
1.998,1.950,1.999,121.896,-215.583,228.935,Shake
1.998,1.955,1.999,-286.685,286.685,-278.469,Shake
1.998,1.679,0.736,84.166,280.350,-286.685,Shake
0.901,-0.958,1.999,286.685,-286.685,-182.928,Shake
-0.932,-1.487,1.999,286.685,14.403,-286.527,Shake
1.738,-1.999,1.999,286.685,286.685,-286.685,Shake
1.998,-1.763,1.999,229.215,286.685,-286.685,Shake
1.998,-0.432,-1.997,-238.586,286.685,-286.685,Shake
1.998,-1.999,-1.494,-273.079,-286.685,-230.344,Shake
1.713,-1.719,1.155,-159.285,-286.685,-94.220,Shake
0.865,-1.999,1.526,-204.059,-286.685,-160.545,Shake
1.998,-1.999,1.662,-6.011,-286.685,220.089,Shake
1.998,1.677,1.999,286.685,-286.685,286.685,Shake
1.998,1.997,1.999,19.163,-274.741,275.389,Shake
1.998,1.997,1.999,-286.685,286.685,-140.822,Shake
1.998,1.997,1.070,-137.874,286.484,-278.565,Shake
1.682,-0.415,1.999,286.685,-286.545,-277.086,Shake
-0.782,-1.209,1.999,286.685,-59.806,-286.685,Shake
1.633,-1.999,1.999,286.685,286.685,-286.685,Shake
1.998,-1.999,1.999,286.492,286.685,-286.685,Shake
1.998,-1.953,-1.929,-53.804,286.685,-286.685,Shake
1.998,-1.306,-1.997,-170.634,-34.388,-286.685,Shake
1.998,-1.999,0.109,-286.685,-286.685,-286.685,Shake
0.907,-1.999,0.952,-286.685,-286.685,-286.685,Shake
0.849,-1.999,0.420,-9.100,-286.685,-136.115,Shake
1.998,-1.274,1.872,284.515,-286.685,257.652,Shake
1.998,1.997,1.999,286.685,-286.685,286.685,Shake
1.879,0.585,1.999,-217.954,44.791,80.098,Shake
1.998,1.581,1.999,-286.685,286.685,-17.229,Shake
1.998,1.715,0.321,-13.624,254.179,-265.825,Shake
1.348,-0.129,1.999,286.685,-286.685,-160.011,Shake
-0.440,-0.687,1.999,286.685,-139.370,-272.003,Shake
1.137,-1.314,1.999,286.685,286.685,-286.685,Shake
1.958,-1.583,1.999,286.685,286.685,-286.685,Shake
1.998,-1.987,1.779,245.665,286.685,-286.685,Shake
1.998,-1.999,-1.997,238.525,286.685,-286.685,Shake
1.998,-1.999,-1.997,-160.379,-273.744,-204.943,Shake
1.998,-1.999,-0.466,-286.685,-286.685,-172.681,Shake
1.414,-1.999,1.257,-286.685,-286.685,-286.668,Shake
0.117,-1.999,1.586,-279.142,-286.685,-201.014,Shake
1.998,-1.146,1.835,283.474,-286.685,286.685,Shake
1.998,1.997,1.999,286.685,-286.685,286.685,Shake
1.998,1.997,1.999,57.855,11.060,-121.240,Shake
1.998,1.993,1.999,-286.685,286.685,-286.685,Shake
1.998,1.184,0.403,168.997,222.915,-286.685,Shake
1.052,-0.575,1.999,286.685,-286.685,-206.001,Shake
-0.432,-0.896,1.999,286.685,-31.517,-286.685,Shake
-0.264,-1.778,1.999,286.685,286.685,-286.685,Shake
1.998,-1.993,1.999,286.510,286.685,-286.685,Shake
1.998,-1.830,-1.927,74.891,286.685,-286.685,Shake
1.998,-1.259,-1.997,-120.645,165.708,-286.685,Shake
1.998,-1.999,-1.589,-286.685,-286.685,-286.685,Shake
1.918,-1.783,-0.164,-278.101,-286.685,-286.685,Shake
1.073,-1.999,0.607,-131.084,-286.685,-286.685,Shake
1.998,-1.555,1.466,274.461,-286.685,236.084,Shake
1.998,1.997,1.999,286.685,-286.685,286.685,Shake
1.998,1.997,1.999,262.666,-238.053,180.128,Shake
1.998,1.852,1.999,-286.685,286.685,-250.075,Shake
1.998,1.942,0.202,-166.932,286.685,-286.142,Shake
1.586,-0.195,1.808,286.685,-285.705,-216.834,Shake
0.278,-0.342,1.999,286.685,-279.099,-157.001,Shake
-0.616,-0.934,1.999,286.685,241.526,-286.685,Shake
1.941,-1.013,1.999,266.866,286.685,-286.685,Shake
1.998,-1.978,1.742,275.949,286.685,-286.685,Shake
1.998,-1.351,-1.997,147.245,286.685,-286.685,Shake
1.998,-1.434,-1.997,-225.951,-93.327,-286.685,Shake
1.998,-1.999,-1.277,-286.685,-286.685,-286.633,Shake
1.535,-1.815,0.280,-155.400,-286.685,-286.247,Shake
0.490,-1.999,0.976,-126.446,-286.685,-259.438,Shake
1.998,-1.347,1.728,276.421,-286.685,285.390,Shake
1.998,1.997,1.999,286.685,-286.685,286.685,Shake
1.998,1.997,1.999,183.514,-286.685,273.560,Shake
1.998,1.567,1.999,-286.685,286.685,-193.909,Shake
1.998,1.993,0.158,-165.174,284.270,-280.420,Shake
1.995,0.477,1.243,286.685,-286.685,-223.125,Shake
0.055,-0.559,1.999,286.685,-286.685,-163.818,Shake
-0.005,-0.522,1.999,286.685,264.854,-286.685,Shake
1.989,-1.284,1.999,286.318,286.685,-286.685,Shake
1.998,-1.578,1.471,185.955,286.685,-286.685,Shake
1.998,-1.975,-1.717,56.945,286.685,-286.685,Shake
1.998,-0.972,-1.997,-186.034,141.242,-286.685,Shake
1.998,-1.999,-0.615,-286.685,-286.685,-286.685,Shake
1.719,-1.999,0.767,-259.306,-286.685,-286.685,Shake
1.885,-1.999,0.838,-28.464,-286.685,-123.130,Shake
1.998,-0.783,1.741,284.147,-286.685,286.685,Shake
1.998,1.997,1.999,286.685,-286.685,286.685,Shake
1.998,0.945,1.999,-235.917,-105.105,4.769,Shake
1.998,1.997,1.999,-286.685,286.685,8.068,Shake
1.998,1.881,0.972,-186.848,285.311,-242.716,Shake
1.630,0.027,1.988,286.685,-285.740,-253.566,Shake
-0.209,-0.508,1.999,286.685,-177.721,-247.144,Shake
1.202,-1.058,1.999,286.685,286.685,-286.685,Shake
1.997,-1.244,1.999,232.549,286.685,-286.685,Shake
1.998,-1.326,1.461,100.966,286.685,-286.685,Shake
1.998,-1.681,-1.997,36.487,286.685,-286.685,Shake
1.998,-1.648,-1.997,-190.969,-222.477,-286.685,Shake
1.998,-1.999,-0.481,-286.685,-286.685,-286.685,Shake
1.998,-1.999,0.565,-286.685,-286.685,-286.685,Shake
1.998,-1.999,1.061,-130.856,-286.685,-233.538,Shake
1.998,1.217,1.999,286.685,-286.685,286.685,Shake
1.998,1.621,1.999,218.969,-286.685,100.389,Shake
1.998,-0.311,1.999,-213.815,-169.934,60.506,Shake
1.998,1.980,1.999,-286.685,286.685,203.682,Shake
1.998,1.049,0.627,195.003,269.745,-231.446,Shake
1.387,-0.450,1.999,286.685,-286.676,-236.766,Shake
-0.002,-1.082,1.999,286.685,-19.827,-286.361,Shake
0.252,-0.919,1.999,245.070,286.685,-286.685,Shake
1.998,-0.931,1.999,-17.509,286.685,-286.685,Shake
1.998,-1.429,-1.145,-135.345,286.685,-286.685,Shake
1.998,0.122,-1.997,67.970,225.820,-286.685,Shake
1.998,-1.967,-1.761,-240.765,-286.685,-286.685,Shake
1.998,-1.999,-0.181,-286.685,-286.685,-286.685,Shake
1.490,-1.999,-0.104,-252.402,-286.685,-286.685,Shake
1.998,-0.782,0.606,286.212,-286.685,23.214,Shake
1.998,1.762,1.999,286.685,-286.685,286.685,Shake
1.998,1.370,1.999,231.131,-286.685,83.195,Shake
1.941,-0.562,1.999,-269.596,130.113,-39.515,Shake
1.998,1.652,1.999,-286.685,286.685,208.311,Shake
1.991,1.261,0.099,159.023,269.684,-207.760,Shake
1.309,-0.100,1.675,286.685,-231.473,-157.378,Shake
-0.362,-1.174,1.999,286.685,-196.499,-128.161,Shake
0.042,-1.513,1.999,276.220,286.685,-286.685,Shake
1.998,-0.882,1.995,-21.219,286.685,-286.685,Shake
1.998,-0.700,0.865,-127.628,286.685,-286.685,Shake
1.998,1.081,-1.997,-127.654,286.685,-286.685,Shake
1.998,-1.787,-1.856,-130.716,-280.394,-286.685,Shake
1.455,-1.999,-0.304,-286.685,-286.685,-286.685,Shake
0.781,-1.999,-0.714,-254.432,-286.685,-286.685,Shake
1.998,-1.863,0.113,141.234,-286.685,-192.167,Shake
1.998,-0.154,1.999,286.685,-286.685,169.741,Shake
1.998,1.017,1.999,112.306,-286.685,-262.430,Shake
1.904,-1.206,1.999,154.193,-279.501,-175.254,Shake
1.568,0.542,1.999,60.734,264.346,172.165,Shake
1.788,0.381,1.898,186.393,284.279,-150.833,Shake
0.935,-0.125,1.454,286.685,7.674,-87.334,Shake
0.101,-1.043,1.999,286.685,-27.291,-86.957,Shake
0.180,-1.110,1.999,286.685,286.685,-286.685,Shake
1.906,-0.808,1.999,227.938,286.685,-286.685,Shake
1.998,-1.184,0.494,101.369,286.685,-286.685,Shake
1.998,-0.276,-1.997,236.259,286.685,-286.685,Shake
1.998,-1.999,-1.997,-218.426,-243.766,-286.685,Shake
1.998,-1.999,-0.915,-286.685,-286.685,-286.685,Shake
1.405,-1.999,-0.393,-234.561,-286.685,-286.685,Shake
1.921,-1.999,-0.007,-71.601,-286.685,-286.510,Shake
1.998,-0.034,1.999,286.685,-286.685,201.337,Shake
1.998,1.446,1.999,191.844,-286.685,-67.410,Shake
1.997,-1.005,1.999,-104.834,-17.903,-100.450,Shake
1.998,0.134,1.999,-286.685,286.685,279.265,Shake
1.856,1.070,1.862,-222.294,286.685,-57.260,Shake
1.111,-0.469,0.786,286.685,18.086,-90.134,Shake
0.353,-1.252,1.999,286.685,-263.060,-63.280,Shake
-0.504,-1.745,1.999,286.685,117.040,-227.981,Shake
1.451,-1.152,1.999,219.450,286.685,-286.685,Shake
1.998,-0.813,1.096,-38.806,286.685,-286.685,Shake
1.998,-0.042,-1.997,36.068,286.685,-286.685,Shake
1.998,-1.040,-1.997,171.264,-286.615,-286.685,Shake
1.998,-1.999,-0.051,-286.685,-286.685,-286.685,Shake
1.161,-1.999,-0.082,-286.685,-286.685,-286.685,Shake
1.595,-1.999,-0.182,-45.640,-286.685,-269.631,Shake
1.998,0.910,1.999,286.685,-286.685,248.334,Shake
1.998,1.997,1.999,221.436,-286.685,33.486,Shake
1.547,-0.495,1.999,-264.504,-100.056,-246.199,Shake
1.998,1.098,1.999,-286.685,286.685,281.934,Shake
1.820,0.686,0.375,29.566,286.685,-207.226,Shake
0.512,-1.140,1.164,286.685,-155.977,-94.938,Shake
-0.858,-1.405,1.999,286.685,-165.550,1.732,Shake
-0.600,-1.673,1.999,286.685,286.685,-277.900,Shake
1.998,-1.602,1.999,211.540,286.685,-286.685,Shake
1.998,-0.972,-1.997,24.097,286.685,-286.685,Shake
1.998,-0.069,-1.997,125.702,277.769,-286.685,Shake
1.998,-1.999,-1.461,-283.754,-286.685,-286.685,Shake
1.365,-1.999,-0.350,-277.611,-286.685,-286.685,Shake
0.998,-1.999,-0.094,-143.474,-286.685,-286.685,Shake
1.998,-0.530,1.201,286.186,-286.685,190.435,Shake
1.998,1.965,1.999,286.685,-286.685,282.677,Shake
1.998,0.813,1.999,-63.735,-286.291,-210.980,Shake
1.998,-0.244,1.999,-286.685,286.685,121.931,Shake
1.706,1.542,1.819,-216.711,286.685,101.465,Shake
1.098,0.358,0.204,226.546,26.302,-206.762,Shake
0.441,-0.738,1.888,286.685,-286.606,-75.268,Shake
-0.612,-0.978,1.999,286.685,113.811,-98.070,Shake
1.558,-1.127,1.999,285.897,286.685,-286.685,Shake
1.998,-1.115,1.666,202.396,286.685,-286.685,Shake
1.998,-1.437,-0.301,191.441,286.685,-286.685,Shake
1.998,0.365,-1.997,155.461,283.395,-286.685,Shake
1.964,-1.999,-1.647,-286.685,-285.880,-286.685,Shake
1.761,-1.999,-0.763,-284.533,-286.685,-286.685,Shake
1.173,-1.999,-0.515,-134.584,-286.685,-286.685,Shake
1.998,-1.490,0.313,285.941,-286.685,-111.230,Shake
1.998,1.867,1.999,286.685,-286.685,285.241,Shake
1.661,-0.430,1.999,-278.906,-275.800,-286.685,Shake
1.816,-0.716,1.999,-143.955,216.729,186.979,Shake
1.654,0.465,1.999,-112.429,286.685,273.840,Shake
1.276,-0.383,0.742,83.974,286.685,-134.006,Shake
0.047,-0.976,0.937,286.685,90.073,-25.532,Shake
-0.312,-1.455,1.999,286.685,274.663,-25.926,Shake
0.288,-1.724,1.975,286.685,286.685,-185.929,Shake
1.998,-1.332,1.117,234.850,286.685,-286.685,Shake
1.998,-0.805,-0.746,18.007,286.685,-286.685,Shake
1.998,-0.177,-1.997,246.619,278.539,-286.685,Shake
1.656,-1.205,-1.997,60.629,-266.875,-286.685,Shake
0.930,-1.957,-0.950,-286.685,-286.685,-286.685,Shake
1.431,-1.999,0.230,-286.685,-286.685,-286.685,Shake
1.920,-1.677,1.572,-14.035,-286.685,-20.160,Shake
1.025,1.356,1.999,127.514,-286.685,147.271,Shake
-0.172,-0.306,1.999,-249.655,-280.429,-285.276,Shake
1.440,-1.912,1.999,24.692,-163.380,-254.258,Shake
0.539,-0.656,1.999,54.845,-73.902,-33.889,Shake
0.519,-1.092,1.999,135.975,248.474,-145.469,Shake
0.160,-1.297,1.495,276.614,280.525,-105.744,Shake
-0.512,-1.565,1.315,286.685,286.685,30.599,Shake
0.091,-1.439,1.283,286.685,286.685,93.634,Shake
1.758,-1.432,0.847,208.652,286.685,2.861,Shake
1.998,-1.240,-0.237,96.871,286.685,-18.235,Shake
1.998,-0.105,-1.997,276.710,286.685,106.636,Shake
1.024,-0.194,-1.997,234.631,-241.605,-31.684,Shake
0.457,-0.573,-1.057,-286.685,-286.685,-270.707,Shake
0.818,-1.395,-0.240,-286.685,-286.685,-286.685,Shake
1.186,-1.999,0.549,-286.685,-286.685,-286.685,Shake
1.913,-1.999,1.130,-249.121,-286.685,-226.643,Shake
-0.015,0.409,1.999,-54.862,-286.685,245.525,Shake
0.729,-1.635,1.999,-254.984,212.984,-286.685,Shake
1.480,-1.999,1.999,211.496,86.012,26.731,Shake
0.415,-1.284,1.999,286.685,114.004,65.721,Shake
0.310,-1.487,1.314,286.685,286.685,-11.366,Shake
0.149,-1.388,1.054,286.685,286.685,208.898,Shake
0.696,-1.428,1.276,286.685,286.685,278.224,Shake
1.998,-1.718,0.853,286.685,286.685,131.985,Shake
1.998,-1.758,-1.102,286.685,286.685,31.605,Shake
1.998,-0.886,-1.997,286.685,286.519,66.981,Shake
1.998,-1.160,-1.997,286.335,-172.410,71.391,Shake
1.501,-1.213,-1.224,-276.535,-286.685,-86.599,Shake
1.003,-1.680,-0.159,-286.685,-286.685,-286.685,Shake
1.996,-1.999,0.612,-286.685,-286.685,-286.685,Shake
1.998,-1.999,1.557,-82.224,-286.685,-93.450,Shake
1.998,-0.552,1.999,61.880,-286.685,258.536,Shake
1.315,-0.668,1.999,-286.685,-90.772,-286.685,Shake
1.958,-1.739,1.999,105.201,-111.746,-136.246,Shake
0.925,-0.925,1.999,286.685,171.001,-14.525,Shake
1.390,-1.645,1.957,286.685,286.685,-114.459,Shake
0.416,-1.999,1.354,286.685,286.685,-16.397,Shake
0.393,-1.999,1.999,286.685,286.685,65.826,Shake
1.998,-1.999,1.163,275.476,286.685,-164.806,Shake
1.998,-1.576,-1.366,180.390,286.685,-211.277,Shake
1.998,-0.770,-1.997,286.685,273.639,-20.825,Shake
1.998,-1.494,-1.949,-253.348,-286.685,-95.795,Shake
1.489,-1.572,-0.330,-286.685,-286.685,-286.685,Shake
1.459,-1.999,0.894,-286.685,-286.685,-286.685,Shake
1.634,-1.999,0.076,-264.985,-286.685,-286.003,Shake
1.998,-1.999,1.999,118.869,-286.685,43.750,Shake
-1.748,0.119,1.999,-283.658,-274.015,-17.421,Shake
1.998,-1.998,1.999,-139.773,284.576,-276.404,Shake
1.229,-1.604,1.999,286.685,14.971,20.921,Shake
0.474,-1.591,1.999,286.685,282.144,-172.095,Shake
0.162,-1.999,0.857,286.685,286.685,-90.554,Shake
-0.453,-1.999,1.025,286.685,286.685,195.974,Shake
1.960,-1.999,1.126,286.685,286.685,227.027,Shake
1.998,-1.844,0.644,203.289,286.685,137.541,Shake
1.998,-0.442,-1.997,241.894,286.685,246.785,Shake
1.998,-0.073,-1.997,277.060,-246.015,99.444,Shake
1.287,-0.724,-0.771,-286.685,-286.685,-225.671,Shake
1.088,-0.885,-0.553,-286.685,-286.685,-286.685,Shake
1.744,-1.999,-0.369,-286.685,-286.685,-286.685,Shake
1.998,-1.999,0.240,-217.726,-286.685,-286.685,Shake
1.996,-1.497,1.999,104.641,-286.685,-5.066,Shake
0.958,-1.253,1.999,-286.685,-54.268,-286.685,Shake
1.984,-1.999,1.999,96.941,78.339,-229.871,Shake
1.004,-1.802,1.999,286.659,28.438,-32.655,Shake
0.672,-1.870,1.900,260.767,286.685,-153.186,Shake
-0.089,-1.850,1.293,286.685,286.685,38.920,Shake
-0.228,-1.965,1.528,286.685,286.685,138.915,Shake
1.901,-1.999,1.741,286.685,286.685,8.094,Shake
1.998,-1.244,-0.648,0.980,286.685,-127.164,Shake
1.998,-0.474,-1.997,165.786,286.685,16.914,Shake
1.998,-0.242,-1.997,285.294,112.271,109.664,Shake
1.416,-0.691,-1.393,-261.459,-286.685,11.541,Shake
0.748,-0.864,-0.477,-286.685,-286.685,-285.189,Shake
1.604,-1.999,-0.253,-286.685,-286.685,-286.685,Shake
1.998,-1.999,0.936,-283.185,-286.685,-286.685,Shake
1.998,-1.199,1.999,-0.394,-286.685,150.176,Shake
-1.439,-0.727,1.999,-286.685,-224.525,-203.875,Shake
1.998,-1.999,1.869,-38.150,242.244,-211.741,Shake
0.933,-1.623,1.999,286.685,6.650,47.740,Shake
0.111,-1.561,1.718,286.685,251.431,-75.635,Shake
-0.159,-1.721,1.111,286.685,286.685,23.765,Shake
-0.098,-1.936,1.527,286.685,286.685,248.649,Shake
1.998,-1.999,1.531,286.685,286.685,106.470,Shake
1.998,-1.881,-1.255,209.869,286.685,-7.586,Shake
1.998,-0.906,-1.997,286.038,286.685,96.530,Shake
1.998,-0.608,-1.997,250.259,-129.299,151.305,Shake
1.196,-0.568,-1.222,-286.685,-286.685,-120.348,Shake
1.152,-1.473,0.001,-286.685,-286.685,-286.685,Shake
1.768,-1.999,0.616,-286.685,-286.685,-286.685,Shake
1.998,-1.999,0.467,-286.685,-286.685,-286.685,Shake
1.998,-1.918,1.999,47.276,-286.685,182.201,Shake
-0.438,-1.048,1.999,-286.685,38.859,-250.758,Shake
1.770,-1.999,1.760,-19.661,282.660,-38.211,Shake
0.862,-1.641,1.484,286.685,154.035,46.130,Shake
0.114,-1.370,1.225,286.685,187.390,-62.702,Shake
-0.701,-1.482,1.179,286.685,284.953,9.406,Shake
-0.343,-1.443,0.088,286.440,286.685,193.279,Shake
1.666,-1.395,0.756,286.685,286.685,282.949,Shake
1.998,-0.755,-1.148,285.871,286.685,192.894,Shake
1.995,-0.437,-1.997,286.685,286.685,184.809,Shake
1.191,-0.603,-1.997,282.660,13.729,131.259,Shake
0.951,-0.515,-1.997,-149.704,-283.605,0.928,Shake
0.881,-0.687,-0.852,-286.685,-286.685,-282.581,Shake
1.308,-1.999,0.421,-286.685,-286.685,-286.685,Shake
1.362,-1.999,0.590,-286.685,-286.685,-286.685,Shake
1.883,-1.999,1.969,-64.164,-286.685,192.964,Shake
-0.833,-0.363,1.999,-221.113,-286.685,209.195,Shake
0.954,-1.812,1.999,-286.685,237.974,-286.685,Shake
0.953,-1.988,1.930,94.141,-120.584,-77.656,Shake
0.112,-1.561,1.999,286.685,-8.461,-55.711,Shake
0.169,-1.726,1.993,286.685,284.760,-30.109,Shake
-0.188,-1.758,1.320,286.685,286.685,117.600,Shake
0.256,-1.899,1.292,286.685,286.685,256.751,Shake
1.998,-1.996,0.449,286.685,286.685,169.120,Shake
1.998,-1.590,-1.143,283.255,286.685,134.636,Shake
1.998,-0.860,-1.997,286.685,286.685,185.596,Shake
1.808,-0.447,-1.997,36.505,-185.211,83.746,Shake
1.115,-0.515,-1.055,-286.685,-286.685,-236.976,Shake
0.997,-1.273,-0.118,-286.685,-286.685,-286.685,Shake
1.987,-1.999,-0.081,-286.685,-286.685,-286.685,Shake
1.998,-1.999,0.484,-278.862,-286.685,-272.956,Shake
0.199,-1.040,1.999,-199.001,-286.685,85.522,Shake
1.886,-1.999,1.999,-286.685,266.866,-286.685,Shake
1.811,-1.999,1.999,169.514,-75.801,0.490,Shake
0.058,-1.750,1.999,286.685,112.158,34.860,Shake
0.553,-1.861,1.510,286.685,286.685,16.083,Shake
0.082,-1.999,0.645,286.685,286.685,195.676,Shake
0.284,-1.999,0.811,286.685,286.685,286.606,Shake
1.998,-1.999,0.939,286.685,286.685,206.876,Shake
1.998,-1.814,-1.653,286.685,286.685,46.812,Shake
1.998,0.217,-1.997,286.142,219.564,-6.291,Shake
1.998,-1.355,-1.997,-120.277,-286.335,-173.294,Shake
1.774,-1.599,-0.563,-286.685,-286.685,-286.685,Shake
1.988,-1.999,0.264,-286.685,-286.685,-286.685,Shake
1.998,-1.999,0.645,-277.147,-286.685,-273.682,Shake
1.627,-0.242,1.999,-89.609,-286.685,98.866,Shake
1.243,-1.061,1.999,-286.685,-23.538,-286.685,Shake
1.998,-1.999,1.999,-215.696,-112.516,-286.685,Shake
0.492,-1.710,1.999,232.645,-51.030,-113.855,Shake
0.716,-1.999,1.967,286.685,286.685,-150.439,Shake
0.447,-1.999,1.321,286.685,286.685,89.285,Shake
0.570,-1.999,1.478,286.685,286.685,210.656,Shake
1.972,-1.999,1.672,286.685,286.685,235.629,Shake
1.998,-1.244,0.823,-70.411,286.685,120.654,Shake
1.998,1.962,-1.997,-286.685,286.685,183.689,Shake
1.998,1.950,-1.997,-85.759,259.280,-113.916,Shake
1.998,-0.674,-0.854,48.825,-286.685,-275.415,Shake
1.097,-0.247,-0.634,-202.125,-286.685,-286.685,Shake
1.757,-1.967,-0.991,-286.685,-286.685,-286.685,Shake
1.998,-1.999,0.323,-110.863,-286.685,-286.685,Shake
1.998,-1.999,1.999,187.792,-286.685,-147.954,Shake
-0.273,-0.533,1.999,-286.685,-222.705,-286.134,Shake
1.998,-1.999,1.999,139.143,98.577,-179.349,Shake
0.833,-1.256,1.999,234.780,91.595,73.080,Shake
0.449,-1.912,1.612,205.914,286.685,-76.878,Shake
-0.223,-1.999,1.398,286.685,286.685,96.469,Shake
0.863,-1.999,1.557,286.685,286.685,250.372,Shake
1.998,-1.999,1.174,258.370,286.685,234.833,Shake
1.998,-1.106,0.670,-219.931,286.685,155.085,Shake
1.998,0.703,-1.500,-286.598,286.685,196.857,Shake
1.998,1.719,-1.997,264.022,276.500,284.384,Shake
1.998,0.033,-1.656,285.985,-286.685,-40.679,Shake
1.597,-0.455,-0.709,-104.772,-286.685,-258.169,Shake
1.223,-0.920,-0.658,-286.685,-286.685,-286.685,Shake
1.851,-1.999,-1.108,-286.685,-286.685,-286.685,Shake
1.998,-1.999,0.133,118.527,-286.685,-281.234,Shake
1.998,0.309,1.999,254.914,-286.685,134.759,Shake
0.521,-0.609,1.999,-286.685,-146.606,-286.685,Shake
1.998,-1.999,1.999,-126.070,-1.881,-276.780,Shake
0.797,-1.242,1.999,185.815,-8.523,152.268,Shake
1.121,-1.568,1.767,49.936,286.685,-56.936,Shake
-0.062,-1.949,1.271,286.571,286.685,76.668,Shake
-0.097,-1.963,1.591,286.685,286.685,129.211,Shake
1.217,-1.999,1.245,286.685,286.685,203.709,Shake
1.998,-1.999,0.952,271.600,286.685,231.709,Shake
1.998,-1.114,0.667,-145.652,286.685,216.492,Shake
1.998,0.261,-1.634,-232.557,286.685,260.120,Shake
1.998,1.035,-1.997,286.239,277.375,282.503,Shake
1.926,-0.024,-1.777,286.685,-286.527,34.772,Shake
1.189,-0.317,-1.294,-109.489,-286.685,-196.717,Shake
1.028,-0.778,-1.093,-286.685,-286.685,-286.685,Shake
1.238,-1.999,-0.617,-286.685,-286.685,-286.685,Shake
1.996,-1.999,-0.988,-180.932,-286.685,-286.685,Shake
1.998,-1.999,1.999,284.174,-286.685,26.845,Shake
-0.029,-1.201,1.999,-286.685,-277.777,-251.589,Shake
1.226,-1.999,1.999,-286.685,113.164,-284.987,Shake
0.993,-1.905,1.999,212.590,-18.996,242.988,Shake
1.132,-1.790,1.989,286.685,286.685,181.265,Shake
0.883,-1.967,0.062,286.685,286.685,203.613,Shake
0.423,-1.887,0.387,286.685,286.685,286.519,Shake
1.425,-1.999,0.789,286.685,286.685,286.685,Shake
1.998,-1.568,0.174,269.378,286.685,284.961,Shake
1.998,0.024,-1.972,167.143,286.685,206.491,Shake
1.998,0.903,-1.997,286.685,285.189,130.113,Shake
1.980,-0.463,-1.982,286.116,-281.855,-5.722,Shake
0.896,-0.369,-1.727,-272.869,-286.685,-272.755,Shake
0.842,-1.515,-0.718,-286.685,-286.685,-286.685,Shake
1.315,-1.999,-0.397,-286.685,-286.685,-286.685,Shake
1.949,-1.999,-1.109,-264.390,-286.685,-285.128,Shake
1.998,-1.999,1.999,286.685,-286.685,162.846,Shake
-1.353,-1.432,1.999,-273.717,-283.246,198.284,Shake
1.204,-1.999,1.999,-234.185,286.685,-14.770,Shake
1.278,-1.762,1.598,270.130,286.685,286.685,Shake
1.944,-1.642,0.543,286.685,286.685,286.685,Shake
1.209,-1.243,0.119,286.685,286.685,266.508,Shake
1.852,-0.620,-0.246,286.685,286.685,261.581,Shake
1.998,-0.677,-0.685,286.685,286.685,263.314,Shake
1.998,-0.247,-1.997,286.685,286.685,239.129,Shake
1.996,0.279,-1.997,286.685,-186.191,-29.321,Shake
1.180,-1.621,-1.337,26.136,-286.685,-262.203,Shake
0.731,-1.944,-0.518,-281.024,-286.685,-286.685,Shake
0.828,-1.999,-0.633,-286.685,-286.685,-286.685,Shake
1.998,-1.999,-0.593,-271.495,-286.685,-285.758,Shake
1.998,-1.999,1.999,259.017,-286.685,148.015,Shake
0.115,-0.465,1.999,-267.444,-286.659,159.845,Shake
1.587,-1.085,1.999,-286.029,286.615,-286.624,Shake
1.981,-1.747,1.443,145.128,177.695,-79.118,Shake
1.034,-1.166,1.440,286.685,220.482,-90.213,Shake
0.523,-1.658,0.710,286.685,286.685,-255.876,Shake
-0.128,-1.998,1.431,286.685,286.685,-34.169,Shake
0.201,-1.999,1.753,286.685,286.685,135.467,Shake
1.998,-1.999,1.289,286.668,286.685,146.029,Shake
1.998,-1.477,-1.056,156.030,286.685,7.892,Shake
1.998,-1.194,-1.997,286.685,286.685,124.775,Shake
1.998,-0.266,-1.997,230.405,-100.179,-54.338,Shake
1.713,-0.688,-1.230,-286.685,-286.685,-270.918,Shake
1.868,-1.923,0.580,-286.685,-286.685,-286.685,Shake
1.998,-1.999,-0.053,-286.685,-286.685,-286.685,Shake
1.998,-1.999,1.999,-111.694,-286.685,-194.635,Shake
0.050,-0.755,1.999,-263.918,-286.685,-202.344,Shake
1.998,-1.999,1.999,-245.280,51.065,-286.685,Shake
1.888,-1.999,1.999,209.501,-129.955,-140.717,Shake
1.105,-1.999,1.999,129.815,286.685,-62.396,Shake
1.123,-1.999,0.998,286.685,286.685,151.777,Shake
0.990,-1.999,0.877,286.685,286.685,268.984,Shake
1.809,-1.999,0.890,286.685,286.685,286.685,Shake
1.998,-1.999,1.417,264.819,286.685,286.685,Shake
1.998,-0.869,0.817,-279.842,286.685,215.626,Shake
1.998,1.997,-1.997,-276.517,286.685,183.689,Shake
1.998,1.530,-1.997,286.685,121.747,-23.625,Shake
1.884,-0.298,-1.057,130.664,-286.685,-242.961,Shake
0.843,-0.265,-1.148,-277.471,-286.685,-286.685,Shake
1.370,-1.775,-1.292,-286.685,-286.685,-286.685,Shake
1.998,-1.999,-1.349,-115.666,-286.685,-286.685,Shake
1.998,-1.839,1.999,286.685,-286.685,-64.768,Shake
0.135,-0.024,1.999,-285.688,-247.450,-285.530,Shake
1.998,-1.999,1.975,25.847,101.579,-272.860,Shake
1.926,-1.326,1.999,286.685,-137.874,69.256,Shake
1.078,-1.015,1.999,107.993,282.380,-29.978,Shake
0.568,-1.954,0.963,284.471,286.685,52.658,Shake
0.196,-1.888,1.391,286.685,286.685,199.500,Shake
1.111,-1.999,1.236,286.685,286.685,155.470,Shake
1.998,-1.578,1.019,204.312,286.685,38.211,Shake
1.998,-0.111,-0.920,-177.249,286.685,-49.612,Shake
1.998,1.960,-1.997,149.887,286.247,-36.969,Shake
1.998,0.070,-1.997,280.927,-222.206,-268.520,Shake
1.448,-1.243,-0.699,-237.309,-286.685,-286.685,Shake
1.137,-1.812,-0.502,-286.685,-286.685,-286.685,Shake
1.998,-1.999,0.156,-246.584,-286.685,-286.685,Shake
1.998,0.276,1.999,286.676,-286.685,53.917,Shake
1.330,0.429,1.999,-87.325,-286.685,-269.658,Shake
1.998,-1.992,1.999,-34.685,-101.999,-284.314,Shake
1.086,-0.954,1.999,35.647,123.567,203.928,Shake
1.483,-1.384,1.994,-12.504,286.685,90.632,Shake
0.952,-1.688,1.153,221.270,286.685,223.641,Shake
0.819,-1.965,1.125,286.685,286.685,263.848,Shake
1.993,-1.999,1.249,286.466,286.685,229.644,Shake
1.998,-1.187,0.266,-50.312,286.685,157.693,Shake
1.998,0.774,-1.997,-190.557,286.685,254.126,Shake
1.998,1.619,-1.997,106.942,48.842,-211.260,Shake
1.993,-1.024,-0.651,-20.309,-286.685,-286.685,Shake
0.662,-0.470,-0.822,-186.777,-286.685,-286.685,Shake
0.784,-1.191,-1.062,-268.100,-286.685,-286.685,Shake
1.894,-1.999,-1.124,-155.356,-286.685,-286.685,Shake
1.998,-1.999,1.867,217.551,-286.685,-209.860,Shake
0.183,-0.760,1.999,-275.275,-286.685,-247.704,Shake
1.998,-1.884,1.999,-238.350,-71.566,-286.685,Shake
1.579,-1.375,1.999,68.399,-213.885,-181.361,Shake
0.834,-1.124,1.999,88.253,203.508,-151.690,Shake
0.849,-1.613,1.937,187.924,286.685,-131.294,Shake
0.011,-1.988,1.578,286.685,286.685,68.941,Shake
0.455,-1.999,1.590,286.685,286.685,179.760,Shake
1.348,-1.999,1.392,286.685,286.685,201.495,Shake
1.998,-1.837,1.163,41.169,286.685,163.721,Shake
1.998,0.963,-0.858,-286.685,286.685,103.180,Shake
1.998,1.997,-1.997,-81.147,285.057,-71.689,Shake
1.998,0.008,-1.984,139.309,-242.935,-286.685,Shake
1.384,-0.272,-0.432,-138.303,-286.685,-286.685,Shake
0.731,-1.099,-0.976,-162.741,-286.685,-286.685,Shake
1.998,-1.999,-0.890,-78.321,-286.685,-286.685,Shake
1.998,-1.999,1.999,269.474,-286.685,-239.260,Shake
-0.803,-0.667,1.999,-286.685,-245.586,-286.685,Shake
1.998,-1.999,1.999,-167.781,204.934,-286.685,Shake
1.727,-1.631,1.999,259.035,-107.704,30.406,Shake
0.662,-1.322,1.999,131.617,273.140,-24.308,Shake
0.207,-1.922,1.319,285.399,286.685,44.660,Shake
0.107,-1.999,1.295,286.685,286.685,214.226,Shake
1.764,-1.999,1.671,286.685,286.685,286.685,Shake
1.998,-1.382,1.468,-29.724,286.685,189.324,Shake
1.998,1.958,-1.325,-286.685,286.685,135.555,Shake
1.998,1.997,-1.997,-150.605,286.685,111.589,Shake
1.998,0.216,-1.629,247.205,-286.685,-175.376,Shake
0.862,0.288,-0.259,-39.498,-286.685,-286.379,Shake
0.930,-0.986,-1.319,-244.650,-286.685,-286.685,Shake
1.998,-1.999,-1.192,90.772,-286.685,-286.685,Shake
1.998,-1.999,1.773,286.685,-286.685,-171.062,Shake
-0.120,-0.884,1.999,-168.210,-286.685,-115.535,Shake
1.998,-1.867,1.999,-285.723,283.754,-286.685,Shake
1.777,-1.540,1.999,230.615,-64.942,16.476,Shake
0.698,-1.019,1.999,286.685,183.050,-64.488,Shake
0.556,-1.518,1.789,286.685,286.685,-183.216,Shake
0.377,-1.895,1.397,286.685,286.685,14.569,Shake
0.891,-1.999,1.867,286.685,286.685,62.597,Shake
1.998,-1.999,1.635,265.492,286.685,-205.914,Shake
1.998,-0.816,0.966,-71.601,286.685,-286.685,Shake
1.998,1.864,-1.997,-286.641,286.685,-234.587,Shake
1.998,0.952,-1.997,37.153,72.196,-286.685,Shake
1.931,-1.564,-0.348,-218.829,-286.685,-286.685,Shake
0.272,-0.929,-1.228,-205.258,-286.685,-286.685,Shake
1.585,-1.999,-1.639,-81.270,-286.685,-286.685,Shake
1.998,-1.280,0.999,286.685,-286.685,-280.263,Shake
1.776,0.618,1.999,103.049,-286.685,-136.176,Shake
1.998,-1.715,1.999,-258.746,242.375,-286.685,Shake
1.298,-0.976,1.999,231.884,-21.446,207.454,Shake
0.678,0.583,1.999,160.283,230.624,165.384,Shake
1.033,0.121,0.160,286.685,193.279,-286.108,Shake
0.569,-0.446,1.998,286.685,-286.151,-286.685,Shake
-0.163,-1.623,1.999,286.685,105.516,-286.685,Shake
0.725,-1.941,1.999,129.859,286.685,-286.685,Shake
1.998,-0.260,0.915,-226.161,286.685,-286.685,Shake
1.998,0.144,-0.779,-286.685,286.685,-286.685,Shake
1.998,0.167,-1.997,-52.570,286.685,-286.685,Shake
1.002,-1.408,-1.956,-240.879,-278.478,-286.685,Shake
0.876,-1.999,-0.790,-286.685,-286.685,-286.685,Shake
1.734,-1.999,-1.648,-286.685,-286.685,-286.685,Shake
1.998,-1.953,-1.541,72.835,-286.685,-286.685,Shake
1.998,0.554,1.999,286.685,-286.685,-145.512,Shake
0.537,0.028,1.999,-280.647,-24.089,-286.685,Shake
1.998,-1.999,1.897,239.216,2.144,-286.099,Shake
0.575,-1.582,1.999,286.685,-216.195,-47.959,Shake
0.801,-0.946,1.999,209.274,286.370,-95.261,Shake
0.482,-0.923,1.085,271.408,286.685,-93.284,Shake
0.293,-1.158,1.564,286.685,286.685,-24.483,Shake
1.761,-1.986,1.976,286.685,286.685,-239.689,Shake
1.998,-0.909,0.645,-6.825,286.685,-286.685,Shake
1.998,0.481,-1.611,-286.195,286.685,-286.685,Shake
1.998,1.111,-1.997,-149.389,286.685,-286.685,Shake
1.498,-1.311,-1.827,-232.925,-285.163,-286.685,Shake
1.713,-1.999,-0.739,-286.685,-286.685,-286.685,Shake
1.998,-1.999,-1.019,-271.040,-286.685,-286.685,Shake
1.998,-0.934,1.990,286.405,-286.685,-279.046,Shake
1.356,-0.749,1.999,-255.106,-286.650,-286.685,Shake
1.998,-1.983,1.999,-138.224,-252.262,-286.685,Shake
1.840,-1.999,1.999,286.685,-286.685,-286.685,Shake
0.661,-1.959,1.999,284.209,207.217,-80.325,Shake
1.291,-1.999,1.265,174.904,286.685,146.659,Shake
0.557,-1.791,1.297,286.685,286.685,286.685,Shake
1.163,-1.763,1.404,286.685,286.685,286.685,Shake
1.998,-1.761,1.489,284.909,286.685,170.861,Shake
1.998,-0.585,0.087,-0.796,286.685,-117.539,Shake
1.998,0.568,-1.814,10.649,286.685,-224.298,Shake
1.998,0.846,-1.997,243.801,286.685,-235.760,Shake
1.782,-0.875,-1.992,-32.533,-277.891,-286.685,Shake
0.857,-1.548,-0.868,-286.685,-286.685,-286.685,Shake
1.998,-1.999,-0.899,-277.935,-286.685,-286.685,Shake
1.998,-1.999,1.363,244.160,-286.685,-286.204,Shake
1.998,0.172,1.999,248.089,-286.685,-178.255,Shake
1.973,-1.303,1.999,-286.685,-224.254,-286.685,Shake
1.998,-1.999,1.999,-0.157,-231.455,-286.685,Shake
0.532,-1.154,1.999,203.744,-95.821,-73.771,Shake
0.724,-1.191,1.999,209.650,274.085,-39.357,Shake
0.704,-1.271,1.132,286.685,286.685,34.554,Shake
0.945,-1.359,1.268,286.685,286.685,46.436,Shake
1.363,-1.999,1.899,286.685,286.685,-93.170,Shake
1.977,-1.999,1.720,286.685,286.685,-205.170,Shake
1.998,-0.787,0.542,51.196,286.685,-286.685,Shake
1.998,-0.059,-1.274,-103.154,286.685,-286.685,Shake
1.998,0.492,-1.997,166.723,279.668,-286.685,Shake
1.544,-0.775,-1.997,-76.711,-233.949,-286.685,Shake
1.067,-1.999,-0.929,-286.685,-286.685,-286.685,Shake
1.998,-1.999,-1.582,-286.685,-286.685,-286.685,Shake
1.998,-1.768,0.350,252.551,-286.685,-286.685,Shake
1.346,-0.033,1.999,81.217,-286.685,-247.398,Shake
1.754,-0.900,1.999,-277.769,45.693,-286.685,Shake
1.998,-1.999,1.999,166.775,-5.329,-286.685,Shake
0.653,-1.771,1.999,286.685,15.645,84.717,Shake
1.317,-1.816,1.686,173.670,286.685,187.469,Shake
1.128,-1.934,0.744,183.837,286.685,246.628,Shake
1.092,-1.920,0.723,286.685,286.685,286.685,Shake
1.990,-1.924,0.763,286.685,286.685,286.125,Shake
1.998,-1.105,0.301,157.789,286.685,123.673,Shake
1.998,0.107,-1.300,-0.998,286.685,55.965,Shake
1.998,1.366,-1.997,286.064,275.485,-117.058,Shake
1.689,-0.988,-1.945,-191.109,-286.685,-286.685,Shake
0.730,-0.970,-1.106,-286.685,-286.685,-286.685,Shake
0.741,-1.798,-1.064,-286.484,-286.685,-286.685,Shake
1.998,-1.999,0.077,-161.367,-286.685,-286.685,Shake
1.998,-0.974,1.999,128.896,-286.685,-286.081,Shake
1.977,-1.564,1.999,-286.685,-254.056,-286.685,Shake
1.941,-1.999,1.999,-202.545,-170.599,-282.013,Shake
0.984,-1.637,1.999,76.195,19.731,61.565,Shake
1.067,-1.636,1.999,171.229,280.980,99.041,Shake
0.749,-1.834,1.382,286.685,286.685,141.006,Shake
0.834,-1.999,1.144,286.685,286.685,236.276,Shake
1.607,-1.999,1.022,286.685,286.685,197.102,Shake
1.998,-1.999,0.787,286.685,286.685,130.165,Shake
1.998,-0.999,0.381,79.214,286.685,-87.360,Shake
1.998,1.004,-1.997,-138.241,286.685,-80.150,Shake
1.998,0.700,-1.997,8.610,-92.916,-286.685,Shake
1.920,-0.988,-1.348,-193.095,-286.685,-286.685,Shake
0.527,-0.890,-0.656,-286.685,-286.685,-286.685,Shake
0.594,-1.999,-0.592,-250.066,-286.685,-286.685,Shake
1.992,-1.999,0.626,86.616,-286.685,-286.685,Shake
1.998,-1.989,1.999,22.400,-286.685,-154.901,Shake
0.774,-1.490,1.999,-286.099,-286.676,-286.685,Shake
1.950,-1.999,1.999,-286.457,60.489,-286.685,Shake
1.179,-1.596,1.999,61.722,-65.651,1.173,Shake
0.944,-1.560,1.999,254.284,213.929,-44.818,Shake
0.700,-1.984,1.547,286.685,286.685,-75.793,Shake
0.396,-1.999,1.399,286.685,286.685,112.490,Shake
1.425,-1.999,1.462,286.685,286.685,286.388,Shake
1.998,-1.999,1.381,162.916,286.685,264.495,Shake
1.998,-1.089,0.983,-115.701,286.685,246.094,Shake
1.998,1.821,-1.548,-286.685,286.685,286.108,Shake
1.998,1.997,-1.997,235.384,161.411,-52.491,Shake
1.998,0.055,-1.862,273.228,-282.546,-286.685,Shake
0.694,-0.352,-0.921,-164.833,-286.685,-286.685,Shake
0.804,-1.617,-0.934,-285.644,-286.685,-286.685,Shake
1.998,-1.999,-0.148,-53.760,-286.685,-286.685,Shake
1.646,-1.999,1.999,90.379,-286.685,-286.685,Shake
0.397,-1.999,1.999,-286.685,-213.762,-286.685,Shake
1.261,-1.999,1.999,-277.716,-35.376,-286.685,Shake
0.667,-1.999,1.999,130.812,-92.872,-2.975,Shake
0.456,-1.999,1.999,163.564,196.079,40.364,Shake
0.059,-1.999,1.482,274.041,286.685,167.886,Shake
-0.242,-1.999,1.281,286.685,286.685,285.233,Shake
0.935,-1.999,0.962,286.685,286.685,286.685,Shake
1.998,-1.999,0.735,286.405,286.685,286.685,Shake
1.998,-1.124,0.336,11.637,286.685,286.685,Shake
1.998,0.011,-0.449,-172.830,286.685,286.685,Shake
1.998,1.598,-1.984,91.744,286.685,276.763,Shake
1.923,1.286,-1.992,286.685,-65.415,21.455,Shake
1.519,0.435,-1.134,143.745,-286.685,-259.481,Shake
0.635,-0.122,-1.071,-234.246,-286.685,-286.685,Shake
0.345,-1.531,-1.113,-286.685,-286.685,-286.685,Shake
1.852,-1.999,-1.312,-244.930,-286.685,-286.685,Shake
1.998,-1.999,1.638,173.827,-286.685,-286.685,Shake
-0.554,-1.396,1.999,-274.969,-286.685,-286.615,Shake
1.378,-1.999,1.999,-277.681,65.179,-286.685,Shake
1.477,-1.999,1.944,-10.019,-179.148,-270.603,Shake
0.599,-1.782,1.999,200.673,-69.659,-31.684,Shake
0.665,-1.999,1.928,203.893,286.685,39.847,Shake
0.279,-1.999,1.177,286.685,286.685,280.402,Shake
0.796,-1.999,1.056,286.685,286.685,286.685,Shake
1.998,-1.999,0.994,286.685,286.685,286.685,Shake
1.998,-1.564,0.436,121.301,286.685,286.685,Shake
1.998,0.354,-1.797,-285.302,286.685,248.290,Shake
1.998,1.997,-1.997,-53.463,286.685,99.260,Shake
1.998,0.337,-1.804,178.658,-282.319,-283.832,Shake
0.551,-0.070,-0.802,-138.259,-286.685,-286.685,Shake
0.834,-1.523,-1.153,-285.565,-286.685,-286.685,Shake
1.893,-1.999,-1.120,-106.435,-286.685,-286.685,Shake
1.998,-1.999,1.962,220.754,-286.685,-286.291,Shake
0.945,-1.457,1.999,-279.108,-286.676,-286.685,Shake
1.998,-1.999,1.999,-155.365,-106.872,-286.685,Shake
1.237,-1.895,1.999,98.945,-97.387,34.449,Shake
0.946,-1.824,1.892,110.259,286.685,161.534,Shake
0.770,-1.913,1.190,267.908,286.685,240.896,Shake
0.514,-1.733,0.188,286.685,286.685,286.685,Shake
1.414,-1.999,1.216,286.685,286.685,248.491,Shake
1.998,-1.999,0.298,167.676,286.685,53.751,Shake
1.998,-1.041,-0.226,-169.654,286.685,102.366,Shake
1.998,1.786,-1.997,-237.318,286.685,286.318,Shake
1.998,0.987,-1.997,158.340,-274.260,-230.545,Shake
1.502,-0.805,0.183,-90.011,-286.685,-286.685,Shake
0.659,-1.007,-0.616,-286.685,-286.685,-286.685,Shake
1.752,-1.984,-0.816,-286.685,-286.685,-286.685,Shake
1.998,-1.999,0.455,-137.235,-286.685,-286.685,Shake
1.030,-1.869,1.999,-151.410,-286.685,-286.685,Shake
1.998,-1.999,1.999,-228.008,-176.846,-286.685,Shake
1.880,-1.999,1.999,18.664,-195.807,34.361,Shake
1.313,-1.978,1.999,-93.100,188.423,228.699,Shake
1.095,-1.698,1.511,12.469,286.685,279.177,Shake
0.492,-1.669,0.821,286.685,286.685,286.685,Shake
1.232,-1.999,1.044,286.685,286.685,286.685,Shake
1.998,-1.999,0.896,286.685,286.685,286.685,Shake
1.998,-1.490,0.296,98.088,286.685,286.685,Shake
1.998,0.874,-1.996,-123.751,286.685,286.685,Shake
1.998,1.696,-1.997,286.641,-63.647,8.321,Shake
1.991,-0.656,-1.507,182.464,-286.685,-247.511,Shake
0.397,-0.738,-0.540,-284.716,-286.685,-286.685,Shake
0.734,-1.731,-1.004,-286.685,-286.685,-286.685,Shake
1.998,-1.999,-0.793,-142.205,-286.685,-286.685,Shake
1.998,-1.986,1.963,284.848,-286.685,-163.739,Shake
0.406,-0.968,1.999,-285.819,-262.693,-280.534,Shake
1.996,-1.931,1.999,-285.145,262.176,-286.685,Shake
1.598,-1.688,1.999,207.401,-34.851,72.433,Shake
0.751,-1.407,1.999,268.293,280.612,170.258,Shake
0.921,-1.795,0.623,285.408,286.685,188.449,Shake
0.789,-1.994,0.537,286.685,286.685,286.326,Shake
1.613,-1.999,1.020,286.685,286.685,286.685,Shake
1.998,-1.844,0.565,222.758,286.685,239.426,Shake
1.998,0.903,-1.997,51.292,286.685,198.783,Shake
1.998,1.833,-1.997,220.938,142.809,-32.007,Shake
1.949,-1.302,-0.924,-115.911,-286.685,-286.685,Shake
0.417,-0.897,-0.990,-286.685,-286.685,-286.685,Shake
1.934,-1.999,-0.939,-286.685,-286.685,-286.685,Shake
1.998,-1.999,1.159,-19.416,-286.685,-286.685,Shake
1.998,-1.944,1.999,22.872,-286.685,-141.164,Shake
1.450,-1.337,1.999,-286.685,-130.217,-286.685,Shake
1.998,-1.999,1.999,-137.541,162.943,-215.337,Shake
1.021,-1.497,1.999,286.475,164.342,148.785,Shake
0.624,-1.587,1.824,283.413,286.685,135.529,Shake
0.384,-1.982,0.642,286.685,286.685,241.920,Shake
0.675,-1.999,0.723,286.685,286.685,286.685,Shake
1.998,-1.998,0.958,277.769,286.685,286.685,Shake
1.998,-1.079,0.307,-21.175,286.685,245.997,Shake
1.998,1.862,-1.997,-124.766,286.685,199.071,Shake
1.998,1.001,-1.997,286.685,-177.581,-186.646,Shake
1.297,-1.310,-0.175,-168.140,-286.685,-285.014,Shake
0.540,-1.280,-0.919,-286.685,-286.685,-286.685,Shake
1.611,-1.999,-0.897,-286.685,-286.685,-286.685,Shake
1.998,-1.999,0.336,127.216,-286.685,-286.685,Shake
1.956,-1.240,1.999,27.851,-286.685,-174.318,Shake
1.996,-1.895,1.999,-286.685,-179.121,-286.685,Shake
1.903,-1.999,1.999,-180.241,-57.890,-280.761,Shake
1.191,-1.998,1.999,270.095,171.649,162.523,Shake
1.237,-1.989,1.597,251.860,286.685,245.928,Shake
0.869,-1.945,0.300,220.141,286.685,286.685,Shake
0.697,-1.999,0.382,286.685,286.685,286.685,Shake
1.483,-1.999,0.654,286.685,286.685,286.685,Shake
1.998,-1.868,0.502,206.001,286.685,286.685,Shake
1.998,0.831,-1.301,-241.736,286.685,286.685,Shake
1.998,1.997,-1.997,217.674,279.212,189.779,Shake
1.998,1.064,-1.997,286.685,-229.049,-32.060,Shake
0.948,-0.316,-0.426,-137.305,-286.685,-255.771,Shake
0.376,-0.641,-1.195,-286.685,-286.685,-286.685,Shake
1.922,-1.999,-1.708,-264.688,-286.685,-286.685,Shake
1.998,-1.999,1.148,268.144,-286.685,-286.685,Shake
1.998,-0.885,1.999,208.932,-286.685,-282.957,Shake
1.977,-1.574,1.999,-286.685,-171.999,-286.685,Shake
1.998,-1.999,1.999,140.534,-187.819,-266.455,Shake
1.203,-1.412,1.999,221.296,82.014,63.910,Shake
1.266,-1.511,1.855,208.084,286.685,87.054,Shake
0.729,-1.741,1.566,286.685,286.685,194.180,Shake
0.993,-1.999,1.457,286.685,286.685,224.717,Shake
1.990,-1.999,1.466,286.685,286.685,174.527,Shake
1.998,-1.733,0.739,100.546,286.685,56.928,Shake
1.998,-0.813,-0.872,-224.035,286.685,94.868,Shake
1.998,1.997,-1.997,-286.659,286.685,96.250,Shake
1.998,0.284,-1.681,-18.226,-281.759,-286.685,Shake
1.338,-0.058,-0.853,-57.400,-286.685,-286.685,Shake
1.104,-1.024,-1.151,-280.647,-286.685,-286.685,Shake
1.998,-1.999,-1.438,-286.685,-286.685,-286.685,Shake
1.998,-1.999,1.908,-16.896,-286.685,-286.685,Shake
1.998,-1.999,1.999,-284.471,-286.685,-286.685,Shake
1.998,-1.999,1.999,-53.839,-280.350,-92.680,Shake
1.998,-0.503,1.999,-282.249,247.476,192.780,Shake
1.998,-0.102,1.995,-160.107,286.685,-24.448,Shake
1.235,-0.922,1.761,286.685,192.902,-187.311,Shake
1.389,-1.999,1.999,286.685,283.098,-188.239,Shake
1.259,-1.999,1.508,286.685,286.685,-170.625,Shake
1.542,-1.999,1.604,286.685,286.685,-207.480,Shake
1.998,-1.998,1.548,38.342,286.685,-191.161,Shake
1.998,-0.426,-0.102,-286.685,286.685,59.150,Shake
1.998,1.982,-1.997,12.486,286.685,150.273,Shake
1.998,1.186,-1.997,286.685,-124.346,-252.438,Shake
1.620,0.109,-1.029,-183.584,-286.685,-286.685,Shake
1.024,-0.653,-1.493,-276.780,-286.685,-286.685,Shake
1.998,-1.999,-1.684,-277.848,-286.685,-286.685,Shake
1.998,-1.999,0.741,249.393,-286.685,-286.685,Shake
1.998,-1.853,1.999,286.239,-286.685,-85.365,Shake
1.996,-1.369,1.999,-286.685,-279.081,-286.685,Shake
1.998,-1.999,1.999,-153.011,-113.759,-106.628,Shake
1.888,-0.450,1.999,-117.670,201.346,251.247,Shake
1.998,-0.669,1.028,78.365,286.685,-198.712,Shake
0.971,-1.316,1.131,286.685,206.045,-189.315,Shake
0.768,-1.997,1.999,286.685,259.770,-236.775,Shake
1.163,-1.999,1.999,286.685,286.685,-197.181,Shake
1.998,-1.999,1.999,50.776,286.685,-243.005,Shake
1.998,-1.065,1.145,-284.865,286.685,-204.225,Shake
1.998,1.885,-1.997,-286.685,286.685,276.386,Shake
1.998,1.763,-1.997,227.281,-170.730,-189.245,Shake
1.816,-0.576,-0.285,-53.576,-286.685,-286.685,Shake
0.777,-0.347,-0.854,-283.159,-286.685,-286.685,Shake
1.670,-1.999,-1.597,-286.685,-286.685,-286.685,Shake
1.998,-1.999,-0.019,39.384,-286.685,-286.685,Shake
1.998,-1.999,1.999,-8.330,-286.685,-286.361,Shake
1.998,-1.999,1.999,-286.422,-260.663,-286.685,Shake
1.998,-1.824,1.999,-61.941,-214.069,86.739,Shake
1.998,-0.680,1.999,-199.413,136.570,30.362,Shake
1.908,-1.127,1.918,142.695,270.629,-286.685,Shake
0.869,-1.932,1.999,286.685,133.201,-282.082,Shake
0.921,-1.999,1.999,286.685,286.685,-189.788,Shake
1.994,-1.999,1.999,286.685,286.685,-151.559,Shake
1.998,-1.999,1.713,156.144,286.685,-122.045,Shake
1.998,-1.141,1.392,-284.541,286.685,21.516,Shake
1.998,0.933,-0.469,-286.685,286.685,253.479,Shake
1.998,1.997,-1.997,173.355,286.685,210.779,Shake
1.998,0.703,-1.987,261.266,-141.129,-249.585,Shake
1.734,0.267,-1.399,-252.875,-286.685,-286.685,Shake
1.205,-1.628,-1.568,-208.101,-286.685,-286.685,Shake
1.993,-1.999,-1.988,-216.370,-286.685,-286.685,Shake
1.998,-1.999,0.751,246.006,-286.685,-286.685,Shake
1.985,-1.187,1.999,-32.226,-286.685,-187.372,Shake
1.998,-1.999,1.999,-286.685,-55.475,-286.685,Shake
1.998,-1.785,1.999,61.408,-286.195,-176.654,Shake
1.366,-0.694,1.999,75.189,66.692,-255.544,Shake
1.750,-1.327,1.830,197.400,166.425,-286.685,Shake
0.919,-1.318,1.999,286.685,103.014,-286.247,Shake
1.084,-1.999,1.968,286.685,286.685,-164.955,Shake
1.881,-1.999,1.760,286.685,286.685,-58.083,Shake
1.998,-1.999,1.573,251.379,286.685,-81.095,Shake
1.998,-1.699,1.295,-91.639,286.685,-102.944,Shake
1.998,0.569,0.157,-286.685,286.685,113.514,Shake
1.998,1.997,-1.543,-284.944,286.685,122.692,Shake
1.998,1.956,-1.997,192.902,281.908,-228.594,Shake
1.971,0.347,-1.593,-102.909,-270.095,-286.685,Shake
0.845,-0.188,-1.585,-98.210,-286.685,-286.685,Shake
1.542,-1.903,-1.649,-179.909,-286.685,-286.685,Shake
1.998,-1.999,-1.052,-3.474,-286.685,-286.685,Shake
1.998,-1.999,1.999,136.973,-286.685,-286.685,Shake
1.998,-1.999,1.999,-286.685,-286.685,-286.685,Shake
1.998,-1.944,1.999,-32.725,-286.685,-286.685,Shake
1.998,-0.197,1.999,-34.265,-190.391,-223.738,Shake
1.998,-0.432,1.988,125.186,28.017,-286.685,Shake
1.914,-1.190,1.999,286.685,-55.046,-286.685,Shake
1.083,-1.503,1.999,286.685,254.678,-285.985,Shake
1.807,-1.999,1.441,286.685,286.685,-147.341,Shake
1.998,-1.999,1.702,286.685,286.685,-222.005,Shake
1.998,-1.869,1.323,273.105,286.685,-286.685,Shake
1.998,-0.953,0.705,147.595,286.685,-286.685,Shake
1.998,-0.927,0.167,179.253,286.685,-286.685,Shake
1.998,-0.681,-0.381,68.495,286.685,-286.685,Shake
1.998,1.474,-1.997,-4.751,286.685,-286.685,Shake
1.998,-0.263,-1.997,-280.236,-152.714,-286.685,Shake
1.444,-0.751,-1.511,-286.685,-286.685,-286.685,Shake
1.971,-1.999,-1.912,-286.685,-286.685,-286.685,Shake
1.998,-1.999,-1.468,-154.394,-286.685,-286.685,Shake
1.998,-1.768,1.999,265.326,-286.685,-286.685,Shake
1.998,-1.978,1.999,-285.897,-264.486,-286.685,Shake
1.998,-1.999,1.999,281.155,-286.685,-286.685,Shake
1.998,-1.109,1.999,-170.686,-62.291,-123.025,Shake
1.642,-0.561,1.999,-58.126,258.134,-109.716,Shake
1.051,-0.690,1.999,285.749,274.120,-134.977,Shake
1.540,-1.986,1.753,286.685,286.685,-74.567,Shake
1.998,-1.999,1.999,286.685,286.685,-113.050,Shake
1.998,-1.999,1.994,283.710,286.685,-286.685,Shake
1.998,-1.500,1.501,74.043,286.685,-286.685,Shake
1.998,-0.589,0.557,-147.184,286.685,-286.685,Shake
1.998,1.940,-1.997,-58.397,286.685,-218.260,Shake
1.998,0.491,-1.997,59.194,53.812,-286.685,Shake
1.924,-0.397,-1.792,-286.685,-170.179,-286.685,Shake
1.154,-1.355,-1.997,-284.690,-286.685,-286.685,Shake
1.998,-1.999,-1.989,-46.865,-286.685,-286.685,Shake
1.998,-1.999,1.808,269.474,-286.685,-286.685,Shake
0.988,-1.767,1.999,-282.800,-286.685,-286.685,Shake
1.998,-1.972,1.999,-161.945,-20.562,-286.685,Shake
1.998,-1.884,1.999,278.486,-250.276,-285.652,Shake
1.758,-1.101,1.999,242.253,-42.123,-276.483,Shake
0.972,-1.335,1.999,268.555,219.494,-286.422,Shake
0.531,-1.587,1.999,286.685,286.283,-67.655,Shake
1.210,-1.999,1.951,286.685,286.685,125.869,Shake
1.998,-1.999,1.999,286.685,286.685,170.336,Shake
1.998,-0.931,1.074,87.185,286.685,-111.598,Shake
1.998,-0.949,0.223,70.560,286.685,-200.462,Shake
1.998,-0.607,-0.142,98.228,286.685,-115.071,Shake
1.998,1.721,-1.997,11.541,286.685,-202.878,Shake
1.998,0.681,-1.997,-129.762,170.327,-286.685,Shake
1.464,-0.003,-1.997,-252.849,-284.848,-286.685,Shake
0.982,-0.545,-1.753,-69.562,-286.685,-286.685,Shake
1.998,-1.996,-1.836,-8.295,-286.685,-286.685,Shake
1.998,-1.999,1.291,198.056,-286.685,-286.685,Shake
1.989,-1.999,1.999,-226.354,-286.685,-286.685,Shake
1.998,-1.999,1.999,-147.350,-249.917,-286.685,Shake
1.973,-1.669,1.999,225.566,-280.254,-269.876,Shake
1.724,-0.927,1.999,16.625,198.363,-210.420,Shake
1.518,-0.922,1.467,217.035,231.315,-282.170,Shake
0.886,-1.858,1.959,286.685,187.670,-286.685,Shake
0.675,-1.999,1.788,286.685,286.685,-159.075,Shake
0.932,-1.999,1.937,286.685,286.685,38.474,Shake
1.998,-1.999,1.980,286.318,286.685,72.529,Shake
1.998,-0.241,1.468,-213.290,286.685,-61.635,Shake
1.998,0.778,0.036,-177.240,286.685,-52.360,Shake
1.998,0.354,-0.342,121.643,286.685,-60.305,Shake
1.998,0.686,-0.615,154.385,286.685,-186.051,Shake
1.998,1.997,-1.997,-41.904,286.685,-286.685,Shake
1.717,0.131,-1.997,-45.360,62.825,-286.685,Shake
1.145,-1.337,-1.997,-171.080,-221.244,-286.685,Shake
1.460,-1.999,-1.997,-117.364,-286.685,-286.685,Shake
1.998,-1.999,-0.804,174.344,-286.685,-286.685,Shake
1.998,-1.963,1.999,-9.021,-286.685,-286.685,Shake
1.998,-1.999,1.999,-279.781,-208.845,-286.685,Shake
1.998,-1.999,1.999,202.011,-215.180,-286.685,Shake
1.815,-1.582,1.999,286.685,-205.432,-286.685,Shake
1.933,-1.458,1.597,146.930,72.931,-267.277,Shake
0.787,-1.097,1.999,231.385,175.919,-107.424,Shake
0.613,-1.473,1.780,286.685,286.685,35.560,Shake
1.831,-1.999,1.349,286.685,286.685,177.730,Shake
1.998,-1.999,1.861,286.685,286.685,184.406,Shake
1.998,-0.975,1.487,144.217,286.685,-49.350,Shake
1.998,-0.911,0.901,142.432,286.685,-198.152,Shake
1.998,-0.219,0.391,39.147,286.685,-206.876,Shake
1.998,1.993,-1.997,-112.796,286.685,-286.685,Shake
1.998,0.756,-1.997,-111.562,155.164,-286.685,Shake
1.372,-0.287,-1.916,-285.766,-286.685,-286.685,Shake
1.623,-1.268,-1.301,-209.011,-286.685,-286.685,Shake
1.998,-1.999,-0.980,-177.406,-286.685,-286.685,Shake
1.998,-1.999,1.947,-126.971,-286.685,-286.685,Shake
1.998,-1.999,1.999,-286.685,-286.685,-286.685,Shake
1.998,-1.999,1.999,239.488,-265.554,-286.685,Shake
1.998,-1.540,1.999,286.685,-42.079,-286.685,Shake
1.997,-1.120,1.643,206.509,94.762,-188.694,Shake
1.327,-0.357,1.999,177.048,240.371,-3.824,Shake
1.173,-0.575,1.758,286.685,286.685,-49.577,Shake
1.495,-1.999,1.538,286.685,286.685,10.045,Shake
1.675,-1.999,1.781,286.685,286.685,34.388,Shake
1.998,-1.178,1.663,258.886,286.685,-162.208,Shake
1.998,-0.220,0.563,19.740,286.685,-286.685,Shake
1.998,-0.005,-0.545,15.881,286.685,-286.685,Shake
1.998,0.972,-1.659,11.042,286.685,-286.685,Shake
1.998,0.936,-1.997,-72.188,286.685,-286.685,Shake
1.794,-1.439,-1.997,-286.685,-212.730,-286.685,Shake
1.992,-1.999,-1.997,-259.149,-286.685,-286.685,Shake
1.998,-1.999,-1.449,-67.769,-286.685,-286.685,Shake
1.998,-1.999,1.577,8.820,-286.685,-286.685,Shake
1.919,-1.999,1.999,-286.554,-286.685,-286.685,Shake
1.998,-1.999,1.999,103.688,-149.048,-286.685,Shake
1.998,-1.744,1.999,286.685,-103.565,-286.685,Shake
1.998,-1.497,1.745,177.371,106.881,-286.685,Shake
1.715,-1.577,1.966,261.651,97.134,-286.685,Shake
0.825,-1.838,1.999,286.685,282.669,-275.511,Shake
1.237,-1.999,1.943,286.685,286.685,-26.407,Shake
1.998,-1.999,1.999,286.685,286.685,13.807,Shake
1.998,-1.855,1.830,225.120,286.685,-93.529,Shake
1.998,0.625,-0.282,-39.410,286.685,-264.819,Shake
1.998,-0.315,-0.074,216.090,286.685,-286.685,Shake
1.998,0.330,-0.621,-27.151,286.685,-286.685,Shake
1.998,1.974,-1.997,-93.249,286.685,-286.685,Shake
1.599,-0.761,-1.997,-286.685,-148.094,-286.685,Shake
1.264,-1.640,-1.997,-230.283,-286.685,-286.685,Shake
1.998,-1.822,-1.328,40.626,-286.685,-286.685,Shake
1.998,-1.999,0.939,-32.541,-286.685,-286.685,Shake
1.998,-1.999,1.999,-277.935,-286.685,-286.685,Shake
1.998,-1.999,1.999,-3.675,-50.978,-286.685,Shake
1.998,-1.999,1.995,286.685,15.767,-286.685,Shake
1.940,-1.999,1.927,268.467,149.730,-93.503,Shake
1.380,-1.769,1.999,73.220,285.836,145.740,Shake
1.073,-1.802,1.763,259.866,286.685,281.610,Shake
1.998,-1.999,1.306,286.685,286.685,286.685,Shake
1.998,-1.970,1.070,286.685,286.685,169.085,Shake
1.998,-0.946,0.742,167.641,286.685,66.999,Shake
1.998,-0.047,0.298,63.945,286.685,-44.564,Shake
1.998,0.610,-0.871,75.486,286.685,-86.301,Shake
1.998,1.422,-1.767,134.321,286.685,-270.034,Shake
1.998,1.717,-1.997,78.628,272.598,-286.685,Shake
1.393,-0.388,-1.997,-284.830,-272.781,-286.685,Shake
0.909,-1.558,-1.977,-240.117,-286.685,-286.685,Shake
1.998,-1.999,-1.148,-56.210,-286.685,-286.685,Shake
1.998,-1.999,0.941,-64.654,-286.685,-286.685,Shake
1.394,-1.999,1.999,-279.029,-286.685,-286.685,Shake
1.998,-1.999,1.999,75.880,-195.090,-286.685,Shake
1.998,-1.999,1.999,286.685,-122.692,-286.685,Shake
1.594,-1.999,1.999,283.955,276.395,-122.255,Shake
1.398,-1.999,1.930,257.425,286.685,283.237,Shake
1.644,-1.999,1.233,286.685,286.685,286.685,Shake
1.998,-1.999,0.962,286.685,286.685,286.685,Shake
1.998,-0.688,0.372,225.986,286.685,208.119,Shake
1.998,-0.091,0.184,62.956,286.685,80.115,Shake
1.998,0.190,-1.003,74.576,286.685,58.441,Shake
1.998,0.879,-1.582,282.520,286.685,16.415,Shake
1.998,1.066,-1.902,180.066,286.685,-283.955,Shake
1.810,0.684,-1.997,-17.211,271.889,-286.685,Shake
1.057,-1.034,-1.997,-240.371,-172.384,-286.685,Shake
1.004,-1.910,-1.997,-272.510,-286.685,-286.685,Shake
1.998,-1.999,-1.170,-154.446,-286.685,-286.685,Shake
1.998,-1.999,1.972,-254.292,-286.685,-286.685,Shake
1.997,-1.999,1.999,-286.685,-286.685,-286.685,Shake
1.998,-1.999,1.999,47.250,-273.735,-286.685,Shake
1.998,-1.999,1.999,286.685,-45.097,-286.685,Shake
1.948,-1.968,1.804,286.685,285.478,-179.926,Shake
1.350,-1.711,1.435,286.685,286.685,33.591,Shake
0.975,-1.920,1.261,286.685,286.685,72.476,Shake
1.572,-1.999,1.384,286.685,286.685,183.190,Shake
1.998,-1.972,1.491,285.819,286.685,-36.129,Shake
1.998,-0.772,0.836,88.375,286.685,-128.940,Shake
1.998,0.331,0.000,-161.840,286.685,-171.211,Shake
1.998,1.765,-1.997,-42.814,286.685,-172.830,Shake
1.998,0.980,-1.997,-75.022,286.685,-286.685,Shake
1.777,0.412,-1.997,-282.380,242.812,-286.685,Shake
0.738,-0.303,-1.997,-176.041,-233.494,-286.685,Shake
0.964,-1.212,-1.965,-25.331,-286.685,-286.685,Shake
1.998,-1.999,-0.434,-72.179,-286.685,-286.685,Shake
1.998,-1.999,1.999,-280.578,-286.685,-286.685,Shake
1.988,-1.999,1.999,-279.073,-286.685,-286.685,Shake
1.998,-1.999,1.999,152.372,-257.443,-286.685,Shake
1.998,-1.999,1.999,286.685,96.994,-286.685,Shake
1.586,-1.999,1.995,278.854,286.685,61.189,Shake
1.282,-1.999,1.862,208.889,286.685,286.685,Shake
1.976,-1.999,1.309,284.471,286.685,286.685,Shake
1.998,-1.999,0.708,286.685,286.685,286.685,Shake
1.998,-1.254,0.449,194.276,286.685,272.825,Shake
1.998,-0.053,0.177,-68.276,286.685,180.950,Shake
1.998,0.982,-0.497,-206.902,286.685,146.930,Shake
1.998,1.907,-1.997,6.230,286.685,23.196,Shake
1.992,1.211,-1.997,251.825,-66.019,-279.729,Shake
1.317,-0.035,-1.700,-113.514,-286.685,-286.685,Shake
1.057,-1.469,-1.669,-226.730,-286.685,-286.685,Shake
1.998,-1.999,-1.640,-65.511,-286.685,-286.685,Shake
1.998,-1.999,1.930,149.012,-286.685,-286.685,Shake
1.998,-1.999,1.999,-286.685,-286.685,-286.685,Shake
1.998,-1.999,1.999,-155.732,-238.455,-286.685,Shake
1.878,-1.680,1.999,286.685,42.271,-262.815,Shake
1.998,-1.744,1.903,286.685,286.685,-242.637,Shake
1.136,-1.983,1.520,286.685,263.506,-188.650,Shake
0.525,-1.999,1.999,286.685,286.685,-43.566,Shake
1.292,-1.999,1.999,286.685,286.685,158.961,Shake
1.998,-1.989,1.770,280.236,286.685,51.249,Shake
1.998,0.462,0.724,-255.273,286.685,-195.571,Shake
1.998,0.676,0.004,-229.224,286.685,-135.398,Shake
1.998,1.003,-1.198,-112.140,286.685,-57.260,Shake
1.998,1.960,-1.997,154.682,286.685,-224.744,Shake
1.595,0.178,-1.971,-155.181,-177.555,-286.685,Shake
0.772,-0.619,-1.592,-204.444,-286.685,-286.685,Shake
1.961,-1.713,-1.873,-80.062,-286.685,-286.685,Shake
1.998,-1.999,-0.654,73.036,-286.685,-286.685,Shake
1.998,-1.816,1.999,90.475,-286.685,-286.685,Shake
1.992,-1.999,1.999,-147.936,-189.341,-286.685,Shake
1.998,-1.999,1.999,286.685,-202.230,-285.924,Shake
1.663,-1.992,1.999,284.865,221.436,43.925,Shake
1.781,-1.871,1.991,127.024,286.685,180.451,Shake
1.220,-1.960,1.013,286.676,286.685,283.815,Shake
1.730,-1.999,1.440,286.685,286.685,257.189,Shake
1.998,-1.552,0.680,257.652,286.685,36.120,Shake
1.998,-0.280,0.170,-48.676,286.685,-71.522,Shake
1.998,1.326,-0.787,-268.144,286.685,-111.125,Shake
1.998,1.997,-1.997,-8.776,286.685,-202.781,Shake
1.560,0.568,-1.939,-31.719,34.099,-286.685,Shake
0.997,-0.172,-1.612,-268.774,-239.549,-286.685,Shake
0.814,-0.719,-1.534,-235.060,-286.685,-286.685,Shake
1.998,-1.754,-0.935,-27.580,-286.685,-286.685,Shake
1.998,-1.999,1.876,159.688,-286.685,-286.685,Shake
0.877,-1.484,1.999,-221.760,-285.451,-286.685,Shake
1.998,-1.999,1.999,281.348,-253.776,-286.685,Shake
1.687,-1.999,1.999,286.685,-266.420,-286.685,Shake
1.231,-1.999,1.999,286.685,274.654,-12.171,Shake
1.617,-1.999,1.889,286.685,286.685,286.379,Shake
1.994,-1.948,1.392,286.685,286.685,275.494,Shake
1.997,-1.444,1.238,286.685,286.685,65.503,Shake
1.998,-0.426,0.254,190.374,286.685,-33.565,Shake
1.998,0.252,-0.319,93.170,286.685,-207.077,Shake
1.998,0.732,-1.274,-20.825,286.685,-286.685,Shake
1.998,1.199,-1.997,-13.125,286.685,-286.685,Shake
1.934,-0.262,-1.997,-126.009,-74.121,-286.685,Shake
0.988,-0.996,-1.704,-194.574,-286.685,-286.685,Shake
1.286,-1.712,-1.584,-79.082,-286.685,-286.685,Shake
1.998,-1.999,-0.053,210.682,-286.685,-286.685,Shake
1.998,-1.995,1.997,127.391,-286.685,-286.685,Shake
0.757,-1.151,1.999,-285.556,-286.116,-286.685,Shake
1.998,-1.999,1.999,83.029,-76.457,-286.685,Shake
1.140,-1.862,1.999,286.685,-111.948,-193.585,Shake
1.215,-1.959,1.999,286.685,286.405,-45.684,Shake
1.149,-1.999,1.704,286.685,286.685,100.861,Shake
1.146,-1.999,1.969,286.685,286.685,112.481,Shake
1.994,-1.932,1.417,286.685,286.685,-47.915,Shake
1.998,-0.233,0.586,83.772,286.685,-208.932,Shake
1.998,0.167,-0.189,-11.051,286.685,-284.375,Shake
1.998,0.282,-1.039,62.528,286.685,-286.685,Shake
1.998,1.040,-1.997,65.467,286.685,-286.685,Shake
1.975,-0.425,-1.997,-84.254,12.285,-286.685,Shake
1.404,-1.052,-1.997,-214.471,-284.716,-286.685,Shake
0.554,-1.592,-1.850,-127.374,-286.685,-286.685,Shake
1.998,-1.999,-1.328,119.499,-286.685,-286.685,Shake
1.998,-0.241,1.999,286.396,-286.685,-286.685,Shake
1.532,-0.778,1.999,-284.900,-250.705,-286.685,Shake
1.998,-1.999,1.870,232.452,-202.379,-286.685,Shake
1.046,-1.686,1.999,286.685,-284.725,-174.650,Shake
0.980,-1.681,1.999,275.844,224.621,-95.051,Shake
0.802,-1.658,1.465,286.685,286.685,51.607,Shake
0.984,-1.873,1.915,286.685,286.685,166.197,Shake
1.991,-1.999,1.760,286.685,286.685,46.384,Shake
1.998,-0.679,0.945,232.934,286.685,-232.225,Shake
1.998,-0.250,0.686,-14.158,286.685,-286.685,Shake
1.998,1.000,-1.162,-233.800,286.685,-286.685,Shake
1.998,1.958,-1.997,-81.751,286.685,-286.685,Shake
1.998,-0.657,-1.997,-120.662,-10.833,-286.685,Shake
1.324,-1.084,-1.702,-113.969,-286.685,-286.685,Shake
1.730,-1.808,-1.443,105.061,-286.685,-286.685,Shake
1.998,-1.542,0.741,286.685,-286.685,-286.685,Shake
1.998,-0.023,1.999,72.091,-286.685,-277.270,Shake
1.998,-1.273,1.999,-286.685,-282.494,-286.685,Shake
1.834,-1.981,1.999,154.219,-218.540,-268.223,Shake
1.171,-1.133,1.999,286.685,97.370,168.997,Shake
1.534,-1.256,1.578,263.812,286.685,-31.631,Shake
1.100,-1.737,0.866,286.685,286.685,30.538,Shake
0.990,-1.999,1.916,286.685,286.685,65.520,Shake
1.998,-1.990,1.896,286.685,286.685,-108.955,Shake
1.998,-0.527,0.900,1.584,286.685,-280.709,Shake
1.998,0.335,-0.083,-107.887,286.685,-286.685,Shake
1.998,1.062,-1.997,90.834,286.685,-286.685,Shake
1.998,0.610,-1.997,80.658,257.714,-286.685,Shake
1.827,-0.960,-1.997,-286.615,-213.833,-286.685,Shake
1.075,-1.192,-1.982,-155.129,-286.685,-286.685,Shake
0.842,-1.824,-1.986,-60.296,-286.685,-286.685,Shake
1.998,-1.939,-0.499,283.517,-286.685,-286.685,Shake
1.998,-0.309,1.999,281.103,-286.685,-225.076,Shake
1.844,-0.823,1.999,-286.685,-265.029,-286.685,Shake
1.998,-1.955,1.448,-145.259,-188.947,-286.685,Shake
1.680,-0.916,1.999,252.122,-261.021,-258.081,Shake
1.341,-0.998,1.999,187.372,108.614,-286.685,Shake
1.044,-1.486,1.725,286.685,264.294,-217.656,Shake
0.613,-1.964,1.920,286.685,286.685,-14.831,Shake
1.815,-1.999,1.996,286.685,286.685,99.426,Shake
1.998,-1.999,1.841,286.685,286.685,53.970,Shake
1.998,-0.640,0.573,74.874,286.685,-117.976,Shake
1.998,0.214,-0.490,30.310,286.685,-274.767,Shake
1.998,0.180,-0.784,101.430,286.685,-286.685,Shake
1.998,0.786,-1.997,87.806,286.685,-286.685,Shake
1.998,-0.011,-1.997,-86.476,67.497,-286.685,Shake
1.492,-1.624,-1.766,-286.685,-286.685,-286.685,Shake
1.954,-1.999,-1.880,-174.624,-286.685,-286.685,Shake
1.998,-1.999,-1.778,127.024,-286.685,-286.685,Shake
1.998,-1.822,1.999,286.685,-286.685,-286.685,Shake
1.838,-1.329,1.999,-286.650,-286.020,-286.685,Shake
1.998,-1.999,1.999,-9.231,-72.756,-286.685,Shake
1.595,-1.783,1.999,286.685,-151.777,-277.034,Shake
1.702,-1.606,1.999,201.819,284.524,-154.280,Shake
1.137,-1.405,1.029,206.273,286.685,-84.192,Shake
0.274,-1.692,1.697,286.685,286.685,39.751,Shake
1.105,-1.999,1.646,286.685,286.685,223.913,Shake
1.938,-1.999,1.999,286.685,286.685,240.179,Shake
1.998,-0.506,1.717,67.410,286.685,-35.490,Shake
1.998,0.430,-0.206,-35.245,286.685,-175.289,Shake
1.998,0.317,-1.090,154.446,286.685,-221.637,Shake
1.998,0.411,-1.159,159.381,286.685,-284.419,Shake
1.947,1.158,-1.997,-16.616,286.685,-286.685,Shake
1.131,-0.729,-1.995,-187.092,-213.369,-286.685,Shake
1.207,-1.974,-1.760,-282.467,-286.685,-286.685,Shake
1.895,-1.999,-1.997,28.446,-286.685,-286.685,Shake
1.998,-1.728,0.041,285.154,-286.685,-286.685,Shake
1.986,-1.383,1.999,90.423,-286.685,-286.685,Shake
1.998,-1.639,1.999,-286.685,-254.852,-286.685,Shake
1.998,-1.998,1.999,271.154,-175.367,-286.685,Shake
1.851,-1.672,1.999,286.685,9.398,-286.685,Shake
1.820,-1.679,1.362,246.925,210.193,-261.354,Shake
0.779,-1.665,1.799,210.236,278.609,-7.997,Shake
0.739,-1.999,1.655,286.685,286.685,134.908,Shake
1.273,-1.999,1.477,286.685,286.685,260.321,Shake
1.998,-1.885,1.324,280.744,286.685,202.003,Shake
1.998,-0.285,1.162,-102.970,286.685,3.342,Shake
1.998,0.822,-0.191,-169.356,286.685,-47.469,Shake
1.998,1.065,-0.920,63.884,286.685,-168.875,Shake
1.998,1.160,-1.997,239.059,286.685,-274.881,Shake
1.129,0.371,-1.997,2.721,76.711,-286.685,Shake
0.900,-1.412,-1.715,-286.685,-286.685,-286.685,Shake
1.163,-1.965,-1.832,-240.800,-286.685,-286.685,Shake
1.998,-1.999,-1.489,67.637,-286.685,-286.685,Shake
1.998,-1.964,1.949,277.445,-286.685,-286.685,Shake
1.064,-1.231,1.999,-286.633,-286.685,-286.685,Shake
1.998,-1.932,1.999,-187.171,2.476,-286.685,Shake
1.557,-1.905,1.999,286.685,-109.060,-286.685,Shake
1.681,-1.960,1.958,286.685,158.568,-249.996,Shake
0.972,-1.967,1.519,241.273,250.355,-31.859,Shake
0.239,-1.813,1.999,286.685,286.685,206.693,Shake
1.549,-1.999,1.363,286.685,286.685,286.685,Shake
1.998,-1.999,1.393,286.685,286.685,286.685,Shake
1.998,-0.464,0.950,246.951,286.685,-6.711,Shake
1.998,-0.254,0.110,144.874,286.685,-166.924,Shake
1.994,0.109,-0.423,162.908,286.685,-217.236,Shake
1.986,0.268,-0.698,126.753,286.685,-286.142,Shake
1.998,0.667,-1.838,11.629,286.685,-286.685,Shake
1.485,0.171,-1.997,33.819,184.021,-286.685,Shake
0.965,-0.914,-1.997,-180.057,-285.390,-286.685,Shake
0.823,-1.781,-1.952,-249.874,-286.685,-286.685,Shake
1.997,-1.970,-1.674,-17.220,-286.685,-286.685,Shake
1.998,-1.896,1.276,286.501,-286.685,-286.685,Shake
1.321,-1.268,1.999,-224.122,-286.685,-286.685,Shake
1.927,-1.432,1.999,-286.685,-119.840,-286.685,Shake
1.975,-1.776,1.999,280.096,-121.056,-286.685,Shake
1.354,-1.539,1.999,286.685,43.943,-286.685,Shake
1.532,-1.850,1.371,279.834,281.085,-249.839,Shake
0.388,-1.795,1.932,286.685,286.685,24.719,Shake
0.904,-1.916,1.546,286.685,286.685,250.679,Shake
1.683,-1.999,1.408,286.685,286.685,286.685,Shake
1.998,-1.635,1.985,278.994,286.685,184.511,Shake
1.998,0.294,0.418,22.715,286.685,-132.991,Shake
1.998,-0.221,-0.281,236.976,286.685,-236.705,Shake
1.998,-0.315,-0.396,246.575,286.685,-285.337,Shake
1.998,0.819,-1.997,52.089,286.685,-286.685,Shake
1.851,-0.616,-1.997,-182.446,-171.798,-286.685,Shake
1.163,-1.774,-1.590,-284.576,-286.685,-286.685,Shake
1.998,-1.999,-1.194,-150.841,-286.685,-286.685,Shake
1.998,-1.999,0.390,31.666,-286.685,-286.685,Shake
1.998,-1.999,1.999,-83.125,-286.685,-286.685,Shake
1.255,-1.422,1.999,-286.685,-266.919,-286.685,Shake
1.998,-1.999,1.999,284.034,71.680,-286.685,Shake
1.539,-1.671,1.213,286.685,215.259,-261.065,Shake
1.794,-1.888,0.868,235.462,253.330,-102.655,Shake
0.855,-1.709,1.652,114.301,286.685,1.444,Shake
0.582,-1.859,1.522,284.445,286.685,145.276,Shake
1.995,-1.999,1.229,286.685,286.685,286.685,Shake
1.998,-1.999,1.090,284.707,286.685,284.051,Shake
1.998,-0.133,1.061,-260.566,286.685,93.686,Shake
1.998,1.958,0.427,-286.685,286.685,29.199,Shake
1.998,1.997,-0.410,-246.251,286.685,-70.735,Shake
1.474,1.468,-1.989,202.930,286.685,-151.436,Shake
0.574,-0.190,-1.997,275.109,-171.098,-286.685,Shake
0.403,-0.900,-1.653,-78.330,-286.685,-286.685,Shake
1.975,-1.665,-1.296,-55.011,-286.685,-286.685,Shake
1.998,-1.999,0.125,80.832,-286.685,-286.685,Shake
1.748,-1.844,1.999,-96.469,-286.685,-286.685,Shake
1.746,-1.999,1.999,-127.942,-95.988,-286.685,Shake
1.584,-1.999,1.999,286.685,-96.967,-278.451,Shake
1.179,-1.999,1.999,242.419,185.062,70.184,Shake
1.065,-1.999,1.999,18.620,286.685,231.971,Shake
0.666,-1.920,1.756,162.094,286.685,286.685,Shake
1.889,-1.999,1.601,286.685,286.685,286.685,Shake
1.998,-1.966,0.772,189.779,286.685,286.685,Shake
1.998,-0.881,0.329,-53.463,286.685,280.271,Shake
1.998,0.311,-0.040,-155.242,286.685,205.835,Shake
1.998,0.892,-1.069,-31.535,286.685,41.947,Shake
1.998,1.115,-1.997,174.947,211.435,-139.781,Shake
1.349,0.217,-1.936,-3.544,-243.696,-286.099,Shake
0.684,-0.560,-1.171,-188.825,-286.685,-286.685,Shake
1.733,-1.573,-1.025,-162.750,-286.685,-286.685,Shake
1.998,-1.999,0.585,-70.919,-286.685,-286.685,Shake
1.998,-1.999,1.999,-192.570,-286.685,-286.685,Shake
1.968,-1.999,1.999,-273.910,-271.976,-286.685,Shake
1.998,-1.999,1.999,284.147,-90.842,-286.685,Shake
1.649,-1.999,1.999,286.685,142.572,-102.314,Shake
1.329,-1.999,1.999,216.571,286.685,280.744,Shake
1.358,-1.999,1.999,236.635,286.685,286.685,Shake
1.998,-1.999,1.521,281.628,286.685,286.685,Shake
1.998,-1.273,0.445,107.336,286.685,286.685,Shake
1.998,-0.113,-0.083,109.147,286.685,282.196,Shake
1.998,-0.049,-0.317,204.417,286.685,190.409,Shake
1.998,0.117,-1.474,252.840,286.685,36.155,Shake
1.989,1.055,-1.997,270.244,199.622,-122.115,Shake
1.518,0.141,-1.997,-112.726,-286.685,-286.685,Shake
0.984,-1.256,-1.096,-276.054,-286.685,-286.685,Shake
1.996,-1.999,-0.798,-284.261,-286.685,-286.685,Shake
1.998,-1.999,1.072,-139.352,-286.685,-286.685,Shake
1.391,-1.389,1.999,-278.793,-286.685,-286.685,Shake
1.998,-1.999,1.999,-260.575,-205.030,-286.685,Shake
1.490,-1.998,1.999,285.145,-230.134,-278.801,Shake
1.467,-1.994,1.999,286.685,142.074,-152.163,Shake
1.157,-1.999,1.785,286.685,286.685,138.959,Shake
1.061,-1.999,1.839,286.685,286.685,286.685,Shake
1.998,-1.999,1.725,286.685,286.685,286.685,Shake
1.998,-1.980,1.284,286.615,286.685,283.176,Shake
1.998,0.065,-0.050,-18.532,286.685,26.267,Shake
1.998,0.327,-0.385,-126.236,286.685,-56.647,Shake
1.998,0.724,-1.990,-30.039,286.685,-29.085,Shake
1.998,1.672,-1.997,81.366,224.210,-187.539,Shake
1.436,-0.375,-1.389,-104.186,-286.685,-286.685,Shake
0.718,-1.243,-1.223,-209.405,-286.685,-286.685,Shake
1.931,-1.920,-1.272,-39.891,-286.685,-286.685,Shake
1.998,-1.999,1.592,-9.686,-286.685,-286.685,Shake
1.998,-1.999,1.999,-245.315,-286.685,-286.685,Shake
1.998,-1.999,1.999,-263.620,-286.685,-286.685,Shake
1.781,-1.999,1.999,285.845,-154.542,-286.186,Shake
1.976,-1.999,1.994,279.457,278.022,-4.366,Shake
1.650,-1.849,1.231,203.709,286.685,145.504,Shake
0.701,-1.749,1.080,286.589,286.685,186.515,Shake
1.091,-1.999,1.389,286.685,286.685,283.430,Shake
1.998,-1.999,1.668,286.492,286.685,145.950,Shake
1.998,-1.126,-0.096,-46.655,286.685,-43.689,Shake
1.998,0.314,0.009,-282.721,286.685,-20.860,Shake
1.998,1.471,-0.735,-282.082,286.685,-34.178,Shake
1.998,1.353,-1.995,67.226,286.685,-168.438,Shake
1.408,0.993,-1.997,147.018,144.060,-285.793,Shake
0.573,-0.434,-1.851,-72.240,-286.685,-286.685,Shake
1.235,-1.502,-1.667,-30.642,-286.685,-286.685,Shake
1.998,-1.699,0.189,286.676,-286.685,-286.685,Shake
1.972,-0.089,1.999,154.577,-286.685,-278.381,Shake
1.989,-1.622,1.999,-286.685,-197.330,-286.685,Shake
1.635,-1.999,1.999,-145.163,-211.155,-286.685,Shake
0.362,-1.584,1.999,286.685,12.784,117.652,Shake
1.290,-1.922,1.565,286.685,286.685,98.901,Shake
0.747,-1.997,1.450,286.685,286.685,245.814,Shake
0.939,-1.999,1.622,286.685,286.685,286.685,Shake
1.998,-1.975,1.317,286.388,286.685,213.316,Shake
1.998,-0.324,0.420,62.143,286.685,28.420,Shake
1.998,0.098,-0.233,-17.124,286.685,-108.780,Shake
1.998,0.241,-0.641,2.747,286.685,-124.241,Shake
1.935,1.301,-1.997,40.364,286.685,-204.715,Shake
1.247,0.014,-1.994,-123.419,-255.299,-286.685,Shake
0.489,-0.947,-1.141,-159.731,-286.685,-286.685,Shake
0.909,-1.763,-0.951,-103.075,-286.685,-286.685,Shake
1.998,-1.953,0.288,111.046,-286.685,-286.685,Shake
1.920,-0.966,1.999,19.101,-286.685,-286.685,Shake
1.998,-1.916,1.999,-286.571,-286.685,-286.685,Shake
1.833,-1.977,1.999,1.383,-286.685,-286.685,Shake
0.840,-1.604,1.999,144.917,-200.725,-188.510,Shake
0.960,-1.728,1.999,284.489,256.261,-32.882,Shake
0.919,-1.999,1.668,286.685,286.685,100.257,Shake
0.989,-1.999,1.813,286.685,286.685,183.242,Shake
1.626,-1.999,1.810,286.685,286.685,170.485,Shake
1.998,-1.348,1.330,228.165,286.685,67.060,Shake
1.998,0.329,0.299,-120.426,286.685,-69.921,Shake
1.998,0.527,-0.497,-12.985,286.685,-100.993,Shake
1.998,0.511,-1.634,109.130,286.685,-116.559,Shake
1.677,0.858,-1.997,187.311,243.985,-268.712,Shake
1.018,-0.275,-1.711,-253.566,-201.092,-286.685,Shake
0.444,-1.073,-1.487,-286.353,-286.685,-286.685,Shake
1.483,-1.996,-1.833,-154.735,-286.685,-286.685,Shake
1.998,-1.997,-0.890,179.646,-286.685,-286.685,Shake
1.998,-0.076,1.999,274.802,-286.685,-286.685,Shake
1.998,-1.718,1.999,-279.492,-282.424,-286.685,Shake
1.844,-1.999,1.999,272.212,-286.256,-254.555,Shake
1.020,-1.983,1.999,245.499,205.223,198.879,Shake
1.653,-1.999,1.910,98.149,286.685,214.708,Shake
0.818,-1.999,0.984,281.041,286.685,286.685,Shake
1.557,-1.999,1.401,286.685,286.685,286.685,Shake
1.998,-1.090,0.302,107.109,286.685,221.016,Shake
1.998,-0.321,0.409,-2.870,286.685,167.143,Shake
1.998,0.576,-0.516,-99.111,286.685,107.616,Shake
1.998,1.223,-1.990,146.816,286.685,39.401,Shake
1.320,0.826,-1.997,185.316,-55.956,-237.834,Shake
0.804,-0.178,-1.550,-118.440,-284.288,-286.685,Shake
0.307,-1.019,-1.227,-286.685,-286.685,-286.685,Shake
1.542,-1.926,-1.693,-233.048,-286.685,-286.685,Shake
1.998,-1.949,0.831,114.275,-286.685,-286.685,Shake
0.963,-1.335,1.999,-189.105,-286.685,-286.685,Shake
1.962,-1.999,1.999,21.735,-158.716,-286.685,Shake
1.879,-1.999,1.999,286.685,-203.630,-280.639,Shake
1.244,-1.999,1.999,286.685,214.541,116.594,Shake
1.399,-1.999,1.738,154.114,286.685,283.045,Shake
1.564,-1.999,1.210,286.361,286.685,286.685,Shake
1.998,-1.828,1.213,281.531,286.685,286.685,Shake
1.998,-0.260,0.346,-53.147,286.685,253.208,Shake
1.998,0.852,-0.644,-116.366,286.685,165.559,Shake
1.998,0.997,-1.476,148.803,286.685,37.432,Shake
1.890,0.473,-1.686,284.620,284.384,-54.101,Shake
1.018,0.562,-1.997,1.732,-44.257,-281.103,Shake
0.407,-0.990,-1.687,-243.836,-286.685,-286.685,Shake
0.971,-1.873,-1.997,-252.000,-286.685,-286.685,Shake
1.998,-1.999,-1.565,12.565,-286.685,-286.685,Shake
1.998,-1.511,1.999,286.003,-286.685,-286.685,Shake
1.129,-1.066,1.999,-286.685,-250.924,-286.685,Shake
1.858,-1.999,1.987,138.880,-88.795,-286.685,Shake
0.925,-1.868,1.999,286.685,-146.335,-111.073,Shake
1.127,-1.999,1.999,286.685,286.055,7.919,Shake
1.222,-1.999,1.206,286.685,286.685,139.116,Shake
1.314,-1.999,1.200,286.685,286.685,286.685,Shake
1.998,-1.684,1.128,286.090,286.685,203.569,Shake
1.998,-0.772,0.663,141.155,286.685,49.831,Shake
1.998,0.212,0.046,-121.993,286.685,-36.662,Shake
1.998,1.511,-1.630,-202.939,286.685,-86.100,Shake
1.782,1.467,-1.997,-13.265,266.376,-280.490,Shake
1.133,-0.019,-1.932,-124.285,-103.434,-286.685,Shake
0.380,-0.700,-1.581,-264.206,-286.685,-286.685,Shake
1.260,-1.495,-1.567,-73.308,-286.685,-286.685,Shake
1.998,-1.661,0.680,230.764,-286.685,-286.685,Shake
1.826,-1.462,1.999,-135.494,-286.685,-286.685,Shake
1.995,-1.999,1.999,76.501,-212.660,-286.685,Shake
1.477,-1.999,1.999,286.685,-180.688,-284.611,Shake
1.553,-1.999,1.999,286.685,255.159,97.134,Shake
1.341,-1.572,0.989,69.834,286.685,190.732,Shake
0.635,-1.423,1.189,286.685,286.685,280.612,Shake
1.156,-1.830,1.572,286.685,286.685,213.027,Shake
1.998,-1.999,1.111,286.598,286.685,37.380,Shake
1.998,-0.010,0.107,-205.546,286.685,-169.514,Shake
1.998,1.997,-1.470,-286.685,286.685,-236.994,Shake
1.833,1.961,-1.916,-286.685,286.685,-286.685,Shake
0.941,-0.204,-1.499,-286.633,93.082,-286.685,Shake
0.788,-0.875,-1.507,-267.794,-286.685,-286.685,Shake
1.451,-1.042,-0.222,68.101,-286.685,-286.685,Shake
1.249,-0.709,1.999,71.348,-286.685,-286.685,Shake
1.941,-1.999,1.999,130.445,-286.685,-286.685,Shake
1.985,-1.999,1.999,286.685,-286.685,-286.685,Shake
0.612,-1.999,1.999,286.685,-72.266,-260.689,Shake
1.184,-1.999,1.999,237.720,286.685,196.009,Shake
1.057,-1.640,1.191,78.540,286.685,195.510,Shake
1.027,-1.575,0.789,178.325,286.685,231.333,Shake
1.998,-1.082,0.644,-48.379,286.685,204.768,Shake
1.998,1.528,-0.811,-286.685,286.685,141.549,Shake
1.325,1.922,-0.985,-286.685,286.685,-218.242,Shake
1.277,0.552,-1.364,-286.685,-124.976,-286.685,Shake
0.742,-0.156,-0.552,-162.356,-286.685,-286.685,Shake
0.326,-0.735,0.179,-3.553,-286.685,-286.685,Shake
0.792,-1.348,1.942,179.926,-286.685,-286.685,Shake
1.546,-1.999,1.999,286.685,-286.685,-286.685,Shake
0.752,-1.999,1.999,286.685,-252.648,-286.685,Shake
0.414,-1.999,1.999,286.685,84.061,-204.076,Shake
0.617,-1.999,1.999,286.685,286.685,175.814,Shake
1.137,-1.741,1.149,156.039,286.685,214.139,Shake
1.959,-1.334,0.484,-85.120,286.685,236.609,Shake
1.983,-0.251,-0.012,-285.267,286.685,260.864,Shake
1.226,1.305,-0.756,-286.685,286.685,141.330,Shake
0.779,0.761,-0.567,-286.685,76.326,-175.989,Shake
1.027,-0.478,-0.452,-286.685,-281.531,-286.685,Shake
1.050,-0.746,-0.142,-286.685,-286.685,-286.685,Shake
1.064,-1.169,0.881,-252.508,-286.685,-286.685,Shake
0.904,-1.909,1.999,100.301,-286.309,-286.685,Shake
1.804,-1.999,1.999,286.685,63.324,-286.685,Shake
1.073,-1.999,1.999,286.685,156.564,-281.680,Shake
0.426,-1.999,1.999,286.685,286.685,255.684,Shake
1.501,-1.999,1.999,286.685,286.685,286.685,Shake
1.998,-1.850,1.995,165.401,286.685,286.685,Shake
1.998,0.777,0.267,-36.978,286.685,184.432,Shake
1.957,0.118,-0.329,89.110,286.685,23.923,Shake
1.604,-0.173,0.140,99.916,286.685,-14.368,Shake
1.998,0.943,-0.736,-129.561,286.685,-187.119,Shake
1.926,1.434,-1.997,-16.153,282.914,-286.685,Shake
1.342,0.107,-1.997,11.252,-277.699,-286.685,Shake
0.701,-1.141,-1.532,-173.399,-286.685,-286.685,Shake
1.816,-1.670,-1.387,-81.629,-286.685,-286.685,Shake
1.998,-1.912,0.824,162.321,-286.685,-286.685,Shake
1.313,-1.288,1.999,-217.000,-286.685,-286.685,Shake
1.929,-1.999,1.999,-77.647,-174.501,-286.685,Shake
1.996,-1.999,1.999,286.230,-246.094,-286.685,Shake
1.005,-1.903,1.999,286.633,72.467,-127.146,Shake
1.146,-1.613,1.358,137.086,286.685,133.989,Shake
0.726,-1.605,1.290,286.685,286.685,286.659,Shake
1.142,-1.972,1.244,286.685,286.685,286.685,Shake
1.998,-1.948,1.040,286.685,286.685,142.879,Shake
1.998,-0.251,0.354,-25.358,286.685,-63.586,Shake
1.998,0.701,-0.124,-271.101,286.685,-154.621,Shake
1.998,1.546,-1.485,-263.471,286.685,-224.411,Shake
1.989,1.596,-1.997,-217.087,285.198,-286.685,Shake
1.160,-0.402,-1.997,-227.342,-267.487,-286.685,Shake
0.721,-0.512,-1.345,-46.664,-286.685,-286.685,Shake
1.998,-1.743,-0.431,59.605,-286.685,-286.685,Shake
1.998,-1.999,1.999,29.978,-286.685,-286.685,Shake
1.335,-1.685,1.999,-247.870,-286.685,-286.685,Shake
1.998,-1.999,1.999,82.320,-181.125,-286.685,Shake
1.371,-1.999,1.999,286.685,-29.540,-269.526,Shake
1.424,-1.999,1.999,286.624,285.862,53.821,Shake
0.958,-1.999,1.648,223.326,286.685,250.731,Shake
0.788,-1.982,1.330,286.685,286.685,286.685,Shake
1.990,-1.999,1.393,286.685,286.685,286.685,Shake
1.998,-1.127,1.127,230.466,286.685,201.758,Shake
1.998,0.359,0.414,-96.425,286.685,-25.891,Shake
1.998,1.031,-0.341,-228.900,286.685,-209.886,Shake
1.998,1.007,-1.849,-89.714,286.685,-253.549,Shake
1.540,0.576,-1.997,56.131,36.015,-286.685,Shake
0.927,-0.481,-1.941,-49.805,-286.685,-286.685,Shake
1.192,-1.114,-1.278,-70.184,-286.685,-286.685,Shake
1.998,-1.840,0.450,183.750,-286.685,-286.685,Shake
1.071,-0.355,1.999,23.529,-286.685,-286.685,Shake
1.998,-1.999,1.999,9.905,-204.566,-286.685,Shake
1.464,-1.999,1.999,277.970,-284.760,-286.685,Shake
0.411,-1.771,1.999,279.142,-30.345,-7.017,Shake
0.874,-1.550,1.860,164.299,286.685,98.210,Shake
0.729,-1.485,0.970,286.685,286.685,229.189,Shake
0.824,-1.595,1.300,286.685,286.685,277.996,Shake
1.876,-1.744,1.419,279.834,286.685,246.732,Shake
1.998,-0.507,1.064,-151.944,286.685,114.467,Shake
1.998,1.071,0.267,-286.685,286.685,21.542,Shake
1.998,1.978,-0.755,-286.685,286.685,-3.404,Shake
1.856,1.976,-1.997,163.030,257.609,-102.567,Shake
1.324,-0.032,-1.842,267.181,-286.685,-286.685,Shake
1.011,-0.870,-0.883,-58.520,-286.685,-286.685,Shake
1.993,-1.934,0.003,22.785,-286.685,-286.685,Shake
1.998,-1.102,1.936,193.839,-286.685,-286.685,Shake
1.543,-1.020,1.999,-281.505,-286.685,-286.685,Shake
1.962,-1.999,1.999,-64.155,-286.606,-286.685,Shake
0.538,-1.601,1.999,286.685,-140.053,19.810,Shake
1.142,-1.707,1.999,262.500,286.685,146.335,Shake
1.195,-1.675,1.664,255.518,286.685,240.432,Shake
1.398,-1.621,1.456,286.685,286.685,286.685,Shake
1.783,-1.735,0.978,286.685,286.685,182.158,Shake
1.996,-1.372,0.661,267.190,286.685,-14.831,Shake
1.998,-0.304,-0.026,-37.048,286.685,-100.039,Shake
1.998,1.204,-1.997,-133.455,286.685,-170.336,Shake
1.785,0.429,-1.997,-129.342,-20.361,-286.685,Shake
0.934,-1.020,-1.220,-258.633,-286.685,-286.685,Shake
0.771,-1.589,-1.109,-197.216,-286.685,-286.685,Shake
1.998,-1.999,-0.471,-75.880,-286.685,-286.685,Shake
1.998,-1.611,1.985,158.524,-286.685,-286.685,Shake
1.091,-0.831,1.999,-283.544,-280.385,-286.685,Shake
1.998,-1.999,1.999,231.061,-186.244,-286.685,Shake
0.816,-1.251,1.999,286.685,-128.958,-122.570,Shake
0.869,-1.340,1.995,286.685,286.685,68.066,Shake
0.926,-1.259,1.379,286.685,286.685,196.884,Shake
0.945,-1.334,1.206,286.685,286.685,237.851,Shake
1.754,-1.699,1.441,286.685,286.685,107.940,Shake
1.909,-0.582,0.891,54.408,286.685,-147.114,Shake
1.998,0.227,0.328,-153.825,286.685,-276.360,Shake
1.998,0.957,-0.930,-284.812,286.685,-286.685,Shake
1.998,1.395,-1.997,-88.366,286.685,-286.685,Shake
1.417,-0.906,-1.997,-161.919,-247.363,-286.685,Shake
0.943,-1.099,-1.669,-198.424,-286.685,-286.685,Shake
1.897,-1.667,-1.388,5.766,-286.685,-286.685,Shake
1.998,-1.414,1.369,286.142,-286.685,-286.685,Shake
0.721,-0.501,1.999,-149.774,-286.685,-286.685,Shake
1.998,-1.999,1.999,186.034,-166.644,-286.685,Shake
1.183,-1.920,1.999,286.685,-230.869,13.501,Shake
0.854,-1.334,1.999,271.775,238.420,163.520,Shake
1.478,-1.098,1.906,-6.037,286.685,187.101,Shake
1.331,-1.164,1.304,222.600,286.685,286.685,Shake
1.713,-1.168,1.306,286.685,286.685,251.003,Shake
1.998,-1.131,0.459,253.260,286.685,-17.657,Shake
1.998,-0.333,-0.092,-38.728,286.685,-161.770,Shake
1.998,1.278,-1.997,-173.486,286.685,-240.747,Shake
1.995,0.273,-1.997,-86.625,-25.366,-286.685,Shake
1.366,-0.718,-1.676,-133.779,-286.685,-286.685,Shake
0.529,-0.936,-1.461,-134.872,-286.685,-286.685,Shake
1.998,-1.953,-1.113,80.281,-286.685,-286.685,Shake
1.998,-1.398,1.936,286.685,-286.685,-286.685,Shake
0.666,-0.424,1.999,-229.521,-286.624,-286.685,Shake
1.941,-1.828,1.999,199.307,-73.596,-286.685,Shake
1.165,-1.492,1.999,286.685,-262.036,-75.775,Shake
0.877,-0.913,1.999,258.772,234.474,118.256,Shake
0.838,-0.894,1.184,162.820,286.685,18.629,Shake
0.651,-1.097,0.865,286.685,286.685,92.356,Shake
0.810,-1.543,1.492,286.685,286.685,65.327,Shake
1.478,-1.348,1.232,225.908,286.685,-66.071,Shake
1.998,-0.092,0.460,-192.859,286.685,-256.996,Shake
1.998,0.887,-0.468,-286.685,286.685,-286.685,Shake
1.998,1.450,-1.997,-207.148,286.685,-286.685,Shake
1.223,0.270,-1.997,-3.894,166.092,-286.685,Shake
1.019,-1.535,-1.951,-282.056,-286.685,-286.685,Shake
1.817,-1.641,-1.536,-110.180,-286.685,-286.685,Shake
1.998,-1.452,0.619,283.203,-286.685,-286.685,Shake
1.998,-0.368,1.999,271.556,-286.685,-286.685,Shake
1.257,-1.055,1.999,-285.311,-214.952,-286.685,Shake
1.900,-1.999,1.999,282.476,-150.631,-286.685,Shake
0.389,-1.631,1.999,286.685,-89.906,41.624,Shake
1.519,-1.935,1.999,286.685,286.685,197.216,Shake
1.998,-1.860,1.903,263.174,286.685,202.116,Shake
1.997,-1.411,1.441,227.649,286.685,144.804,Shake
1.880,-0.891,0.469,176.286,286.685,-2.818,Shake
1.998,-0.420,0.135,12.294,286.685,-110.775,Shake
1.998,0.424,-0.699,-167.913,286.685,-176.435,Shake
1.998,1.908,-1.997,-140.341,286.685,-285.250,Shake
1.350,-0.421,-1.997,-178.710,-98.096,-286.685,Shake
0.600,-1.032,-1.870,-197.680,-286.685,-286.685,Shake
1.881,-1.317,-1.484,70.691,-286.685,-286.685,Shake
1.998,-1.386,-0.035,286.685,-286.685,-286.685,Shake
1.959,-0.034,1.999,247.450,-286.685,-286.685,Shake
1.373,-1.256,1.999,-243.915,-213.159,-286.685,Shake
1.469,-1.952,1.999,282.345,-148.435,-286.029,Shake
0.533,-1.671,1.999,286.685,0.595,12.346,Shake
0.932,-1.337,1.882,161.822,286.685,56.744,Shake
0.720,-1.304,1.204,166.014,286.685,130.410,Shake
0.829,-1.372,1.307,286.685,286.685,248.780,Shake
1.857,-1.235,1.271,193.970,286.685,216.256,Shake
1.998,-0.419,0.538,-114.800,286.685,101.132,Shake
1.998,0.301,-0.027,-262.929,286.685,22.286,Shake
1.998,1.382,-1.456,-216.510,286.685,-89.460,Shake
1.485,0.668,-1.997,43.934,284.279,-285.513,Shake
0.917,-0.231,-1.997,-170.406,-212.958,-286.685,Shake
0.361,-0.438,-1.664,-132.869,-286.685,-286.685,Shake
1.375,-1.470,-1.243,35.954,-286.685,-286.685,Shake
1.998,-1.413,0.855,285.828,-286.685,-286.685,Shake
0.653,-0.277,1.999,-96.880,-286.685,-286.685,Shake
1.953,-1.990,1.999,-118.300,-272.554,-286.685,Shake
1.338,-1.896,1.999,286.685,-286.020,-265.169,Shake
0.796,-1.439,1.999,285.443,-31.439,-112.420,Shake
1.002,-1.205,1.608,135.467,286.685,54.661,Shake
0.434,-1.048,1.555,242.568,286.685,135.783,Shake
0.663,-1.576,1.589,286.685,286.685,194.294,Shake
1.657,-1.786,1.241,286.685,286.685,176.111,Shake
1.998,-0.706,0.701,1.470,286.685,-15.776,Shake
1.998,0.670,-0.210,-284.821,286.685,-133.053,Shake
1.998,0.937,-1.633,-190.943,286.685,-173.206,Shake
1.629,0.845,-1.997,58.923,286.685,-234.990,Shake
0.628,-0.009,-1.995,-36.549,-214.629,-286.685,Shake
1.020,-1.296,-1.213,-285.897,-286.685,-286.685,Shake
1.864,-1.999,-1.406,-156.546,-286.685,-286.685,Shake
1.998,-1.091,1.173,280.901,-286.685,-286.685,Shake
1.529,-0.170,1.999,-150.684,-286.685,-286.685,Shake
1.912,-1.757,1.999,-283.867,-230.982,-286.685,Shake
1.596,-1.999,1.999,246.855,-281.846,-286.685,Shake
0.679,-1.772,1.999,286.685,32.244,-79.537,Shake
1.177,-1.851,1.486,280.647,286.685,70.945,Shake
0.694,-1.933,1.193,286.685,286.685,231.490,Shake
0.893,-1.999,1.987,286.685,286.685,286.685,Shake
1.998,-1.999,1.939,286.685,286.685,268.704,Shake
1.998,-0.451,0.520,-2.783,286.685,-25.804,Shake
1.998,0.409,-0.085,-197.759,286.685,-97.309,Shake
1.998,1.012,-1.379,-178.946,286.685,-110.775,Shake
1.822,1.403,-1.997,150.404,269.334,-202.746,Shake
0.969,-0.244,-1.890,-31.938,-286.247,-286.685,Shake
0.772,-0.979,-1.239,-169.181,-286.685,-286.685,Shake
1.924,-1.832,-1.171,-169.006,-286.685,-286.685,Shake
1.998,-1.925,0.837,101.342,-286.685,-286.685,Shake
1.230,-0.979,1.999,-101.202,-286.685,-286.685,Shake
1.896,-1.999,1.999,-191.923,-123.244,-286.685,Shake
1.037,-1.836,1.999,286.685,-198.678,-203.621,Shake
0.779,-1.569,1.999,286.685,263.742,40.766,Shake
1.167,-1.533,1.510,286.685,286.685,35.910,Shake
0.588,-1.624,1.847,286.685,286.685,99.251,Shake
1.567,-1.999,1.999,286.685,286.685,-21.114,Shake
1.998,-0.833,0.465,113.654,286.685,-266.717,Shake
1.998,0.161,-0.310,-159.871,286.685,-286.685,Shake
1.998,0.592,-0.887,-279.501,286.685,-286.685,Shake
1.998,0.698,-1.966,-223.387,286.685,-286.685,Shake
1.129,0.037,-1.997,-213.027,84.814,-286.685,Shake
0.618,-1.224,-1.481,-284.279,-286.685,-286.685,Shake
0.812,-1.338,-1.489,-204.286,-286.685,-286.685,Shake
1.998,-1.975,-0.698,102.909,-286.685,-286.685,Shake
1.998,0.041,1.999,286.685,-286.685,-286.685,Shake
1.101,-0.836,1.999,-155.899,-264.652,-286.685,Shake
1.792,-1.999,1.999,286.685,-278.320,-286.685,Shake
0.279,-1.632,1.999,286.685,-168.000,-9.783,Shake
0.683,-1.862,1.999,286.685,284.655,123.393,Shake
1.443,-1.636,1.772,212.599,286.685,159.565,Shake
1.612,-1.245,1.549,286.685,286.685,168.822,Shake
1.865,-0.785,1.100,286.685,286.685,10.456,Shake
1.971,-0.431,0.267,167.151,286.685,-200.891,Shake
1.998,-0.123,-0.089,-80.456,286.685,-286.685,Shake
1.998,0.931,-1.747,-253.654,286.685,-286.685,Shake
1.948,0.269,-1.997,-73.062,247.231,-286.685,Shake
1.284,-0.837,-1.997,-130.559,-211.286,-286.685,Shake
0.816,-1.017,-1.787,-156.345,-286.685,-286.685,Shake
1.998,-1.932,-1.208,51.170,-286.685,-286.685,Shake
1.998,-1.450,1.824,286.685,-286.685,-286.685,Shake
0.336,-0.570,1.999,-252.149,-286.624,-286.685,Shake
1.998,-1.999,1.990,201.731,-56.193,-286.685,Shake
1.337,-1.971,1.999,286.685,-275.082,-281.470,Shake
0.671,-1.655,1.999,285.320,95.427,-32.847,Shake
0.689,-1.542,1.609,148.452,286.685,85.488,Shake
0.683,-1.797,1.439,286.685,286.685,219.205,Shake
1.207,-1.997,1.534,286.685,286.685,279.283,Shake
1.998,-1.449,1.460,234.159,286.685,188.641,Shake
1.998,0.158,0.270,-123.217,286.685,-85.094,Shake
1.998,0.828,-0.502,-236.959,286.685,-222.539,Shake
1.998,1.004,-1.322,-176.260,286.685,-283.990,Shake
1.450,0.954,-1.997,-75.906,253.732,-286.685,Shake
1.049,-1.203,-1.789,-257.486,-285.372,-286.685,Shake
1.041,-1.499,-1.527,-100.677,-286.685,-286.685,Shake
1.998,-1.444,-0.196,227.719,-286.685,-286.685,Shake
1.998,-1.403,1.849,218.199,-286.685,-286.685,Shake
1.307,-1.257,1.999,-263.883,-286.545,-286.685,Shake
1.995,-1.999,1.999,188.799,-61.022,-286.685,Shake
0.754,-1.999,1.999,286.685,-49.228,-212.467,Shake
1.274,-1.984,1.994,278.084,286.685,191.747,Shake
1.329,-1.753,1.765,103.967,286.685,286.685,Shake
1.514,-1.731,1.491,116.366,286.685,286.685,Shake
1.998,-1.673,1.121,179.891,286.685,286.685,Shake
1.998,-0.240,0.612,-16.126,286.685,258.405,Shake
1.998,0.368,-0.005,-85.872,286.685,100.695,Shake
1.998,1.023,-1.538,-7.823,286.685,-100.607,Shake
1.609,0.370,-1.997,42.455,285.381,-286.606,Shake
1.255,-0.488,-1.997,-136.964,-242.550,-286.685,Shake
0.533,-0.541,-1.665,-14.770,-286.685,-286.685,Shake
1.377,-1.337,-0.726,104.431,-286.685,-286.685,Shake
1.998,-1.642,1.431,125.641,-286.685,-286.685,Shake
0.911,-1.036,1.999,-223.309,-286.685,-286.685,Shake
1.816,-1.844,1.999,-275.704,-286.685,-286.685,Shake
1.005,-1.873,1.999,243.320,-286.414,-286.685,Shake
0.429,-1.749,1.999,286.685,10.203,-213.693,Shake
1.277,-1.889,1.318,264.451,286.685,130.042,Shake
0.661,-1.626,1.394,286.685,286.685,286.125,Shake
0.807,-1.999,1.266,286.685,286.685,286.685,Shake
1.520,-1.999,1.391,286.685,286.685,286.685,Shake
1.998,-1.368,1.191,8.531,286.685,245.691,Shake
1.998,1.357,0.408,-286.685,286.685,-15.776,Shake
1.998,0.989,-1.080,-283.850,286.685,-214.261,Shake
1.998,1.130,-1.997,-79.826,286.318,-146.501,Shake
1.001,0.348,-1.815,55.081,-282.538,-257.810,Shake
-0.167,-0.006,-0.968,-2.564,-286.685,-286.685,Shake
1.299,-1.336,-1.166,-26.871,-286.685,-286.685,Shake
1.998,-1.192,1.765,281.698,-286.685,-286.685,Shake
1.564,-0.855,1.999,56.665,-286.685,-286.685,Shake
1.961,-1.990,1.999,169.514,-286.685,-286.685,Shake
0.693,-1.948,1.999,286.685,-250.399,-266.061,Shake
1.425,-1.704,1.999,238.665,286.676,252.254,Shake
1.998,-1.397,1.640,-37.502,286.685,286.685,Shake
1.543,-1.335,1.285,78.129,286.685,286.685,Shake
1.597,-1.949,0.732,286.685,286.685,286.685,Shake
1.804,-1.349,0.364,286.668,286.685,119.429,Shake
1.998,-0.479,0.238,111.291,286.685,-123.699,Shake
1.998,0.714,-1.801,-170.240,286.685,-202.309,Shake
1.998,0.960,-1.997,-50.881,157.273,-283.281,Shake
1.136,-0.592,-1.179,-141.514,-286.685,-286.685,Shake
0.852,-0.969,-1.116,-248.220,-286.685,-286.685,Shake
1.737,-1.999,-1.150,-199.850,-286.685,-286.685,Shake
1.998,-1.036,1.572,282.082,-286.685,-286.685,Shake
1.854,-1.464,1.999,-257.128,-286.685,-286.685,Shake
1.998,-1.999,1.999,6.562,-259.508,-286.685,Shake
0.653,-1.960,1.999,286.685,-124.031,-127.260,Shake
1.267,-1.881,1.842,240.625,286.685,87.640,Shake
0.952,-1.684,0.993,246.899,286.685,141.137,Shake
0.492,-1.611,1.525,286.685,286.685,228.480,Shake
1.774,-1.999,1.660,286.685,286.685,282.599,Shake
1.998,-1.989,1.597,266.350,286.685,13.204,Shake
1.998,0.021,0.085,-34.458,286.685,-224.814,Shake
1.998,0.940,-0.924,-239.173,286.685,-286.685,Shake
1.998,0.915,-1.981,-71.103,286.685,-286.685,Shake
1.961,0.491,-1.997,85.050,55.641,-286.685,Shake
1.206,-0.838,-1.996,-31.491,-286.020,-286.685,Shake
1.187,-1.329,-1.688,-110.285,-286.685,-286.685,Shake
1.998,-1.999,-0.946,142.704,-286.685,-286.685,Shake
1.998,-1.498,1.999,281.837,-286.685,-286.685,Shake
1.966,-1.103,1.999,-286.685,-252.227,-286.685,Shake
1.998,-1.989,1.999,-244.072,79.555,-286.685,Shake
1.164,-1.671,1.999,286.685,-177.205,-172.961,Shake
1.611,-1.475,1.855,286.685,283.290,-156.117,Shake
0.824,-1.792,0.719,286.685,286.659,-108.561,Shake
0.169,-1.970,1.691,286.685,286.685,58.013,Shake
0.956,-1.999,1.999,286.685,286.685,82.302,Shake
1.998,-1.412,1.850,165.182,286.685,-54.022,Shake
1.998,0.637,-0.196,-248.806,286.685,-268.826,Shake
1.998,0.773,-1.420,-39.673,286.685,-278.434,Shake
1.268,0.308,-1.995,127.802,286.685,-286.318,Shake
0.764,0.168,-1.997,-203.158,223.974,-286.685,Shake
0.545,-0.926,-1.469,-286.685,-228.445,-286.685,Shake
0.773,-1.523,-1.657,-215.101,-286.685,-286.685,Shake
1.782,-1.668,-1.228,53.121,-286.685,-286.685,Shake
1.998,-1.663,1.468,202.825,-286.685,-259.700,Shake
1.229,-0.543,1.999,-254.564,-286.685,-277.725,Shake
1.719,-1.835,1.999,-238.893,-74.996,-286.685,Shake
1.101,-1.655,1.999,286.685,-210.630,-91.289,Shake
1.237,-1.362,1.891,163.564,261.424,-35.717,Shake
0.804,-1.096,0.924,89.031,282.091,-33.670,Shake
-0.039,-0.845,1.817,286.685,241.859,4.874,Shake
0.385,-1.435,1.657,286.685,286.685,85.094,Shake
1.524,-1.981,1.163,286.685,286.685,63.411,Shake
1.998,-1.597,0.998,204.470,286.685,-108.570,Shake
1.998,-0.007,-0.272,-223.650,286.685,-286.685,Shake
1.998,0.420,-1.805,-277.270,286.685,-286.685,Shake
1.502,0.068,-1.997,-103.924,257.224,-268.529,Shake
1.246,-0.915,-1.922,-216.475,-286.685,-271.871,Shake
1.236,-1.171,-0.752,-259.840,-286.685,-279.379,Shake
1.990,-1.953,0.559,-216.309,-286.685,-286.685,Shake
1.944,-0.582,1.999,-155.881,-286.685,-286.685,Shake
1.998,-1.969,1.999,-286.685,-286.685,-286.685,Shake
1.998,-1.999,1.999,1.592,-286.685,-286.685,Shake
1.305,-1.796,1.999,169.216,-83.842,-161.753,Shake
1.379,-1.610,1.999,191.958,272.913,13.309,Shake
0.994,-1.308,1.022,266.394,286.685,78.260,Shake
0.437,-1.230,1.129,286.685,286.685,75.092,Shake
0.417,-1.601,1.415,286.685,286.685,118.738,Shake
1.385,-1.999,1.580,286.685,286.685,109.760,Shake
1.998,-1.004,0.787,196.814,286.685,-167.300,Shake
1.998,0.697,-0.685,-202.545,286.685,-286.685,Shake
1.998,0.723,-1.443,-154.691,286.685,-286.685,Shake
1.899,0.031,-1.997,-41.493,286.685,-286.685,Shake
1.530,-1.388,-1.997,-286.545,-146.939,-286.685,Shake
1.514,-1.554,-1.558,-217.359,-286.685,-286.685,Shake
1.998,-1.928,0.022,62.807,-286.685,-286.685,Shake
1.998,-1.153,1.567,160.825,-286.685,-269.264,Shake
1.252,-0.675,1.999,-260.654,-286.685,-286.685,Shake
1.998,-1.999,1.999,-224.402,-286.685,-286.685,Shake
1.379,-1.582,1.999,235.629,-286.615,-286.361,Shake
1.582,-1.658,1.999,228.480,204.452,-220.596,Shake
1.429,-1.614,1.466,286.685,277.401,-45.789,Shake
0.563,-1.415,1.662,286.685,285.609,7.464,Shake
0.694,-1.857,1.446,286.685,286.685,65.931,Shake
1.789,-1.999,1.346,286.685,286.685,96.784,Shake
1.956,-1.636,1.139,215.827,286.685,-123.226,Shake
1.998,0.310,0.288,-248.841,286.685,-278.110,Shake
1.998,1.034,-0.918,-286.685,286.685,-286.685,Shake
1.785,0.777,-1.997,-104.160,286.685,-286.685,Shake
0.873,-0.092,-1.997,-162.540,-142.363,-286.685,Shake
0.873,-0.874,-1.542,-282.021,-286.685,-286.685,Shake
1.639,-1.505,-0.828,-181.449,-286.685,-286.685,Shake
1.998,-1.550,0.339,95.515,-286.685,-286.685,Shake
1.939,-0.628,1.999,59.903,-286.685,-286.685,Shake
1.953,-1.525,1.999,-286.685,-273.647,-286.685,Shake
1.967,-1.999,1.999,-149.958,-211.050,-286.685,Shake
0.873,-1.936,1.999,286.685,-135.196,-244.624,Shake
1.344,-1.757,1.992,286.685,271.644,2.835,Shake
0.922,-1.454,1.261,286.571,286.685,190.575,Shake
0.847,-1.492,1.509,286.685,286.685,286.685,Shake
1.542,-1.786,1.595,286.685,286.685,286.685,Shake
1.998,-1.392,0.936,212.791,286.685,96.967,Shake
1.998,-0.292,0.063,-70.683,286.685,-116.051,Shake
1.998,0.367,-0.698,-194.941,286.685,-212.083,Shake
1.998,0.810,-1.947,-94.911,286.685,-283.728,Shake
1.236,0.517,-1.997,188.834,-63.674,-286.685,Shake
1.172,-0.991,-1.172,-65.660,-286.685,-286.685,Shake
1.998,-1.999,0.238,-104.904,-286.685,-286.685,Shake
1.996,-1.758,1.087,169.024,-286.685,-146.072,Shake
1.667,0.646,1.999,109.760,-286.685,-82.180,Shake
1.873,-1.256,1.999,-286.685,-249.541,-286.685,Shake
1.977,-1.999,1.999,-132.212,-282.896,-286.685,Shake
0.503,-1.413,1.999,156.914,-166.941,-181.247,Shake
0.759,-1.909,1.985,284.174,286.283,-57.811,Shake
0.647,-1.999,1.054,286.685,286.685,58.765,Shake
0.483,-1.999,1.747,286.685,286.685,263.078,Shake
1.887,-1.999,1.999,286.685,286.685,286.685,Shake
1.998,-1.317,1.435,68.128,286.685,122.999,Shake
1.998,0.121,0.248,-208.128,286.685,-7.595,Shake
1.998,1.302,-1.051,-235.637,286.685,-102.821,Shake
1.939,0.873,-1.997,82.215,286.685,-180.652,Shake
1.237,0.218,-1.997,56.586,-153.869,-282.397,Shake
0.671,-0.255,-1.672,-131.381,-286.685,-286.685,Shake
1.184,-1.119,-0.884,-201.626,-286.685,-286.685,Shake
1.998,-1.999,-0.215,-107.266,-286.685,-286.685,Shake
1.998,-1.784,1.987,61.285,-286.685,-286.685,Shake
1.448,-1.269,1.999,-286.685,-282.397,-286.685,Shake
1.998,-1.999,1.999,-281.671,-98.490,-286.685,Shake
1.545,-1.940,1.999,271.372,-207.279,-256.900,Shake
1.352,-1.780,1.999,286.685,265.440,-87.780,Shake
0.920,-1.918,1.072,286.685,286.685,27.851,Shake
0.361,-1.999,1.851,286.685,286.685,191.074,Shake
1.180,-1.999,1.999,286.685,286.685,220.605,Shake
1.998,-1.706,1.887,81.812,286.685,92.978,Shake
1.998,1.174,0.024,-286.685,286.685,-100.669,Shake
1.998,1.997,-1.941,-226.432,286.685,-151.716,Shake
1.998,0.909,-1.997,161.367,167.247,-194.163,Shake
1.239,-0.306,-1.296,-7.341,-286.685,-235.699,Shake
0.712,-0.454,-0.727,-170.240,-286.685,-286.685,Shake
1.998,-1.999,-0.503,-206.885,-286.685,-286.685,Shake
1.998,-1.570,1.915,116.139,-286.685,-286.685,Shake
1.437,-0.958,1.999,-195.676,-286.685,-286.685,Shake
1.998,-1.999,1.999,-252.936,-174.099,-286.685,Shake
1.273,-1.992,1.999,277.095,-224.018,-242.961,Shake
1.013,-1.985,1.999,276.194,258.492,16.625,Shake
0.871,-1.869,1.007,263.699,286.685,142.432,Shake
0.502,-1.614,1.204,286.685,286.685,261.555,Shake
0.958,-1.970,1.561,286.685,286.685,278.775,Shake
1.998,-1.826,1.481,220.824,286.685,174.554,Shake
1.998,0.240,0.282,-239.645,286.685,22.164,Shake
1.998,1.006,-0.357,-286.685,286.685,-43.768,Shake
1.998,0.961,-1.995,-15.269,286.685,-114.380,Shake
1.376,0.406,-1.997,278.189,-22.452,-172.506,Shake
0.626,-0.509,-1.527,-102.436,-286.685,-284.454,Shake
0.717,-1.014,-0.947,-237.624,-286.685,-286.685,Shake
1.997,-1.999,-0.598,-199.045,-286.685,-286.685,Shake
1.998,-1.819,1.727,-39.585,-286.685,-285.775,Shake
1.248,-1.127,1.999,-286.685,-286.685,-286.685,Shake
1.998,-1.999,1.999,-267.321,-194.023,-286.685,Shake
1.494,-1.994,1.999,286.580,-250.241,-283.360,Shake
1.296,-1.983,1.999,286.650,105.332,-135.310,Shake
1.313,-1.999,0.907,251.554,286.685,7.980,Shake
0.570,-1.763,1.187,286.685,286.685,236.460,Shake
0.897,-1.999,1.149,286.685,286.685,286.685,Shake
1.499,-1.999,1.270,286.685,286.685,281.129,Shake
1.998,-1.322,0.688,161.805,286.685,130.016,Shake
1.998,1.036,-0.411,-254.170,286.685,-74.620,Shake
1.998,1.500,-1.760,-140.639,286.685,-188.991,Shake
1.741,0.861,-1.997,95.821,286.685,-242.130,Shake
0.897,-0.265,-1.997,-5.775,-205.214,-286.685,Shake
0.243,-0.690,-1.191,-193.401,-286.685,-286.685,Shake
1.036,-1.658,-1.168,-188.676,-286.685,-286.685,Shake
1.998,-1.999,-0.186,3.150,-286.685,-286.685,Shake
1.998,-1.741,1.950,70.543,-286.685,-286.685,Shake
1.834,-1.281,1.999,-286.685,-285.390,-286.685,Shake
1.983,-1.999,1.999,-88.926,-134.741,-286.685,Shake
1.130,-1.890,1.999,286.685,-11.620,-132.650,Shake
1.782,-1.958,1.238,250.303,286.685,-15.995,Shake
1.050,-1.634,0.903,285.644,286.685,91.779,Shake
0.475,-1.784,1.583,286.685,286.685,160.151,Shake
1.215,-1.999,1.351,286.685,286.685,215.311,Shake
1.885,-1.999,1.343,274.391,286.685,158.804,Shake
1.998,-0.153,0.240,-15.549,286.685,-46.051,Shake
1.998,1.200,-1.305,-231.682,286.685,-216.615,Shake
1.986,0.845,-1.997,-25.786,286.685,-286.685,Shake
0.968,0.134,-1.997,-181.318,-14.892,-286.685,Shake
0.842,-0.732,-1.724,-286.580,-286.571,-286.685,Shake
1.418,-1.831,-1.289,-200.314,-286.685,-286.685,Shake
1.998,-1.277,0.131,221.104,-286.685,-286.685,Shake
1.726,-0.144,1.999,-87.518,-286.685,-286.685,Shake
1.998,-1.925,1.999,-236.915,-255.456,-286.685,Shake
1.490,-1.880,1.999,286.685,-286.169,-286.676,Shake
0.933,-1.814,1.999,286.685,37.222,-107.266,Shake
1.630,-1.649,0.839,152.941,286.685,115.019,Shake
0.443,-0.953,1.165,283.920,286.685,248.159,Shake
0.630,-1.602,1.153,286.685,286.685,236.477,Shake
1.119,-1.981,1.642,286.685,286.685,251.851,Shake
1.998,-0.944,1.230,184.765,286.685,17.491,Shake
1.998,1.166,-0.425,-278.434,286.685,-275.546,Shake
1.998,1.254,-1.205,-277.401,286.685,-286.685,Shake
1.924,0.771,-1.997,-102.506,286.641,-286.685,Shake
1.141,-0.232,-1.997,-106.811,-55.501,-286.685,Shake
0.866,-0.638,-1.447,-99.444,-286.685,-286.685,Shake
1.528,-1.335,-0.779,76.160,-286.685,-286.685,Shake
1.998,-0.763,1.410,286.125,-286.685,-286.685,Shake
1.654,-0.695,1.999,-190.689,-286.685,-286.685,Shake
1.998,-1.999,1.999,-112.018,-286.685,-286.685,Shake
1.380,-1.695,1.999,187.845,-276.246,-254.643,Shake
1.390,-1.343,1.999,140.884,232.374,-34.493,Shake
0.793,-1.232,1.323,258.457,283.115,-55.755,Shake
0.004,-1.505,1.662,286.685,275.126,-44.678,Shake
0.062,-1.979,1.995,286.685,286.685,115.474,Shake
1.581,-1.999,1.999,286.685,286.685,141.400,Shake
1.998,-0.502,1.010,-46.856,286.685,-65.537,Shake
1.998,1.193,-0.564,-286.685,286.685,-173.600,Shake
1.998,1.375,-1.270,-168.691,286.685,-261.205,Shake
1.463,0.944,-1.997,-52.386,286.685,-286.685,Shake
0.903,0.040,-1.997,-279.073,-61.241,-286.685,Shake
0.959,-0.741,-1.554,-283.500,-286.685,-286.685,Shake
1.596,-1.215,-1.162,-79.747,-286.685,-286.685,Shake
1.998,-0.986,1.075,168.473,-286.685,-286.685,Shake
1.952,-0.689,1.999,-10.491,-286.685,-286.685,Shake
1.998,-1.993,1.999,-227.027,-286.685,-286.685,Shake
1.794,-1.999,1.999,286.177,-284.603,-286.685,Shake
1.515,-1.999,1.999,282.047,245.490,-57.776,Shake
1.487,-1.650,1.430,214.357,286.685,243.399,Shake
0.832,-1.411,1.390,272.913,286.685,286.685,Shake
1.255,-1.941,1.249,286.685,286.685,286.685,Shake
1.985,-1.990,0.986,286.685,286.685,186.322,Shake
1.998,-0.487,0.046,-8.470,286.685,-66.798,Shake
1.998,0.459,-0.610,-228.121,286.685,-131.276,Shake
1.998,0.800,-1.997,-102.734,286.685,-171.789,Shake
1.969,0.426,-1.997,254.301,20.186,-198.879,Shake
1.083,-0.441,-1.738,-46.926,-286.685,-286.370,Shake
1.661,-1.345,-1.171,-241.124,-286.685,-286.685,Shake
1.998,-1.999,-0.595,-135.931,-286.685,-286.685,Shake
1.998,-1.999,1.919,83.370,-286.685,-260.960,Shake
1.538,-1.472,1.999,-286.318,-286.685,-286.361,Shake
1.998,-1.980,1.999,-276.876,-29.120,-286.685,Shake
1.378,-1.583,1.999,286.536,-109.769,-188.291,Shake
1.250,-1.729,1.902,285.031,286.099,-141.304,Shake
1.003,-1.851,0.536,283.334,286.685,-140.691,Shake
0.167,-1.819,1.145,286.685,270.585,26.031,Shake
0.190,-1.912,1.961,286.685,286.685,169.444,Shake
1.343,-1.999,1.999,286.029,286.685,126.228,Shake
1.998,-0.727,1.262,-3.080,286.685,-46.209,Shake
1.998,0.872,-0.464,-286.685,286.685,-255.202,Shake
1.998,1.043,-1.223,-275.747,286.685,-285.215,Shake
1.392,0.788,-1.997,-42.131,281.426,-286.685,Shake
0.938,0.054,-1.997,-93.844,-144.812,-286.685,Shake
1.248,-0.832,-1.109,-185.684,-286.685,-286.685,Shake
1.996,-1.761,-0.355,-21.368,-286.685,-286.685,Shake
1.998,-0.875,1.853,155.566,-286.685,-286.685,Shake
1.812,-1.570,1.999,-286.685,-286.685,-286.685,Shake
1.998,-1.999,1.999,-99.085,-286.685,-286.685,Shake
1.629,-1.999,1.999,283.115,-279.353,-256.401,Shake
1.229,-1.999,1.999,285.057,244.204,-90.606,Shake
1.007,-1.979,1.121,229.337,286.685,118.160,Shake
0.252,-1.591,1.573,286.685,286.685,282.888,Shake
0.846,-1.742,1.542,286.685,286.685,286.685,Shake
1.998,-1.994,1.494,286.685,286.685,286.685,Shake
1.998,0.119,0.248,-29.024,286.685,55.344,Shake
1.998,0.379,-0.608,-161.009,286.685,-127.251,Shake
1.993,0.423,-1.714,-14.639,286.685,-152.425,Shake
1.666,0.460,-1.997,208.863,272.212,-157.570,Shake
0.887,-0.237,-1.991,67.603,-285.967,-253.120,Shake
1.055,-1.169,-0.695,-167.466,-286.685,-286.685,Shake
1.623,-1.999,-0.031,-172.261,-286.685,-286.685,Shake
1.998,-1.417,1.743,-14.324,-286.685,-259.884,Shake
1.213,-0.810,1.999,-265.554,-286.685,-286.318,Shake
1.998,-1.998,1.999,-286.685,-270.165,-286.685,Shake
1.476,-1.875,1.999,209.842,-280.560,-286.685,Shake
0.802,-1.999,1.999,286.685,196.682,-109.209,Shake
1.205,-1.999,1.164,286.685,286.685,66.045,Shake
0.704,-1.914,1.160,286.685,286.685,170.695,Shake
0.795,-1.798,1.731,286.685,286.685,284.585,Shake
1.998,-1.768,1.648,286.685,286.685,245.534,Shake
1.998,-0.395,0.272,-6.702,286.685,1.837,Shake
1.998,0.449,-0.621,-147.936,286.685,-118.055,Shake
1.760,0.828,-1.214,-139.064,286.685,-204.776,Shake
1.171,0.543,-1.997,5.504,286.571,-286.064,Shake
0.613,-0.183,-1.997,-88.681,-172.926,-286.685,Shake
0.866,-1.132,-1.416,-234.902,-286.685,-286.685,Shake
1.481,-1.795,-1.156,-183.269,-286.685,-286.685,Shake
1.998,-1.441,0.198,194.959,-286.685,-286.685,Shake
1.908,-0.510,1.999,42.691,-286.685,-263.576,Shake
1.881,-1.355,1.999,-286.685,-238.219,-286.685,Shake
1.997,-1.999,1.999,121.923,-240.712,-286.685,Shake
1.266,-1.854,1.999,286.685,6.668,-152.171,Shake
1.469,-1.973,1.990,281.890,284.550,-54.688,Shake
1.040,-1.838,0.704,241.649,286.685,164.176,Shake
0.660,-1.574,1.454,286.685,286.685,286.685,Shake
1.274,-1.781,1.700,286.685,286.685,286.685,Shake
1.998,-1.947,1.782,282.774,286.685,216.930,Shake
1.998,-0.341,-0.234,-25.812,286.685,-47.801,Shake
1.998,0.125,-1.504,-47.084,286.685,-119.341,Shake
1.997,0.037,-1.997,234.439,286.142,-80.894,Shake
1.236,0.305,-1.997,202.694,-77.787,-100.686,Shake
0.644,-0.648,-1.309,-228.366,-286.685,-223.221,Shake
1.441,-1.813,-0.451,-286.685,-286.685,-286.685,Shake
1.998,-1.856,0.779,-146.011,-286.685,-262.491,Shake
1.998,-0.792,1.993,-43.251,-286.685,-163.196,Shake
1.657,-0.847,1.999,-286.685,-286.685,-286.685,Shake
1.998,-1.999,1.975,-237.169,-285.959,-286.685,Shake
1.143,-1.569,1.999,151.804,-279.772,-242.130,Shake
1.049,-1.689,1.999,149.476,260.435,-109.270,Shake
1.054,-1.848,0.981,284.821,286.685,79.573,Shake
0.633,-1.597,1.365,286.685,286.685,189.595,Shake
0.866,-1.628,1.544,286.685,286.685,263.401,Shake
1.973,-1.839,1.291,285.731,286.685,187.197,Shake
1.998,-1.459,0.890,25.909,286.685,-17.439,Shake
1.998,-0.286,-0.492,-148.024,286.685,-50.033,Shake
1.809,0.320,-1.261,-190.732,286.685,-57.584,Shake
1.329,0.506,-1.997,-2.625,281.400,-35.814,Shake
0.797,0.329,-1.993,-116.393,-282.240,-216.764,Shake
0.819,-0.637,-0.926,-256.979,-286.685,-286.685,Shake
1.626,-1.931,-0.283,-286.685,-286.685,-286.685,Shake
1.998,-1.994,0.541,-187.145,-286.685,-286.554,Shake
0.807,-0.170,1.999,-227.561,-286.685,-253.566,Shake
1.998,-1.720,1.999,-280.866,-113.514,-286.685,Shake
1.822,-1.876,1.999,234.990,-286.580,-285.066,Shake
0.713,-1.593,1.999,285.871,-51.826,-152.609,Shake
0.964,-1.968,1.812,273.717,286.685,-17.824,Shake
0.491,-1.999,1.130,286.685,286.685,220.141,Shake
0.974,-1.687,1.395,286.685,286.685,286.685,Shake
1.642,-1.694,1.299,286.685,286.685,284.856,Shake
1.998,-1.097,0.764,172.891,286.685,110.241,Shake
1.998,-0.257,-0.315,-44.502,286.685,-50.592,Shake
1.998,0.359,-1.970,-52.736,286.685,-153.956,Shake
1.538,0.886,-1.997,-2.170,271.092,-226.371,Shake
1.188,-0.598,-1.839,-205.730,-286.685,-286.685,Shake
1.182,-1.093,-0.816,-274.899,-286.685,-286.685,Shake
1.933,-1.888,0.091,-186.506,-286.685,-286.685,Shake
1.998,-1.338,1.987,-135.048,-286.685,-286.685,Shake
1.744,-1.365,1.999,-286.668,-286.685,-286.685,Shake
1.997,-1.999,1.999,-281.505,-277.996,-286.685,Shake
1.623,-1.999,1.999,274.286,-169.601,-285.976,Shake
1.454,-1.999,1.999,286.685,258.913,-150.299,Shake
0.781,-1.999,1.233,286.685,286.685,7.367,Shake
0.302,-1.930,1.451,286.685,286.685,150.062,Shake
0.847,-1.833,1.475,286.685,286.685,286.685,Shake
1.998,-1.999,1.486,286.685,286.685,286.685,Shake
1.998,-0.211,0.341,-1.444,286.685,72.354,Shake
1.998,0.356,-0.508,-138.600,286.685,-95.821,Shake
1.641,0.361,-0.948,-22.400,286.685,-178.658,Shake
1.341,0.129,-1.948,128.905,286.685,-240.476,Shake
0.922,-0.161,-1.997,41.379,-122.885,-285.513,Shake
0.597,-0.844,-1.809,-145.819,-286.685,-286.685,Shake
1.245,-1.656,-0.858,-250.031,-286.685,-286.685,Shake
1.969,-1.714,0.028,-16.153,-286.685,-286.685,Shake
1.998,-0.691,1.999,92.628,-286.685,-187.898,Shake
1.833,-1.144,1.999,-286.685,-286.029,-286.685,Shake
1.998,-1.997,1.999,-143.833,-273.639,-286.685,Shake
1.371,-1.689,1.999,257.635,-274.724,-252.525,Shake
1.319,-1.550,1.999,286.685,210.980,-102.611,Shake
1.154,-1.612,1.210,286.685,286.685,12.057,Shake
0.526,-1.615,1.354,286.685,286.685,130.620,Shake
0.778,-1.880,1.452,286.685,286.685,201.232,Shake
1.978,-1.999,1.970,286.685,286.685,111.247,Shake
1.998,-0.347,0.599,-128.791,286.685,-181.501,Shake
1.998,0.791,-1.938,-272.703,286.685,-262.124,Shake
1.909,0.630,-1.997,-6.816,238.866,-254.126,Shake
1.302,-0.526,-1.997,-238.096,-229.827,-286.685,Shake
1.329,-0.924,-1.074,-286.685,-286.685,-286.685,Shake
1.955,-1.630,0.046,-286.685,-286.685,-286.685,Shake
1.998,-1.836,1.294,-185.920,-286.685,-286.685,Shake
1.998,-1.826,1.999,-285.285,-286.685,-286.685,Shake
1.998,-1.999,1.999,-280.753,-286.685,-286.685,Shake
1.962,-1.999,1.999,173.434,-230.458,-283.771,Shake
1.630,-1.999,1.999,269.780,266.219,15.050,Shake
1.184,-1.999,1.403,285.696,286.685,140.805,Shake
0.751,-1.936,1.215,286.685,286.685,244.151,Shake
1.146,-1.982,1.013,286.685,286.685,286.265,Shake
1.977,-1.999,0.995,286.685,286.685,284.996,Shake
1.998,-0.879,0.273,150.299,286.685,90.457,Shake
1.998,0.225,-0.773,-30.870,286.685,-93.896,Shake
1.848,0.370,-1.045,0.464,286.685,-197.995,Shake
1.724,-0.108,-1.989,183.829,286.685,-278.460,Shake
0.993,-0.480,-1.997,150.929,-192.141,-279.720,Shake
0.547,-1.151,-1.376,-208.311,-286.685,-286.685,Shake
1.056,-1.981,-0.775,-284.427,-286.685,-286.685,Shake
1.998,-1.999,-0.309,-100.940,-286.685,-286.685,Shake
1.998,-1.393,1.999,129.238,-286.685,-184.914,Shake
1.996,-1.259,1.999,-286.685,-273.473,-286.685,Shake
1.998,-1.999,1.999,-231.087,-45.841,-286.685,Shake
0.908,-1.649,1.999,286.685,-6.247,-111.221,Shake
1.073,-1.876,1.992,286.685,286.685,-139.160,Shake
1.006,-1.999,0.521,286.685,286.685,-113.645,Shake
0.125,-1.981,1.439,286.685,286.685,102.471,Shake
1.065,-1.873,1.999,286.685,286.685,222.548,Shake
1.998,-1.989,1.999,284.086,286.685,143.596,Shake
1.998,-0.234,0.298,-53.917,286.685,-126.805,Shake
1.874,0.165,-0.616,-103.338,286.685,-213.220,Shake
1.312,0.219,-0.909,-129.710,286.685,-269.841,Shake
1.004,0.428,-1.997,-192.281,286.685,-286.685,Shake
0.844,-0.005,-1.997,-215.652,36.409,-286.685,Shake
0.809,-1.018,-1.418,-250.801,-286.685,-286.685,Shake
1.896,-1.937,-0.466,-207.769,-286.685,-286.685,Shake
1.998,-1.464,1.292,67.200,-286.685,-262.850,Shake
1.104,-0.547,1.999,-241.946,-286.685,-279.913,Shake
1.627,-1.557,1.999,-279.142,-278.504,-286.685,Shake
1.946,-1.997,1.999,50.995,-286.685,-286.685,Shake
1.113,-1.568,1.999,234.325,-55.519,-220.570,Shake
1.261,-1.778,1.919,279.081,267.435,-59.719,Shake
0.679,-1.633,1.418,286.685,286.685,71.312,Shake
0.568,-1.612,1.439,286.685,286.685,141.916,Shake
1.481,-1.999,1.468,286.685,286.685,218.899,Shake
1.909,-1.784,1.228,120.978,286.685,133.324,Shake
1.998,-0.765,0.563,-250.889,286.685,10.141,Shake
1.998,0.767,-0.554,-286.685,286.685,-43.216,Shake
1.781,1.249,-1.997,-219.520,286.685,-91.184,Shake
1.033,0.400,-1.997,-28.823,-108.902,-286.055,Shake
0.873,-0.635,-1.192,-189.849,-286.685,-286.685,Shake
1.147,-1.285,-0.836,-150.334,-286.685,-286.685,Shake
1.998,-1.401,0.209,98.350,-286.685,-286.685,Shake
1.899,-0.579,1.999,-41.510,-286.685,-286.685,Shake
1.672,-1.674,1.999,-286.685,-279.886,-286.685,Shake
1.632,-1.999,1.999,108.771,-268.354,-286.457,Shake
0.968,-1.758,1.999,286.685,24.885,10.903,Shake
1.253,-1.868,1.999,284.568,283.421,96.521,Shake
0.776,-1.705,1.377,278.302,286.685,220.973,Shake
0.932,-1.590,1.328,286.685,286.685,286.685,Shake
1.364,-1.801,1.250,286.685,286.685,286.685,Shake
1.998,-1.640,0.839,276.552,286.685,155.645,Shake
1.998,-0.420,-0.028,-57.146,286.685,-37.336,Shake
1.998,0.502,-1.732,-204.321,286.685,-139.020,Shake
1.985,0.779,-1.997,-35.971,217.236,-174.029,Shake
1.290,0.016,-1.988,-43.969,-269.465,-279.589,Shake
0.629,-0.681,-0.954,-183.356,-286.685,-286.685,Shake
1.233,-1.672,-0.578,-208.241,-286.685,-286.685,Shake
1.998,-1.488,0.748,21.577,-286.685,-286.685,Shake
1.995,-0.810,1.999,-11.734,-286.685,-286.685,Shake
1.998,-1.549,1.999,-286.685,-286.396,-286.685,Shake
1.998,-1.999,1.999,-23.660,-286.598,-286.685,Shake
0.995,-1.677,1.999,159.259,-57.724,-161.122,Shake
1.228,-1.999,1.881,253.348,286.685,-39.690,Shake
0.889,-1.924,1.204,286.685,286.685,88.454,Shake
0.733,-1.600,1.292,286.685,286.685,135.117,Shake
1.489,-1.943,1.333,286.685,286.685,178.246,Shake
1.998,-1.947,1.003,201.477,286.685,151.961,Shake
1.998,-0.517,0.216,-154.367,286.685,12.355,Shake
1.998,1.053,-0.643,-286.685,286.685,-91.070,Shake
1.998,1.690,-1.994,-247.398,286.685,-199.421,Shake
1.344,0.650,-1.997,96.889,-66.938,-286.685,Shake
1.212,-0.445,-1.699,8.190,-286.685,-286.685,Shake
1.833,-1.617,-0.897,-61.460,-286.685,-286.685,Shake
1.998,-1.753,0.099,118.291,-286.685,-286.685,Shake
1.998,-0.729,1.999,68.285,-286.685,-276.631,Shake
1.979,-1.480,1.999,-286.685,-258.064,-286.685,Shake
1.998,-1.999,1.999,-136.071,-192.675,-286.685,Shake
0.976,-1.641,1.999,286.685,-198.686,-142.135,Shake
1.504,-1.645,1.961,231.971,286.685,37.993,Shake
1.078,-1.482,0.707,283.237,286.685,191.494,Shake
0.789,-1.290,1.089,286.685,286.685,267.164,Shake
1.150,-1.582,1.024,286.685,286.685,261.555,Shake
1.906,-1.744,0.835,269.728,286.685,152.145,Shake
1.998,-0.397,0.044,-122.938,286.685,-84.927,Shake
1.998,0.865,-1.997,-286.685,286.685,-145.696,Shake
1.642,1.288,-1.997,-286.169,102.086,-286.606,Shake
1.235,-0.483,-1.736,-254.914,-281.251,-286.685,Shake
0.990,-0.880,-1.067,-174.020,-286.685,-286.685,Shake
1.998,-1.366,-0.411,-31.509,-286.685,-286.685,Shake
1.998,-1.392,1.999,-8.986,-286.685,-286.685,Shake
1.964,-1.431,1.999,-286.685,-285.486,-286.685,Shake
1.998,-1.999,1.999,-152.355,-222.845,-286.685,Shake
1.525,-1.797,1.999,286.685,-185.666,-248.482,Shake
1.535,-1.831,1.998,215.224,279.659,-45.377,Shake
0.919,-1.565,1.174,245.499,286.685,81.331,Shake
0.399,-1.601,1.173,286.685,286.685,167.738,Shake
0.544,-1.871,1.426,286.685,286.685,241.981,Shake
1.692,-1.956,1.431,286.633,286.685,275.783,Shake
1.998,-0.831,0.776,-30.949,286.685,117.696,Shake
1.998,0.142,0.078,-276.281,286.685,-18.856,Shake
1.543,0.860,-0.520,-253.628,286.685,-78.426,Shake
1.432,0.846,-1.624,-50.339,286.685,-164.841,Shake
0.796,0.724,-1.997,87.622,2.065,-274.741,Shake
0.606,-0.106,-1.861,-62.291,-286.562,-286.685,Shake
1.136,-0.915,-0.954,-117.110,-286.685,-286.685,Shake
1.964,-1.740,0.208,24.264,-286.685,-286.685,Shake
1.998,-1.135,1.999,6.081,-286.685,-286.685,Shake
1.877,-1.483,1.999,-286.685,-285.443,-286.685,Shake
1.997,-1.999,1.999,-280.919,-236.320,-286.685,Shake
1.353,-1.768,1.999,262.281,-263.891,-279.475,Shake
1.391,-1.820,1.999,286.685,249.961,-152.574,Shake
1.081,-1.997,1.095,286.685,286.685,15.006,Shake
0.639,-1.959,1.676,286.685,286.685,224.980,Shake
1.080,-1.999,1.952,286.685,286.685,284.699,Shake
1.998,-1.942,1.803,284.139,286.685,166.128,Shake
1.998,-0.433,0.253,-81.874,286.685,-83.396,Shake
1.998,0.289,-0.259,-280.691,286.685,-137.121,Shake
1.998,1.040,-1.106,-285.959,286.685,-179.620,Shake
1.636,1.575,-1.997,-112.525,260.418,-286.501,Shake
1.300,-0.652,-1.549,-260.811,-286.685,-286.685,Shake
1.829,-1.516,-0.870,-251.309,-286.685,-286.685,Shake
1.998,-1.892,0.306,-88.804,-286.685,-286.685,Shake
1.998,-1.690,1.999,-74.725,-286.685,-286.685,Shake
1.855,-1.499,1.999,-283.867,-286.685,-286.685,Shake
1.998,-1.999,1.999,33.022,-284.471,-286.685,Shake
1.863,-1.999,1.999,280.674,-201.854,-284.944,Shake
1.628,-1.995,1.999,146.107,280.052,-5.819,Shake
1.271,-1.848,1.750,260.531,286.685,191.450,Shake
0.958,-1.601,1.421,286.685,286.685,258.685,Shake
1.602,-1.994,1.403,286.685,286.685,286.685,Shake
1.998,-1.999,1.212,285.469,286.685,205.643,Shake
1.998,-1.174,0.648,73.369,286.685,11.252,Shake
1.998,0.359,-0.415,-235.340,286.685,-51.441,Shake
1.998,1.120,-1.471,-187.959,286.685,-106.759,Shake
1.509,1.083,-1.997,130.812,226.730,-247.818,Shake
0.989,-0.352,-1.721,-85.785,-286.685,-286.685,Shake
0.971,-0.817,-1.097,-220.351,-286.685,-286.685,Shake
1.932,-1.830,-0.721,-193.174,-286.685,-286.685,Shake
1.998,-1.846,0.794,33.792,-286.685,-286.685,Shake
1.309,-1.023,1.999,-205.415,-286.685,-286.685,Shake
1.998,-1.950,1.999,-272.300,-163.109,-286.685,Shake
1.998,-1.999,1.999,281.619,-188.440,-281.549,Shake
1.173,-1.743,1.999,286.685,65.564,-90.239,Shake
1.415,-1.819,1.219,233.354,286.685,79.923,Shake
0.749,-1.783,0.711,278.224,286.685,253.137,Shake
0.928,-1.711,1.435,286.685,286.685,286.685,Shake
1.834,-1.824,1.541,286.685,286.685,286.685,Shake
1.998,-0.934,0.671,65.800,286.685,144.235,Shake
1.998,0.645,-0.567,-237.641,286.685,-42.341,Shake
1.998,1.019,-1.626,-80.159,286.685,-118.904,Shake
1.452,0.902,-1.997,138.521,234.973,-153.458,Shake
0.770,-0.248,-1.608,-94.159,-286.685,-285.661,Shake
0.775,-0.818,-0.745,-259.543,-286.685,-286.685,Shake
1.974,-1.800,-0.301,-216.904,-286.685,-286.685,Shake
1.998,-1.963,0.629,-64.024,-286.685,-286.685,Shake
1.136,-0.858,1.999,-190.225,-286.685,-286.685,Shake
1.998,-1.740,1.999,-275.371,-270.462,-286.685,Shake
1.998,-1.974,1.999,267.610,-286.116,-286.685,Shake
1.505,-1.757,1.999,286.379,106.103,-168.674,Shake
1.228,-1.657,1.373,171.867,286.685,74.156,Shake
0.888,-1.324,1.261,278.276,286.685,171.938,Shake
0.630,-1.212,1.208,286.685,286.685,231.753,Shake
1.470,-1.849,1.416,286.685,286.685,188.562,Shake
1.998,-1.963,0.818,216.501,286.685,18.847,Shake
1.998,-0.358,0.051,-86.459,286.685,-142.319,Shake
1.998,0.781,-0.955,-286.685,286.685,-234.482,Shake
1.780,0.809,-1.997,-105.446,286.685,-284.182,Shake
0.944,0.027,-1.997,-103.189,-146.764,-286.685,Shake
0.743,-0.731,-1.067,-286.545,-286.685,-286.685,Shake
1.200,-1.704,-0.906,-262.622,-286.685,-286.685,Shake
1.973,-1.570,0.209,-1.995,-286.685,-286.685,Shake
1.998,-1.138,1.999,-40.827,-286.685,-286.685,Shake
1.996,-1.595,1.999,-286.685,-286.685,-286.685,Shake
1.998,-1.999,1.999,38.176,-282.100,-286.685,Shake
1.536,-1.999,1.999,286.685,-146.046,-268.634,Shake
1.510,-1.999,1.999,286.685,285.267,33.932,Shake
1.340,-1.936,1.012,277.716,286.685,217.639,Shake
0.954,-1.829,0.980,286.685,286.685,286.685,Shake
1.333,-1.970,1.182,286.685,286.685,286.685,Shake
1.998,-1.592,0.709,259.105,286.685,272.090,Shake
1.998,0.168,-0.252,-59.342,286.685,54.871,Shake
1.798,0.633,-0.773,-116.366,286.685,-104.195,Shake
1.549,0.679,-1.501,-22.837,286.685,-176.094,Shake
0.980,0.290,-1.997,199.570,156.511,-206.867,Shake
0.551,-0.634,-1.946,-126.481,-286.633,-286.668,Shake
0.753,-1.269,-1.088,-286.685,-286.685,-286.685,Shake
1.785,-1.768,-0.335,-150.833,-286.685,-286.685,Shake
1.998,-1.645,1.085,59.229,-286.685,-259.945,Shake
0.770,-0.736,1.999,-262.535,-286.685,-283.614,Shake
1.987,-1.520,1.999,-286.685,-117.128,-286.685,Shake
1.850,-1.777,1.999,71.129,-267.934,-286.685,Shake
0.999,-1.563,1.999,286.685,-0.901,-208.040,Shake
1.306,-1.718,1.890,286.685,269.168,-180.495,Shake
0.692,-1.791,1.080,286.685,285.311,-46.121,Shake
0.250,-1.724,1.596,286.685,286.685,110.294,Shake
0.538,-1.950,1.394,286.685,286.685,207.874,Shake
1.736,-1.999,1.047,266.578,286.685,223.921,Shake
1.996,-0.320,0.326,-130.209,286.685,125.606,Shake
1.726,0.504,-0.302,-268.100,286.685,32.909,Shake
1.428,0.750,-0.642,-199.561,286.685,-38.010,Shake
0.969,0.625,-1.708,-7.122,286.685,-89.810,Shake
0.638,0.366,-1.948,-148.208,38.894,-256.174,Shake
0.518,-0.085,-1.440,-286.685,-285.504,-286.685,Shake
0.563,-0.421,-0.977,-238.831,-286.685,-286.685,Shake
1.847,-1.666,-0.564,-54.941,-286.685,-286.685,Shake
1.998,-1.996,1.903,77.140,-286.685,-286.685,Shake
1.674,-1.707,1.999,-233.896,-286.685,-286.685,Shake
1.998,-1.999,1.999,198.651,-286.685,-286.685,Shake
1.481,-1.999,1.999,286.685,-11.917,-175.122,Shake
1.540,-1.999,1.999,221.751,281.076,82.390,Shake
1.262,-1.685,1.201,139.702,286.685,268.188,Shake
0.864,-1.638,1.066,264.425,286.685,286.685,Shake
1.365,-1.983,1.081,286.685,286.685,286.685,Shake
1.998,-1.774,0.809,280.245,286.685,286.685,Shake
1.998,-0.242,0.037,-82.924,286.685,168.753,Shake
1.998,1.205,-1.282,-246.934,286.685,23.721,Shake
1.998,1.624,-1.997,58.739,276.386,-111.702,Shake
1.373,0.658,-1.997,120.549,-141.391,-246.514,Shake
0.619,-0.173,-1.211,-102.226,-286.685,-286.685,Shake
1.493,-1.458,-0.899,-179.034,-286.685,-286.685,Shake
1.998,-1.938,0.014,-0.166,-286.685,-286.685,Shake
1.998,-1.555,1.930,-32.830,-286.685,-286.685,Shake
1.900,-1.346,1.999,-286.685,-286.606,-286.685,Shake
1.998,-1.999,1.999,54.276,-285.854,-286.685,Shake
1.243,-1.639,1.999,286.466,-53.533,-168.971,Shake
1.490,-1.734,1.596,277.104,286.685,-41.405,Shake
0.824,-1.562,1.292,286.685,286.685,-8.899,Shake
0.446,-1.416,1.609,286.685,286.685,32.751,Shake
1.511,-1.999,1.690,286.685,286.685,69.702,Shake
1.998,-1.614,0.932,251.440,286.685,-58.494,Shake
1.998,-0.307,0.188,-44.100,286.685,-241.404,Shake
1.998,0.682,-0.864,-280.473,286.685,-286.685,Shake
1.926,0.669,-1.997,-90.335,286.685,-286.685,Shake
0.991,0.197,-1.997,-139.956,-3.806,-286.685,Shake
0.940,-0.646,-1.817,-284.760,-286.545,-286.685,Shake
1.646,-1.678,-0.952,-284.454,-286.685,-286.685,Shake
1.997,-1.999,-0.040,-72.573,-286.685,-286.685,Shake
1.998,-1.189,1.999,11.078,-286.685,-286.685,Shake
1.873,-1.477,1.999,-286.685,-286.562,-286.685,Shake
1.998,-1.999,1.999,-171.141,-242.340,-286.685,Shake
1.719,-1.958,1.999,286.685,-222.294,-274.514,Shake
1.749,-1.890,1.999,286.676,282.704,-40.827,Shake
1.081,-1.659,1.144,283.719,286.685,142.004,Shake
0.802,-1.616,1.205,286.685,286.685,275.188,Shake
1.269,-1.746,1.238,286.685,286.685,286.492,Shake
1.998,-1.861,0.951,282.984,286.685,70.630,Shake
1.998,-0.055,-0.371,-96.854,286.685,-180.215,Shake
1.998,0.870,-1.710,-283.404,286.685,-286.685,Shake
1.998,0.709,-1.997,-93.590,214.288,-286.685,Shake
1.321,-0.436,-1.979,-117.854,-279.046,-286.685,Shake
1.152,-0.868,-0.828,-194.320,-286.685,-286.685,Shake
1.998,-1.996,-0.103,-216.186,-286.685,-286.685,Shake
1.998,-1.756,1.873,-85.575,-286.685,-286.685,Shake
1.746,-1.395,1.999,-286.685,-286.685,-286.685,Shake
1.998,-1.999,1.999,-141.557,-241.316,-286.685,Shake
1.855,-1.718,1.999,286.195,-250.548,-282.065,Shake
1.554,-1.583,1.999,184.940,270.629,-138.941,Shake
0.716,-1.632,1.366,286.685,286.685,10.614,Shake
0.455,-1.611,1.525,286.685,286.685,123.996,Shake
1.040,-1.928,1.533,286.685,286.685,140.551,Shake
1.998,-1.999,1.760,286.685,286.685,107.257,Shake
1.998,-0.239,0.073,61.180,286.685,-214.979,Shake
1.998,0.488,-0.764,-158.174,286.685,-286.685,Shake
1.935,0.603,-1.774,-129.036,286.685,-286.685,Shake
1.282,0.506,-1.997,-195.930,260.671,-286.685,Shake
0.977,-0.665,-1.897,-286.685,-280.324,-286.685,Shake
1.422,-1.772,-1.242,-252.166,-286.685,-286.685,Shake
1.998,-1.666,-0.112,64.286,-286.685,-286.685,Shake
1.998,-1.662,1.999,-101.168,-286.685,-286.685,Shake
1.858,-1.602,1.999,-286.685,-286.685,-286.685,Shake
1.998,-1.999,1.999,-105.402,-195.195,-286.685,Shake
1.455,-1.835,1.999,286.685,-26.521,-185.605,Shake
1.729,-1.920,1.385,279.186,286.685,-35.569,Shake
1.059,-1.732,1.050,286.475,286.685,83.265,Shake
0.256,-1.496,1.594,286.685,286.685,181.501,Shake
1.388,-1.999,1.497,286.685,286.685,284.891,Shake
1.998,-1.593,1.282,254.923,286.685,152.303,Shake
1.998,-0.095,0.377,-100.931,286.685,-132.991,Shake
1.998,0.780,-0.014,-286.685,286.685,-206.395,Shake
1.998,1.006,-1.812,-211.601,286.685,-236.565,Shake
1.226,0.570,-1.997,130.244,96.399,-266.096,Shake
1.018,-0.652,-1.442,-90.816,-286.685,-286.685,Shake
1.909,-1.591,-0.449,-106.435,-286.685,-286.685,Shake
1.998,-1.902,0.418,-21.009,-286.685,-286.685,Shake
1.782,-0.263,1.999,-63.271,-286.685,-278.617,Shake
1.998,-1.871,1.999,-286.685,-286.685,-286.685,Shake
1.952,-1.968,1.999,-3.150,-286.685,-286.685,Shake
0.969,-1.473,1.999,191.599,70.044,-66.850,Shake
1.310,-1.672,1.999,247.992,286.685,25.532,Shake
0.992,-1.715,1.537,286.685,286.685,141.470,Shake
1.133,-1.758,1.659,286.685,286.685,197.960,Shake
1.880,-1.999,1.555,286.685,286.685,80.448,Shake
1.998,-1.590,1.023,270.427,286.685,-50.654,Shake
1.998,-0.311,-0.040,-147.245,286.685,-240.870,Shake
1.998,0.555,-1.063,-216.309,286.685,-259.709,Shake
1.989,0.795,-1.997,66.596,286.685,-286.685,Shake
1.486,0.230,-1.997,108.745,-270.174,-286.685,Shake
1.070,-1.161,-1.281,-255.570,-286.685,-286.685,Shake
1.640,-1.999,-0.730,-270.112,-286.685,-286.685,Shake
1.998,-1.216,0.427,126.893,-286.685,-286.685,Shake
1.998,-0.989,1.999,-204.995,-286.685,-286.668,Shake
1.998,-1.999,1.999,-286.685,-250.504,-286.685,Shake
1.998,-1.999,1.999,160.720,-265.772,-274.916,Shake
1.055,-1.876,1.999,286.685,117.171,-60.025,Shake
1.632,-1.960,0.646,286.685,286.685,75.206,Shake
0.634,-1.660,0.609,286.685,286.685,176.242,Shake
0.106,-1.645,1.693,286.685,286.685,286.685,Shake
1.277,-1.999,1.403,286.685,286.685,286.685,Shake
1.998,-1.808,1.310,265.466,286.685,199.159,Shake
1.998,0.080,-0.184,-125.738,286.685,-76.886,Shake
1.998,0.510,-0.867,-126.228,286.685,-172.086,Shake
1.693,0.399,-1.997,29.347,286.685,-183.811,Shake
0.924,0.049,-1.997,-79.450,-131.154,-286.589,Shake
0.781,-0.706,-1.194,-286.291,-286.685,-286.685,Shake
1.998,-1.806,-0.792,-249.585,-286.685,-286.685,Shake
1.998,-1.742,1.487,33.784,-286.685,-286.685,Shake
1.860,-0.692,1.999,-138.758,-286.685,-286.685,Shake
1.998,-1.999,1.871,-286.685,-285.486,-286.685,Shake
1.998,-1.999,1.999,67.191,-286.685,-286.685,Shake
1.665,-1.833,1.999,122.911,192.299,-87.019,Shake
1.752,-1.876,1.729,187.976,286.685,107.091,Shake
1.114,-1.840,0.944,286.685,286.685,177.686,Shake
0.932,-1.942,0.994,286.685,286.685,285.031,Shake
1.786,-1.999,1.306,286.685,286.685,286.099,Shake
1.998,-1.999,1.127,286.685,286.685,147.402,Shake
1.998,-0.486,0.155,-109.314,286.685,-50.111,Shake
1.998,1.053,-0.843,-286.685,286.685,-81.970,Shake
1.998,1.556,-1.997,7.227,286.685,-127.592,Shake
1.844,1.214,-1.997,286.379,-64.715,-206.824,Shake
1.224,-0.642,-1.128,-35.893,-286.685,-286.685,Shake
1.998,-1.999,-0.104,-262.194,-286.685,-286.685,Shake
1.998,-1.999,1.417,-240.004,-286.685,-282.397,Shake
1.379,-1.207,1.999,-286.685,-286.685,-286.562,Shake
1.998,-1.908,1.999,-286.685,-272.519,-286.685,Shake
1.998,-1.999,1.999,118.256,-286.685,-286.685,Shake
1.320,-1.683,1.999,212.406,95.594,-94.334,Shake
1.448,-1.678,1.271,209.046,286.685,74.848,Shake
0.825,-1.639,0.853,286.685,286.685,158.839,Shake
0.805,-1.624,0.810,286.685,286.685,196.193,Shake
1.238,-1.955,1.224,286.685,286.685,228.708,Shake
1.998,-1.996,1.014,274.041,286.685,72.546,Shake
1.998,-1.434,0.017,-94.062,286.685,-45.342,Shake
1.998,-0.000,-1.609,-222.679,286.685,-61.171,Shake
1.960,1.809,-1.997,-50.339,256.856,-83.702,Shake
1.399,-0.213,-1.590,-125.860,-286.685,-286.685,Shake
1.686,-1.076,-0.501,-286.685,-286.685,-286.685,Shake
1.998,-1.999,-0.107,-286.685,-286.685,-286.685,Shake
1.998,-1.999,1.065,-285.661,-286.685,-286.685,Shake
1.420,-1.547,1.999,-286.685,-286.685,-286.685,Shake
1.998,-1.999,1.999,-123.480,-178.307,-286.685,Shake
1.661,-1.999,1.999,272.020,-107.730,-161.822,Shake
1.288,-1.802,1.835,68.171,286.685,28.849,Shake
0.533,-1.464,0.839,184.809,286.685,86.940,Shake
-0.076,-1.365,0.950,286.685,286.685,86.966,Shake
0.342,-1.525,0.917,286.685,286.685,159.163,Shake
1.417,-1.993,0.912,286.685,286.685,238.744,Shake
1.988,-1.952,1.053,270.427,286.685,206.561,Shake
1.998,-0.410,0.469,-194.565,286.685,6.886,Shake
1.998,1.212,-0.653,-286.685,286.685,-90.265,Shake
1.998,1.580,-1.997,70.753,285.793,-83.799,Shake
1.846,1.012,-1.997,286.685,-204.102,-199.867,Shake
1.357,-0.608,-0.620,-9.538,-286.685,-242.156,Shake
1.987,-1.683,0.202,-267.365,-286.685,-286.685,Shake
1.998,-1.999,0.979,-285.932,-286.685,-286.685,Shake
1.147,-1.297,1.999,-286.519,-286.685,-286.685,Shake
1.998,-1.986,1.999,-276.054,-286.501,-286.685,Shake
1.998,-1.999,1.999,86.564,-286.676,-286.685,Shake
0.990,-1.999,1.999,227.789,71.951,-123.463,Shake
0.772,-1.999,1.557,249.690,286.685,78.234,Shake
0.231,-1.792,1.077,286.685,286.685,128.091,Shake
0.028,-1.843,1.162,286.685,286.685,197.452,Shake
0.722,-1.999,1.188,286.685,286.685,286.685,Shake
1.998,-1.999,1.589,285.784,286.685,286.685,Shake
1.998,-0.925,0.960,-185.754,286.685,94.211,Shake
1.998,1.684,-0.845,-286.685,286.685,-42.621,Shake
1.996,0.872,-1.997,44.153,286.685,-147.044,Shake
1.339,0.089,-1.997,286.685,-155.610,-140.971,Shake
0.942,-0.172,-1.288,-99.076,-286.685,-203.376,Shake
0.928,-0.581,-0.579,-261.809,-286.685,-285.504,Shake
1.535,-1.937,0.272,-286.685,-286.685,-286.685,Shake
1.971,-1.932,1.700,-270.261,-286.685,-285.224,Shake
1.079,-1.110,1.999,-286.685,-286.685,-286.685,Shake
1.998,-1.999,1.999,-175.753,-247.406,-286.685,Shake
1.154,-1.999,1.999,173.688,-208.871,-178.614,Shake
0.679,-1.944,1.999,116.952,115.010,-74.848,Shake
0.224,-1.890,1.410,189.945,286.685,38.342,Shake
-0.152,-1.650,1.295,286.685,286.685,198.879,Shake
0.687,-1.922,1.322,286.685,286.685,286.475,Shake
1.630,-1.999,1.200,286.685,286.685,286.685,Shake
1.998,-1.902,1.070,256.996,286.685,246.811,Shake
1.998,-0.102,-0.003,-194.416,286.685,45.054,Shake
1.998,0.877,-1.946,-105.254,286.685,-67.060,Shake
1.998,0.847,-1.997,259.175,270.620,-48.475,Shake
1.480,0.031,-1.936,206.631,-286.580,-186.008,Shake
0.855,-0.490,-0.884,-279.142,-286.685,-285.749,Shake
1.451,-1.874,-0.293,-286.685,-286.685,-286.685,Shake
1.969,-1.999,0.305,-240.511,-286.685,-286.685,Shake
1.998,-1.993,1.999,-66.561,-286.685,-260.120,Shake
1.096,-1.730,1.999,-286.685,-284.279,-286.685,Shake
1.988,-1.999,1.999,-134.383,-105.359,-286.685,Shake
0.485,-1.997,1.999,286.615,-3.019,-3.325,Shake
0.717,-1.839,1.682,276.483,286.685,27.458,Shake
0.288,-1.785,0.937,286.685,286.685,95.331,Shake
0.147,-1.847,1.152,286.685,286.685,248.054,Shake
1.103,-1.999,1.009,286.685,286.685,286.685,Shake
1.998,-1.929,0.751,275.966,286.685,180.548,Shake
1.998,-0.723,-0.003,2.765,286.685,7.350,Shake
1.998,0.422,-1.722,-182.779,286.685,-74.217,Shake
1.750,0.522,-1.997,231.385,250.583,-55.615,Shake
1.222,-0.052,-1.905,92.662,-286.361,-142.398,Shake
0.616,-0.636,-1.156,-232.409,-286.685,-235.279,Shake
1.001,-1.539,-0.321,-286.685,-286.685,-286.685,Shake
1.811,-1.999,0.259,-286.685,-286.685,-286.685,Shake
1.998,-1.695,1.999,-139.589,-286.685,-222.801,Shake
1.083,-1.131,1.999,-286.685,-276.675,-286.685,Shake
1.998,-1.999,1.999,-63.893,-194.495,-286.685,Shake
1.209,-1.999,1.999,216.125,-263.830,-143.762,Shake
0.418,-1.907,1.999,166.906,216.396,46.410,Shake
0.345,-1.681,0.943,229.679,286.685,136.439,Shake
-0.010,-1.445,1.034,286.685,286.685,273.490,Shake
0.412,-1.529,1.152,286.685,286.685,286.685,Shake
1.559,-1.939,0.827,286.685,286.685,286.685,Shake
1.998,-1.581,0.600,238.087,286.685,168.026,Shake
1.998,-0.236,-0.438,-42.954,286.685,-14.805,Shake
1.998,0.193,-1.371,-50.234,286.685,-78.024,Shake
1.911,0.280,-1.997,227.859,262.745,-62.694,Shake
1.407,-0.128,-1.980,-5.154,-286.624,-160.116,Shake
1.151,-0.551,-0.606,-230.816,-286.685,-278.617,Shake
1.367,-1.523,0.554,-286.685,-286.685,-286.685,Shake
1.657,-1.999,0.828,-286.685,-286.685,-286.685,Shake
1.882,-1.835,1.999,-286.685,-286.685,-286.685,Shake
1.816,-1.917,1.999,-286.685,-285.705,-286.685,Shake
1.693,-1.999,1.999,-22.986,-201.092,-286.659,Shake
0.786,-1.999,1.999,280.717,71.706,-28.236,Shake
1.027,-1.999,1.992,262.640,286.685,9.205,Shake
0.392,-1.856,1.284,286.685,286.685,69.379,Shake
0.099,-1.675,1.478,286.685,286.685,204.514,Shake
1.118,-1.999,1.070,286.685,286.685,269.281,Shake
1.932,-1.999,1.049,286.685,286.685,243.066,Shake
1.998,-1.091,0.459,78.645,286.685,52.097,Shake
1.998,0.079,-0.393,-211.706,286.685,-64.558,Shake
1.998,0.581,-1.895,-101.334,286.685,-116.174,Shake
1.941,0.443,-1.997,240.048,268.809,-121.923,Shake
1.142,-0.147,-1.979,181.921,-286.029,-179.883,Shake
0.995,-0.661,-0.880,-268.091,-286.685,-283.754,Shake
1.685,-1.999,0.103,-286.685,-286.685,-286.685,Shake
1.998,-1.999,0.738,-232.995,-286.685,-286.326,Shake
1.837,-0.741,1.999,-225.059,-286.685,-251.755,Shake
1.684,-1.627,1.999,-286.685,-267.689,-286.685,Shake
1.719,-1.999,1.999,73.780,-254.432,-262.342,Shake
0.404,-1.564,1.999,201.539,96.793,110.110,Shake
0.691,-1.649,1.252,162.006,286.685,137.655,Shake
0.456,-1.519,0.539,277.795,286.685,216.090,Shake
0.415,-1.416,1.056,286.685,286.685,286.685,Shake
1.397,-1.671,1.084,286.685,286.685,252.726,Shake
1.998,-1.259,0.677,108.378,286.685,114.363,Shake
1.998,-0.451,0.089,-112.411,286.685,49.787,Shake
1.998,0.661,-1.356,-178.220,286.685,-33.329,Shake
1.988,0.666,-1.997,266.726,272.457,-57.382,Shake
1.251,-0.299,-1.989,266.761,-285.311,-149.599,Shake
0.792,-0.588,-1.374,-87.474,-286.685,-209.151,Shake
1.167,-1.388,-0.498,-279.011,-286.685,-286.685,Shake
1.286,-1.957,0.126,-188.991,-286.685,-286.685,Shake
1.998,-1.205,1.876,13.379,-286.685,-167.869,Shake
0.965,-0.819,1.999,-286.685,-286.685,-286.685,Shake
1.819,-1.928,1.999,-185.027,-154.105,-286.685,Shake
0.937,-1.999,1.999,158.200,-180.005,-231.000,Shake
0.275,-1.850,1.999,204.645,259.761,32.585,Shake
0.480,-1.842,0.759,231.753,286.685,102.944,Shake
-0.136,-1.544,0.912,286.685,286.685,226.844,Shake
0.250,-1.670,1.283,286.685,286.685,286.186,Shake
1.469,-1.718,1.169,286.685,286.685,286.685,Shake
1.998,-1.009,0.639,99.732,286.685,153.011,Shake
1.998,0.456,-0.849,-172.970,286.685,-76.545,Shake
1.998,0.923,-1.911,-87.894,286.685,-157.334,Shake
1.721,0.130,-1.997,285.661,160.492,-189.726,Shake
1.215,-0.835,-1.679,-1.216,-286.685,-232.610,Shake
0.903,-0.858,-0.606,-157.001,-286.685,-286.554,Shake
1.192,-1.809,-0.015,-174.545,-286.685,-286.685,Shake
1.428,-1.659,0.666,-40.171,-286.685,-286.440,Shake
1.293,-0.859,1.999,-105.499,-286.685,-271.994,Shake
1.434,-1.747,1.999,-285.101,-286.685,-286.685,Shake
1.056,-1.997,1.999,120.330,-227.062,-263.900,Shake
0.402,-1.812,1.999,265.099,177.336,100.030,Shake
0.705,-1.816,1.853,199.378,286.685,179.585,Shake
0.417,-1.628,0.821,246.523,286.685,259.726,Shake
0.432,-1.555,0.993,286.685,286.685,286.685,Shake
1.615,-1.820,0.994,270.410,286.685,286.685,Shake
1.998,-1.349,0.680,71.628,286.685,231.753,Shake
1.998,0.249,-0.672,-272.948,286.685,98.438,Shake
1.998,1.198,-1.997,91.866,286.685,42.499,Shake
1.680,0.768,-1.997,286.685,-264.513,-110.049,Shake
0.869,-0.485,-1.238,158.742,-286.685,-195.519,Shake
0.752,-1.154,-0.570,-284.786,-286.685,-286.685,Shake
1.179,-1.999,-0.435,-286.685,-286.685,-286.685,Shake
1.998,-1.999,0.126,-127.409,-286.685,-286.685,Shake
1.933,-1.520,1.999,-56.656,-286.685,-285.504,Shake
0.952,-1.450,1.999,-286.685,-230.921,-286.685,Shake
1.820,-1.998,1.999,24.404,-54.171,-286.685,Shake
1.099,-1.720,1.999,286.685,-26.653,-71.488,Shake
0.926,-1.771,1.964,286.685,286.685,83.536,Shake
0.877,-1.878,0.972,286.685,286.685,200.935,Shake
0.775,-1.944,0.731,286.685,286.685,202.913,Shake
1.370,-1.999,1.092,286.685,286.685,98.770,Shake
1.998,-0.954,0.348,72.433,286.685,-69.449,Shake
1.998,1.018,-1.294,-261.984,286.685,-223.038,Shake
1.998,1.599,-1.997,-118.326,286.685,-285.346,Shake
1.375,0.010,-1.997,149.818,-61.985,-286.685,Shake
0.988,-1.398,-1.309,-225.960,-286.685,-286.685,Shake
1.385,-1.973,-0.859,-194.827,-286.685,-286.685,Shake
1.967,-1.616,-0.436,202.283,-286.685,-278.110,Shake
1.998,-0.781,1.253,279.510,-286.685,-108.351,Shake
0.955,-0.794,1.999,-237.379,-286.685,-268.319,Shake
1.592,-1.840,1.999,-286.466,-80.500,-286.685,Shake
1.054,-1.527,1.999,281.426,-193.016,-212.161,Shake
0.867,-1.721,1.999,286.685,251.615,-11.751,Shake
0.941,-1.999,0.998,286.685,286.685,62.545,Shake
0.633,-1.963,1.515,286.685,286.685,211.741,Shake
1.428,-1.995,1.832,286.685,286.685,218.855,Shake
1.998,-0.781,1.187,232.383,286.685,-5.145,Shake
1.998,0.102,0.152,-67.734,286.685,-278.084,Shake
1.998,0.549,-0.733,-97.440,286.685,-286.685,Shake
1.818,0.292,-1.953,12.749,286.685,-286.685,Shake
1.126,-0.223,-1.997,-20.090,23.056,-286.685,Shake
0.934,-0.888,-1.963,-165.550,-286.685,-286.685,Shake
1.034,-1.505,-0.987,-148.592,-286.685,-286.685,Shake
1.580,-1.928,-0.210,-6.965,-286.685,-286.659,Shake
1.998,-0.864,1.866,228.174,-286.685,-148.557,Shake
1.427,-0.979,1.999,-283.544,-286.685,-286.685,Shake
1.953,-1.999,1.999,-275.082,-283.605,-286.685,Shake
1.354,-1.700,1.999,204.146,-238.630,-137.200,Shake
0.863,-1.334,1.999,286.685,77.289,-4.008,Shake
1.113,-1.794,1.312,286.011,286.685,57.846,Shake
0.567,-1.616,1.032,286.685,286.685,148.943,Shake
0.642,-1.615,1.185,286.685,286.685,266.394,Shake
1.413,-1.848,1.219,286.685,286.685,286.685,Shake
1.998,-1.245,1.024,159.451,286.685,155.391,Shake
1.998,-0.123,-0.209,-105.796,286.685,-17.806,Shake
1.766,0.474,-1.805,-27.247,286.685,-110.994,Shake
1.254,0.386,-1.997,182.831,282.406,-138.197,Shake
0.797,-0.176,-1.997,-22.767,-238.166,-274.348,Shake
1.002,-0.838,-1.164,-285.434,-286.685,-286.685,Shake
1.824,-1.993,-0.213,-266.875,-286.685,-286.685,Shake
1.998,-1.747,0.827,-139.178,-286.685,-286.274,Shake
1.756,-1.267,1.999,-244.667,-286.685,-276.246,Shake
1.998,-1.882,1.999,-286.685,-286.685,-286.685,Shake
1.998,-1.999,1.999,-1.540,-286.685,-286.685,Shake
1.435,-1.804,1.999,278.609,132.790,-220.071,Shake
1.595,-1.998,0.917,286.685,286.685,-18.506,Shake
0.905,-1.889,0.875,286.685,286.685,91.586,Shake
0.665,-1.932,1.047,286.685,286.685,196.796,Shake
1.283,-1.999,1.104,286.685,286.685,281.522,Shake
1.991,-1.957,1.299,258.554,286.685,102.926,Shake
1.998,-0.130,0.058,-8.321,286.685,-118.799,Shake
1.967,0.416,-0.845,-160.055,286.685,-236.337,Shake
1.622,0.100,-1.948,-19.451,286.685,-270.594,Shake
1.136,-0.015,-1.997,47.197,88.261,-259.166,Shake
0.611,-0.453,-1.994,-142.083,-281.741,-286.099,Shake
0.846,-1.316,-0.859,-249.008,-286.685,-286.685,Shake
1.615,-1.997,-0.299,-197.741,-286.685,-286.685,Shake
1.998,-1.464,1.264,-20.799,-286.685,-232.365,Shake
1.575,-1.266,1.999,-286.685,-286.685,-286.685,Shake
1.998,-1.785,1.999,-285.521,-244.318,-286.685,Shake
1.703,-1.993,1.999,79.170,-285.031,-286.685,Shake
0.956,-1.999,1.999,286.685,202.545,-114.529,Shake
1.481,-1.999,0.679,277.261,286.685,97.344,Shake
0.947,-1.959,0.827,286.685,286.685,284.848,Shake
0.580,-1.727,1.251,286.685,286.685,286.685,Shake
1.415,-1.961,1.306,286.685,286.685,286.685,Shake
1.998,-1.170,0.673,102.384,286.685,132.536,Shake
1.998,-0.137,-0.306,-122.631,286.685,-24.763,Shake
1.739,0.444,-1.036,-163.590,286.685,-95.007,Shake
1.319,0.469,-1.997,66.570,286.685,-164.535,Shake
0.888,0.258,-1.997,89.162,-203.201,-280.131,Shake
0.941,-0.588,-1.742,-132.072,-286.685,-286.685,Shake
1.887,-1.769,-0.465,-181.204,-286.685,-286.685,Shake
1.998,-1.937,-0.108,-79.573,-286.685,-271.819,Shake
1.998,-1.449,1.999,-62.116,-286.685,-90.309,Shake
1.364,-0.879,1.999,-286.685,-269.281,-286.685,Shake
1.998,-1.975,1.999,-159.372,-126.954,-286.685,Shake
1.951,-1.858,1.999,277.471,-213.518,-268.240,Shake
1.553,-1.730,1.999,279.799,195.134,-125.283,Shake
0.984,-1.838,1.096,235.690,286.685,-0.140,Shake
0.392,-1.739,1.143,286.685,286.685,203.271,Shake
0.590,-1.985,1.018,286.685,286.685,286.685,Shake
1.569,-1.999,1.227,286.685,286.685,245.245,Shake
1.998,-1.253,0.535,71.794,286.685,-13.344,Shake
1.998,0.476,-1.370,-234.736,286.685,-164.798,Shake
1.944,0.876,-1.997,125.720,274.286,-210.779,Shake
0.999,-0.142,-1.997,61.653,-217.796,-284.979,Shake
1.068,-1.072,-0.879,-286.536,-286.685,-285.862,Shake
1.997,-1.522,-0.256,-282.056,-286.685,-286.685,Shake
1.998,-1.999,1.011,-200.244,-286.685,-286.685,Shake
1.428,-1.197,1.999,-282.284,-286.685,-284.883,Shake
1.978,-1.569,1.999,-286.685,-285.976,-286.685,Shake
1.998,-1.999,1.999,-80.159,-233.074,-286.685,Shake
1.120,-1.944,1.999,286.685,83.956,-34.947,Shake
1.377,-1.999,1.558,286.685,286.685,145.110,Shake
1.005,-1.999,0.608,286.685,286.685,274.461,Shake
0.971,-1.966,0.671,286.685,286.685,286.685,Shake
1.738,-1.985,1.078,286.685,286.685,286.685,Shake
1.998,-0.793,0.290,60.979,286.685,129.456,Shake
1.998,0.403,-0.948,-157.150,286.685,-65.039,Shake
1.963,0.861,-1.874,-85.312,286.685,-171.185,Shake
1.309,0.286,-1.997,247.695,150.973,-281.575,Shake
0.752,-0.671,-1.741,-8.085,-286.685,-286.685,Shake
0.998,-1.527,-0.696,-236.189,-286.685,-286.685,Shake
1.564,-1.999,-0.366,-260.383,-286.685,-286.685,Shake
1.998,-1.375,0.508,43.619,-286.685,-253.295,Shake
1.413,-0.331,1.999,-169.199,-286.685,-239.505,Shake
1.974,-1.729,1.996,-286.685,-211.006,-286.685,Shake
1.977,-1.931,1.999,141.173,-284.086,-286.685,Shake
1.360,-1.541,1.999,286.685,79.765,-159.714,Shake
1.681,-1.586,1.803,286.685,286.554,-102.436,Shake
0.958,-1.600,0.801,286.685,286.685,25.638,Shake
0.435,-1.605,1.440,286.685,286.685,138.617,Shake
0.859,-1.852,1.642,286.685,286.685,99.619,Shake
1.998,-1.999,1.679,286.685,286.685,-9.642,Shake
1.998,-0.398,-0.141,-54.661,286.685,-271.661,Shake
1.979,0.540,-1.182,-249.217,286.685,-286.685,Shake
1.495,0.420,-1.997,-122.771,286.685,-286.685,Shake
0.867,0.163,-1.997,-224.254,-249.533,-286.685,Shake
1.513,-1.356,-1.111,-286.685,-286.685,-286.685,Shake
1.998,-1.999,-0.275,-248.054,-286.685,-286.685,Shake
1.998,-1.252,1.464,-38.763,-286.685,-249.506,Shake
1.402,-1.059,1.999,-286.685,-286.685,-286.685,Shake
1.998,-1.999,1.999,-182.569,-286.685,-286.685,Shake
1.998,-1.999,1.999,277.445,-266.717,-282.013,Shake
1.161,-1.994,1.999,242.288,166.819,-47.959,Shake
1.858,-1.999,1.486,129.815,286.685,208.066,Shake
1.207,-1.999,0.436,203.009,286.685,286.685,Shake
1.016,-1.999,1.030,286.685,286.685,286.685,Shake
1.949,-1.999,1.212,286.685,286.685,286.685,Shake
1.998,-0.994,0.633,24.938,286.685,284.734,Shake
1.998,1.249,-0.585,-285.967,286.685,90.641,Shake
1.998,1.437,-1.795,14.534,286.685,-80.325,Shake
1.829,0.570,-1.997,285.416,204.173,-113.864,Shake
0.894,-0.011,-1.997,272.633,-283.404,-219.914,Shake
0.751,-0.915,-1.255,-135.905,-286.685,-286.685,Shake
1.968,-1.999,-0.779,-233.870,-286.685,-286.685,Shake
1.998,-1.999,-0.425,-25.585,-286.685,-254.931,Shake
1.998,-1.524,1.999,81.016,-286.685,-84.805,Shake
1.884,-1.041,1.999,-286.685,-272.265,-286.685,Shake
1.998,-1.999,1.999,-136.010,-150.841,-286.685,Shake
1.334,-1.644,1.999,286.685,-40.075,-151.410,Shake
1.527,-1.985,1.999,286.685,286.685,-24.587,Shake
1.545,-1.999,0.834,286.685,286.685,123.497,Shake
1.374,-1.992,1.078,286.685,286.685,286.685,Shake
1.628,-1.964,0.793,271.793,286.685,256.375,Shake
1.998,-1.716,0.551,138.197,286.685,129.334,Shake
1.998,-0.260,-0.536,-195.834,286.685,57.864,Shake
1.689,1.543,-1.997,-286.685,286.685,-26.285,Shake
1.253,0.716,-1.997,-191.800,64.575,-286.580,Shake
0.874,-0.212,-1.376,-44.765,-240.056,-286.685,Shake
0.679,-0.629,-1.371,-18.016,-286.685,-286.685,Shake
1.981,-1.453,-0.748,-72.257,-286.685,-286.685,Shake
1.998,-1.999,1.537,-97.344,-286.685,-286.685,Shake
1.109,-1.167,1.999,-286.685,-286.685,-286.685,Shake
1.998,-1.999,1.999,-155.610,-286.685,-286.685,Shake
1.493,-1.999,1.999,163.363,-251.003,-286.685,Shake
1.115,-1.996,1.999,250.075,276.771,-116.051,Shake
0.973,-1.999,0.713,286.685,286.685,145.749,Shake
0.454,-1.979,0.782,286.685,286.685,286.405,Shake
0.584,-1.962,0.949,286.685,286.685,286.685,Shake
1.736,-1.954,0.978,252.928,286.685,286.685,Shake
1.998,-0.433,0.638,-113.269,286.685,209.633,Shake
1.998,1.369,-0.439,-286.685,286.685,7.472,Shake
1.998,1.484,-1.782,-175.481,286.685,-80.482,Shake
1.502,0.536,-1.997,284.979,227.658,-168.087,Shake
0.870,-0.333,-1.979,164.902,-286.291,-282.888,Shake
1.514,-1.178,-0.882,-69.624,-286.685,-286.685,Shake
1.998,-1.999,-0.299,30.056,-286.685,-286.685,Shake
1.998,-1.298,1.559,241.045,-286.685,-188.711,Shake
0.373,-0.597,1.999,-251.466,-286.685,-261.914,Shake
1.998,-1.919,1.999,-286.685,-26.031,-286.685,Shake
1.471,-1.936,1.999,207.471,-270.742,-166.381,Shake
0.798,-1.436,1.999,286.685,222.705,158.314,Shake
1.328,-1.735,1.797,286.685,286.685,210.577,Shake
1.260,-1.895,1.463,286.685,286.685,286.685,Shake
1.998,-1.993,1.603,285.696,286.685,286.685,Shake
1.998,-0.737,0.695,-12.845,286.685,140.298,Shake
1.998,-0.095,0.067,-165.629,286.685,40.897,Shake
1.998,0.660,-1.648,-152.644,286.685,-38.001,Shake
1.955,0.471,-1.997,275.135,231.508,-38.544,Shake
1.233,-0.362,-1.825,126.787,-286.685,-156.914,Shake
0.787,-0.609,-1.034,-66.238,-286.685,-260.969,Shake
1.129,-1.190,-0.840,-197.102,-286.685,-286.685,Shake
1.998,-1.999,-0.292,-85.444,-286.685,-286.685,Shake
1.998,-1.411,1.740,104.239,-286.685,-124.661,Shake
1.301,-0.955,1.999,-286.685,-286.668,-286.676,Shake
1.998,-1.912,1.999,-263.489,-142.441,-286.685,Shake
1.948,-1.736,1.999,286.685,-197.934,-186.200,Shake
1.463,-1.667,1.999,286.685,239.356,-109.777,Shake
1.633,-1.773,0.663,286.685,286.685,-28.324,Shake
0.740,-1.919,0.966,286.685,286.685,153.492,Shake
0.563,-1.952,1.489,286.685,286.685,281.348,Shake
1.951,-1.999,1.595,286.685,286.685,267.584,Shake
1.998,-0.549,0.386,33.460,286.685,8.330,Shake
1.987,0.786,-0.569,-261.013,286.685,-230.230,Shake
1.900,0.890,-1.994,-202.816,286.685,-285.267,Shake
1.420,0.457,-1.997,-148.094,271.932,-286.685,Shake
0.932,-0.404,-1.652,-180.854,-273.455,-286.685,Shake
0.646,-0.437,-0.931,-81.786,-286.685,-286.685,Shake
1.790,-1.467,-0.680,-14.674,-286.685,-286.685,Shake
1.998,-1.758,1.755,-9.949,-286.685,-286.685,Shake
1.899,-1.693,1.999,-248.999,-286.685,-286.685,Shake
1.998,-1.999,1.999,-156.091,-286.685,-286.685,Shake
1.405,-1.999,1.999,279.484,-170.266,-285.206,Shake
1.329,-1.999,1.999,286.685,285.810,46.900,Shake
1.319,-1.999,1.435,286.685,286.685,286.099,Shake
1.145,-1.999,1.309,286.685,286.685,286.685,Shake
1.981,-1.993,1.270,286.685,286.685,286.685,Shake
1.998,-1.001,0.600,63.429,286.685,191.117,Shake
1.998,0.356,-0.198,-241.360,286.685,15.549,Shake
1.998,0.811,-0.932,-285.513,286.685,-71.269,Shake
1.868,1.094,-1.997,28.647,277.909,-108.806,Shake
1.070,-0.119,-1.606,103.574,-283.693,-237.003,Shake
0.761,-0.568,-0.936,-121.231,-286.685,-286.685,Shake
1.677,-1.687,-0.609,-185.273,-286.685,-286.685,Shake
1.998,-1.864,-0.163,-125.493,-286.685,-286.685,Shake
1.997,-1.630,1.999,-128.065,-286.685,-286.685,Shake
1.631,-1.650,1.999,-286.685,-277.786,-286.685,Shake
1.998,-1.999,1.999,248.238,-155.199,-286.685,Shake
1.315,-1.999,1.999,286.685,147.595,-61.836,Shake
1.296,-1.999,1.952,286.685,286.685,203.621,Shake
1.254,-1.997,1.597,286.685,286.685,284.830,Shake
1.668,-1.853,1.424,286.685,286.685,285.513,Shake
1.998,-1.274,1.026,192.509,286.685,170.214,Shake
1.998,-0.422,0.271,-47.014,286.685,14.998,Shake
1.998,0.419,-0.282,-221.777,286.685,-51.083,Shake
1.998,0.894,-1.995,-89.171,286.685,-108.386,Shake
1.766,0.525,-1.997,141.216,-121.161,-202.247,Shake
1.297,-0.399,-1.616,-77.927,-286.685,-286.685,Shake
1.140,-0.747,-0.749,-132.738,-286.685,-286.685,Shake
1.998,-1.984,-0.217,-113.277,-286.685,-286.685,Shake
1.998,-1.999,1.603,-73.220,-286.685,-286.685,Shake
1.128,-1.207,1.999,-286.685,-286.685,-286.685,Shake
1.998,-1.999,1.999,-45.465,-131.337,-286.685,Shake
1.859,-1.870,1.999,286.685,-135.660,-103.294,Shake
1.109,-1.801,1.999,285.443,182.560,-58.476,Shake
0.584,-1.837,1.618,282.529,286.685,-0.262,Shake
0.243,-1.748,1.575,286.685,286.685,148.208,Shake
1.519,-1.999,1.240,286.685,286.685,171.106,Shake
1.828,-1.716,1.000,207.812,286.685,124.582,Shake
1.998,-0.110,0.314,-251.598,286.685,-42.752,Shake
1.998,1.191,-0.635,-286.685,286.685,-69.527,Shake
1.998,1.566,-1.997,-97.860,286.685,-164.316,Shake
1.569,0.763,-1.997,267.837,119.691,-224.096,Shake
1.133,-0.511,-1.582,99.155,-286.685,-286.685,Shake
1.700,-1.429,-0.718,-113.916,-286.685,-286.685,Shake
1.998,-1.983,0.151,-5.241,-286.685,-286.685,Shake
1.998,-1.757,1.418,104.746,-286.685,-285.836,Shake
1.166,-1.074,1.999,-269.474,-286.685,-286.685,Shake
1.998,-1.999,1.999,-186.471,-234.587,-286.685,Shake
1.587,-1.896,1.999,284.051,-224.053,-127.356,Shake
1.401,-1.857,1.999,224.193,283.211,105.105,Shake
1.352,-1.883,1.297,161.070,286.685,167.807,Shake
0.645,-1.867,0.761,230.291,286.685,273.630,Shake
1.233,-1.999,1.321,286.685,286.685,286.685,Shake
1.998,-1.719,1.212,267.908,286.685,286.685,Shake
1.998,-0.384,0.445,14.674,286.685,140.350,Shake
1.998,0.830,-0.751,-190.068,286.685,-7.595,Shake
1.990,0.644,-1.997,155.033,286.685,-19.163,Shake
1.319,0.396,-1.997,286.685,-162.146,-97.440,Shake
0.712,-0.199,-1.696,126.569,-286.685,-249.524,Shake
0.840,-1.197,-0.812,-229.311,-286.685,-286.685,Shake
1.662,-1.999,-0.556,-207.839,-286.685,-286.685,Shake
1.998,-1.454,0.849,170.678,-286.685,-225.076,Shake
1.412,-0.879,1.999,-217.753,-286.685,-248.054,Shake
1.998,-1.910,1.999,-286.685,-206.290,-286.685,Shake
1.998,-1.999,1.999,-232.033,-266.052,-286.685,Shake
1.162,-1.544,1.999,286.685,-82.539,-115.124,Shake
1.637,-1.999,1.670,286.685,286.685,-33.976,Shake
0.845,-1.999,0.386,286.685,286.685,132.081,Shake
0.403,-1.983,0.970,286.685,286.685,286.422,Shake
1.108,-1.999,1.735,286.685,286.685,286.685,Shake
1.998,-1.610,1.343,93.756,286.685,138.924,Shake
1.998,0.827,-0.396,-286.685,286.685,-50.085,Shake
1.998,1.571,-1.912,-283.675,286.685,-83.580,Shake
1.809,0.586,-1.997,-3.745,233.634,-263.095,Shake
1.112,-0.560,-1.174,-101.115,-286.029,-286.685,Shake
0.607,-0.362,-0.804,-73.526,-286.685,-286.685,Shake
1.986,-1.350,-0.634,-40.355,-286.685,-286.685,Shake
1.998,-1.788,0.684,63.394,-286.685,-286.685,Shake
1.552,-0.498,1.999,-111.790,-286.685,-286.685,Shake
1.998,-1.999,1.999,-51.301,-286.685,-286.685,Shake
1.529,-1.612,1.999,281.418,-215.110,-102.489,Shake
1.544,-1.895,1.999,83.948,286.685,144.375,Shake
1.172,-1.506,1.900,104.440,286.685,234.360,Shake
0.764,-1.481,1.251,281.094,286.685,254.730,Shake
1.480,-1.913,0.944,286.685,286.685,283.194,Shake
1.980,-1.313,0.686,129.815,286.685,205.651,Shake
1.998,-0.424,0.294,-159.163,286.685,117.372,Shake
1.998,1.336,-1.788,-286.554,286.685,5.740,Shake
1.963,1.155,-1.997,39.646,126.753,-159.617,Shake
1.499,-0.163,-1.236,81.594,-286.685,-286.606,Shake
0.889,-0.315,-0.871,-23.424,-286.685,-286.685,Shake
1.931,-1.462,-0.379,-10.666,-286.685,-286.685,Shake
1.998,-1.241,1.758,166.495,-286.685,-284.524,Shake
1.551,-1.123,1.999,-279.055,-286.685,-286.685,Shake
1.998,-1.999,1.999,-215.705,-275.966,-286.685,Shake
1.157,-1.587,1.999,234.649,-211.715,-129.684,Shake
1.097,-1.658,1.999,220.938,168.534,-16.730,Shake
0.910,-1.853,1.546,248.202,286.685,107.853,Shake
0.512,-1.749,1.559,286.685,286.685,259.735,Shake
1.530,-1.999,1.505,286.685,286.685,286.685,Shake
1.981,-1.991,1.340,286.685,286.685,286.685,Shake
1.998,-0.566,0.363,87.518,286.685,95.419,Shake
1.967,0.531,-0.767,-54.381,286.685,-65.975,Shake
1.706,0.399,-1.336,80.885,286.685,-181.335,Shake
1.380,0.378,-1.871,174.650,271.259,-254.835,Shake
0.858,-0.363,-1.984,97.353,-225.610,-286.685,Shake
0.634,-1.123,-1.128,-107.511,-286.685,-286.685,Shake
1.516,-1.651,-0.616,-102.147,-286.685,-286.685,Shake
1.998,-1.761,0.572,85.094,-286.685,-216.913,Shake
1.998,-1.120,1.900,101.211,-286.685,-77.376,Shake
1.359,-0.964,1.999,-286.685,-284.734,-286.685,Shake
1.998,-1.999,1.999,-203.254,-209.589,-286.685,Shake
0.981,-1.377,1.999,286.431,-169.715,-7.989,Shake
1.417,-1.664,1.999,286.685,241.649,50.531,Shake
1.290,-1.714,0.723,286.562,286.685,84.936,Shake
0.629,-1.512,0.969,286.685,286.685,197.321,Shake
0.970,-1.807,1.170,286.685,286.685,282.152,Shake
1.972,-1.942,1.080,276.894,286.685,225.776,Shake
1.998,-0.171,0.181,-149.739,286.685,19.731,Shake
1.998,1.193,-0.855,-286.685,286.685,-130.497,Shake
1.910,1.101,-1.997,-155.496,286.169,-177.879,Shake
1.428,0.413,-1.943,90.466,-283.316,-280.052,Shake
1.202,-0.370,-0.976,79.677,-286.685,-286.685,Shake
1.994,-1.534,-0.061,75.679,-286.685,-286.685,Shake
1.998,-1.249,1.725,71.986,-286.685,-281.409,Shake
1.323,-0.923,1.999,-278.521,-286.685,-286.685,Shake
1.977,-1.683,1.999,-79.494,-286.685,-286.685,Shake
1.798,-1.627,1.999,273.052,-282.432,-209.571,Shake
1.359,-1.537,1.999,279.685,230.781,81.646,Shake
1.257,-1.672,1.610,138.276,286.685,139.825,Shake
0.946,-1.829,0.866,262.885,286.685,215.644,Shake
1.045,-1.911,0.743,286.685,286.685,258.081,Shake
1.901,-1.449,0.818,263.497,286.685,227.054,Shake
1.998,-0.073,0.055,-105.192,286.685,103.836,Shake
1.841,1.068,-0.840,-275.756,286.685,-49.140,Shake
1.649,1.122,-1.835,-103.451,286.685,-141.592,Shake
1.076,0.531,-1.997,250.241,-2.861,-259.280,Shake
0.566,-0.546,-1.633,4.655,-286.685,-286.685,Shake
0.867,-1.688,-1.020,-173.180,-286.685,-286.685,Shake
1.222,-1.972,-0.842,60.340,-286.685,-286.685,Shake
1.998,-1.198,0.527,277.419,-286.685,-263.716,Shake
1.965,-0.775,1.999,-61.792,-286.685,-260.934,Shake
1.873,-1.781,1.999,-286.685,-265.676,-286.685,Shake
1.851,-1.816,1.999,184.896,-226.905,-211.960,Shake
1.516,-1.197,1.999,286.685,133.753,54.451,Shake
1.672,-1.160,1.505,258.326,286.685,8.549,Shake
0.793,-1.132,0.851,286.685,286.685,28.989,Shake
0.368,-1.673,1.273,286.685,286.685,110.504,Shake
1.458,-1.999,1.682,286.685,286.685,153.081,Shake
1.959,-1.773,1.297,199.167,286.685,27.886,Shake
1.998,0.660,0.221,-286.099,286.685,-271.250,Shake
1.998,1.411,-1.762,-286.685,286.685,-286.685,Shake
1.734,0.375,-1.997,-14.630,193.760,-258.134,Shake
1.355,-0.585,-1.902,37.231,-283.902,-243.967,Shake
1.258,-0.550,-0.685,-21.315,-286.685,-273.691,Shake
1.998,-1.262,-0.209,26.591,-286.685,-286.685,Shake
1.998,-0.049,1.999,134.540,-286.685,-275.940,Shake
1.998,-1.419,1.999,-286.685,-286.685,-286.685,Shake
1.998,-1.974,1.999,-8.592,-286.571,-276.194,Shake
1.385,-1.328,1.999,173.792,-111.029,46.673,Shake
1.902,-1.103,1.999,112.717,286.685,135.126,Shake
1.164,-1.065,0.874,280.402,286.685,63.455,Shake
0.632,-1.270,1.172,286.685,286.685,46.760,Shake
0.707,-1.967,1.310,286.685,286.685,26.233,Shake
1.579,-1.667,1.063,286.055,286.685,-78.522,Shake
1.998,-0.466,0.300,-56.490,286.685,-283.098,Shake
1.998,0.290,-0.603,-241.360,286.685,-286.685,Shake
1.746,0.703,-1.871,-134.557,286.685,-286.685,Shake
1.080,0.298,-1.997,-1.584,275.669,-286.685,Shake
0.991,-0.930,-1.997,-276.255,-192.019,-286.685,Shake
1.490,-1.699,-1.699,-246.356,-286.685,-286.685,Shake
1.998,-1.467,-1.141,172.349,-286.685,-286.685,Shake
1.998,-0.694,0.488,286.685,-286.685,-286.685,Shake
1.983,-0.690,1.999,-103.871,-286.685,-286.685,Shake
1.998,-1.987,1.999,-286.685,-285.040,-286.685,Shake
1.914,-1.956,1.999,211.417,-284.436,-279.326,Shake
1.222,-1.695,1.999,286.685,202.720,9.660,Shake
1.996,-1.684,1.176,286.685,286.685,57.199,Shake
0.965,-1.418,0.915,286.685,286.685,88.331,Shake
0.844,-1.681,1.387,286.685,286.685,134.208,Shake
1.857,-1.999,1.380,286.685,286.685,125.606,Shake
1.998,-1.869,1.156,279.685,286.685,-110.329,Shake
1.998,0.170,-0.204,-156.678,286.685,-266.805,Shake
1.998,0.973,-1.429,-286.685,286.685,-286.685,Shake
1.740,0.619,-1.997,-59.824,286.685,-286.685,Shake
1.044,-0.381,-1.997,-56.569,-235.716,-286.685,Shake
1.126,-0.851,-1.436,-150.675,-286.685,-286.685,Shake
